image_id,query_id,reason,error,attempts,final_status,last_error
sage/imagesampler-left-1813/sage-imagesampler-left-0.3.0/00002cea7f56acf2/1715281821012454254-sample.jpg,query_002,caption_failed,empty caption from provider,6,inserted_degraded,empty caption from provider
sage/imagesampler-bottom-761/sage-imagesampler-bottom-0.3.5/00002cea7f4b3440/1761955213283463331-bottom_camera.jpg,query_003,caption_failed,empty caption from provider,6,inserted_degraded,empty caption from provider
sage/imagesampler-left-1813/sage-imagesampler-left-0.3.5/00002cea7f56acf2/1748467813092094711-left_camera.jpg,query_003,caption_failed,empty caption from provider,6,inserted_degraded,empty caption from provider
sage/imagesampler-left-1813/sage-imagesampler-left-0.3.0/00002cea7f56acf2/1718281811748982126-sample.jpg,query_001,caption_failed,empty caption from provider,6,inserted_degraded,empty caption from provider
sage/imagesampler-left-1813/sage-imagesampler-left-0.3.5/00002cea7f56acf2/1741820409198421553-left_camera.jpg,query_002,caption_failed,empty caption from provider,6,inserted_degraded,empty caption from provider
sage/imagesampler-mobotix-2727/sage-imagesampler-mobotix-0.3.7/000048b02dd3c427/1766607833653728559-sample.jpg,query_001,caption_failed,empty caption from provider,6,inserted_degraded,empty caption from provider
sage/imagesampler-bottom-2626/sage-imagesampler-bottom-0.3.5/000048b02d3ae300/1765382415428795427-bottom_camera.jpg,query_001,caption_failed,empty caption from provider,6,inserted_degraded,empty caption from provider
sage/imagesampler-bottom-13/sage-imagesampler-bottom-0.3.0/000048b02d3af4a3/1718704818828281583-sample.jpg,query_002,caption_failed,empty caption from provider,6,inserted_degraded,empty caption from provider
sage/imagesampler-bottom-761/sage-imagesampler-bottom-0.3.5/00002cea7f4b3440/1748696410797356254-bottom_camera.jpg,query_003,caption_failed,empty caption from provider,6,inserted_degraded,empty caption from provider
sage/imagesampler-left-1813/sage-imagesampler-left-0.3.5/00002cea7f56acf2/1752252611965607862-left_camera.jpg,query_004,caption_failed,empty caption from provider,6,inserted_degraded,empty caption from provider
sage/imagesampler-bottom-1971/sage-imagesampler-bottom-0.3.0/000048b02dd3c427/1718704808621483293-sample.jpg,query_002,caption_failed,empty caption from provider,6,inserted_degraded,empty caption from provider
sage/imagesampler-top-1274/sage-imagesampler-top-0.3.5/00004cd98fb56d33/1752760804859789976-sample.jpg,query_001,caption_failed,empty caption from provider,6,inserted_degraded,empty caption from provider
sage/imagesampler-mobotix-2727/sage-imagesampler-mobotix-0.3.7/000048b02dd3c427/1765101014643096047-sample.jpg,query_002,caption_failed,empty caption from provider,6,inserted_degraded,empty caption from provider
sage/imagesampler-mobotix-2727/sage-imagesampler-mobotix-0.3.7/000048b02dd3c427/1767081393343901819-sample.jpg,query_001,caption_failed,empty caption from provider,6,inserted_degraded,empty caption from provider
sage/imagesampler-bottom-2933/sage-imagesampler-bottom-0.3.7/000048b02d15bc4c/1756083608280301989-sample.jpg,query_003,caption_failed,empty caption from provider,6,inserted_degraded,empty caption from provider
sage/imagesampler-bottom-2726/sage-imagesampler-bottom-0.3.7/000048b02dd3c427/1739692331883937391-sample.jpg,query_005,caption_failed,empty caption from provider,6,inserted_degraded,empty caption from provider
sage/imagesampler-left-1813/sage-imagesampler-left-0.3.0/00002cea7f56acf2/1726841406734613771-sample.jpg,query_006,caption_failed,empty caption from provider,6,inserted_degraded,empty caption from provider
sage/imagesampler-mobotix-1813/sage-imagesampler-mobotix-0.3.7/00002cea7f56acf2/1755477310869200246-sample.jpg,query_002,caption_failed,empty caption from provider,6,inserted_degraded,empty caption from provider
sage/imagesampler-bottom-2291/sage-imagesampler-bottom-0.3.0/000048b02d3ae337/1715580011666158405-sample.jpg,query_005,caption_failed,empty caption from provider,6,inserted_degraded,empty caption from provider
sage/imagesampler-mobotix-1813/sage-imagesampler-mobotix-0.3.7/00002cea7f56acf2/1756084811483025507-sample.jpg,query_001,caption_failed,empty caption from provider,6,inserted_degraded,empty caption from provider
sage/imagesampler-bottom-1274/sage-imagesampler-bottom-0.3.5/00004cd98fb56d33/1753552806466959926-sample.jpg,query_003,caption_failed,empty caption from provider,6,inserted_degraded,empty caption from provider
sage/imagesampler-bottom-761/sage-imagesampler-bottom-0.3.5/00002cea7f4b3440/1750960812884435412-bottom_camera.jpg,query_007,caption_failed,empty caption from provider,6,inserted_degraded,empty caption from provider
sage/imagesampler-bottom-1738/sage-imagesampler-bottom-0.3.5/000048b02d15bc6d/1741053622937275714-bottom_camera.jpg,query_005,caption_failed,empty caption from provider,6,inserted_degraded,empty caption from provider
sage/imagesampler-mobotix-2727/sage-imagesampler-mobotix-0.3.7/000048b02dd3c427/1765672503609022055-sample.jpg,query_004,caption_failed,empty caption from provider,6,inserted_degraded,empty caption from provider
sage/imagesampler-mobotix-2858/sage-imagesampler-mobotix-0.3.7/000048b02d15bc6d/1764374414384401551-sample.jpg,query_001,caption_failed,empty caption from provider,6,inserted_degraded,empty caption from provider
sage/imagesampler-left-1739/sage-imagesampler-left-0.3.6/000048b02d3ae27a/1744038011118666207-sample.jpg,query_003,caption_failed,empty caption from provider,6,inserted_degraded,empty caption from provider
sage/imagesampler-bottom-2128/sage-imagesampler-bottom-0.3.4/000048b02dd3c637/1712417112059906409-sample.jpg,query_006,caption_failed,empty caption from provider,6,inserted_degraded,empty caption from provider
sage/imagesampler-mobotix-2727/sage-imagesampler-mobotix-0.3.7/000048b02dd3c427/1765671453815527693-sample.jpg,query_003,caption_failed,empty caption from provider,6,inserted_degraded,empty caption from provider
sage/imagesampler-left-1274/sage-imagesampler-left-0.3.5/00004cd98fb56d33/1748696409431057147-sample.jpg,query_004,caption_failed,empty caption from provider,6,inserted_degraded,empty caption from provider
sage/imagesampler-bottom-1731/sage-imagesampler-bottom-0.3.5/000048b02dd3c42d/1749873622664516172-bottom_camera.jpg,query_007,caption_failed,empty caption from provider,6,inserted_degraded,empty caption from provider
sage/imagesampler-bottom-2726/sage-imagesampler-bottom-0.3.7/000048b02dd3c427/1740591606515251691-sample.jpg,query_006,caption_failed,empty caption from provider,6,inserted_degraded,empty caption from provider
sage/imagesampler-bottom-1738/sage-imagesampler-bottom-0.3.0/000048b02d15bc6d/1705777214375876310-sample.jpg,query_007,caption_failed,empty caption from provider,6,inserted_degraded,empty caption from provider
sage/imagesampler-mobotix-2727/sage-imagesampler-mobotix-0.3.7/000048b02dd3c427/1766607133726271625-sample.jpg,query_006,caption_failed,empty caption from provider,6,inserted_degraded,empty caption from provider
sage/imagesampler-mobotix-2727/sage-imagesampler-mobotix-0.3.7/000048b02dd3c427/1766608603139857924-sample.jpg,query_006,caption_failed,empty caption from provider,6,inserted_degraded,empty caption from provider
sage/imagesampler-bottom-2705/sage-imagesampler-bottom-0.3.7/000048b02d3ae2f2/1750960809305507322-sample.jpg,query_010,caption_failed,empty caption from provider,6,inserted_degraded,empty caption from provider
sage/imagesampler-bottom-1739/sage-imagesampler-bottom-0.3.0/000048b02d3ae27a/1718884813711887530-sample.jpg,query_008,caption_failed,empty caption from provider,6,inserted_degraded,empty caption from provider
sage/sage/sage-imagesampler-bottom-0.2.5/000048b02d15c31a/1741282476222463014-sample.jpg,query_009,caption_failed,empty caption from provider,6,inserted_degraded,empty caption from provider
sage/imagesampler-left-1813/sage-imagesampler-left-0.3.5/00002cea7f56acf2/1741819518156924061-left_camera.jpg,query_010,caption_failed,empty caption from provider,6,inserted_degraded,empty caption from provider
sage/imagesampler-left-1274/sage-imagesampler-left-0.3.5/00004cd98fb56d33/1759449606114946173-sample.jpg,query_004,caption_failed,empty caption from provider,6,inserted_degraded,empty caption from provider
sage/imagesampler-mobotix-2727/sage-imagesampler-mobotix-0.3.7/000048b02dd3c427/1764374406603010234-sample.jpg,query_004,caption_failed,empty caption from provider,6,inserted_degraded,empty caption from provider
sage/imagesampler-bottom-1274/sage-imagesampler-bottom-0.3.5/00004cd98fb56d33/1754668805268413031-sample.jpg,query_007,caption_failed,empty caption from provider,6,inserted_degraded,empty caption from provider
sage/imagesampler-mobotix-2715/sage-imagesampler-mobotix-0.3.7/000048b02d3ae2db/1758675612678796213-sample.jpg,query_002,caption_failed,empty caption from provider,6,inserted_degraded,empty caption from provider
sage/imagesampler-bottom-1274/sage-imagesampler-bottom-0.3.5/00004cd98fb56d33/1767247204184512416-sample.jpg,query_009,caption_failed,empty caption from provider,6,inserted_degraded,empty caption from provider
sage/imagesampler-bottom-2681/sage-imagesampler-bottom-0.3.7/000048b02d3ae30a/1739487008775928968-sample.jpg,query_008,caption_failed,empty caption from provider,6,inserted_degraded,empty caption from provider
sage/imagesampler-left-1740/sage-imagesampler-left-0.3.4/000048b02d3ae337/1709294408556439938-sample.jpg,query_004,caption_failed,empty caption from provider,6,inserted_degraded,empty caption from provider
sage/imagesampler-bottom-1971/sage-imagesampler-bottom-0.3.0/000048b02dd3c427/1726023613121008003-sample.jpg,query_010,caption_failed,empty caption from provider,6,inserted_degraded,empty caption from provider
sage/imagesampler-bottom-2933/sage-imagesampler-bottom-0.3.7/000048b02d15bc4c/1754668807465930541-sample.jpg,query_010,caption_failed,empty caption from provider,6,inserted_degraded,empty caption from provider
sage/imagesampler-left-1738/sage-imagesampler-left-0.3.4/000048b02d15bc6d/1717959841741469733-sample.jpg,query_007,caption_failed,empty caption from provider,6,inserted_degraded,empty caption from provider
sage/imagesampler-mobotix-2689/sage-imagesampler-mobotix-0.3.7/000048b02d3ae335/1761843607619787200-sample.jpg,query_003,caption_failed,empty caption from provider,6,inserted_degraded,empty caption from provider
sage/imagesampler-bottom-2851/sage-imagesampler-bottom-0.3.7/000048b02dd3c5b3/1750960810775845029-sample.jpg,query_011,caption_failed,empty caption from provider,6,inserted_degraded,empty caption from provider
sage/imagesampler-left-1274/sage-imagesampler-left-0.3.5/00004cd98fb56d33/1748696409431057147-sample.jpg,query_009,caption_failed,empty caption from provider,6,inserted_degraded,empty caption from provider
sage/imagesampler-bottom-446/sage-imagesampler-bottom-0.3.0/000048b02d35a9b2/1723699809351664204-sample.jpg,query_010,caption_failed,empty caption from provider,6,inserted_degraded,empty caption from provider
sage/imagesampler-mobotix-2727/sage-imagesampler-mobotix-0.3.7/000048b02dd3c427/1765671383237242952-sample.jpg,query_009,caption_failed,empty caption from provider,6,inserted_degraded,empty caption from provider
sage/imagesampler-right-1739/sage-imagesampler-right-0.3.6/000048b02d3ae27a/1750960810282492015-sample.jpg,query_011,caption_failed,empty caption from provider,6,inserted_degraded,empty caption from provider
sage/imagesampler-left-1813/sage-imagesampler-left-0.3.0/00002cea7f56acf2/1723742711241294064-sample.jpg,query_011,caption_failed,empty caption from provider,6,inserted_degraded,empty caption from provider
sage/imagesampler-bottom-2128/sage-imagesampler-bottom-0.3.4/000048b02dd3c637/1708118114635579770-sample.jpg,query_011,caption_failed,empty caption from provider,6,inserted_degraded,empty caption from provider
sage/imagesampler-mobotix-2727/sage-imagesampler-mobotix-0.3.7/000048b02dd3c427/1766607623985604846-sample.jpg,query_011,caption_failed,empty caption from provider,6,inserted_degraded,empty caption from provider
sage/imagesampler-bottom-2128/sage-imagesampler-bottom-0.3.5/000048b02d3af49f/1745238617590569423-bottom_camera.jpg,query_012,caption_failed,empty caption from provider,6,inserted_degraded,empty caption from provider
sage/imagesampler-top-1274/sage-imagesampler-top-0.3.5/00004cd98fb56d33/1761843604752603306-sample.jpg,query_009,caption_failed,empty caption from provider,6,inserted_degraded,empty caption from provider
sage/imagesampler-bottom-2933/sage-imagesampler-bottom-0.3.7/000048b02d15bc4c/1763805607834814655-sample.jpg,query_011,caption_failed,empty caption from provider,6,inserted_degraded,empty caption from provider
sage/imagesampler-bottom-1274/sage-imagesampler-bottom-0.3.4/00004cd98fb56d33/1705086009697206183-sample.jpg,query_011,caption_failed,empty caption from provider,6,inserted_degraded,empty caption from provider
sage/imagesampler-left-1813/sage-imagesampler-left-0.3.0/00002cea7f56acf2/1718282121430591708-sample.jpg,query_012,caption_failed,empty caption from provider,6,inserted_degraded,empty caption from provider
sage/imagesampler-mobotix-2727/sage-imagesampler-mobotix-0.3.7/000048b02dd3c427/1761954610172101892-sample.jpg,query_005,caption_failed,empty caption from provider,6,inserted_degraded,empty caption from provider
sage/imagesampler-bottom-13/sage-imagesampler-bottom-0.3.0/000048b02d3af4a3/1727910017653893599-sample.jpg,query_011,caption_failed,empty caption from provider,6,inserted_degraded,empty caption from provider
sage/imagesampler-mobotix-2727/sage-imagesampler-mobotix-0.3.7/000048b02dd3c427/1752760811424021917-sample.jpg,query_010,caption_failed,empty caption from provider,6,inserted_degraded,empty caption from provider
sage/imagesampler-mobotix-2727/sage-imagesampler-mobotix-0.3.7/000048b02dd3c427/1767081893635124879-sample.jpg,query_009,caption_failed,empty caption from provider,6,inserted_degraded,empty caption from provider
sage/imagesampler-bottom-1739/sage-imagesampler-bottom-0.3.0/000048b02d3ae27a/1705086015294352593-sample.jpg,query_012,caption_failed,empty caption from provider,6,inserted_degraded,empty caption from provider
sage/imagesampler-left-1739/sage-imagesampler-left-0.3.6/000048b02d3ae27a/1753552812182872662-sample.jpg,query_006,caption_failed,empty caption from provider,6,inserted_degraded,empty caption from provider
sage/imagesampler-bottom-1274/sage-imagesampler-bottom-0.3.5/00004cd98fb56d33/1739955612502559513-sample.jpg,query_011,caption_failed,empty caption from provider,6,inserted_degraded,empty caption from provider
sage/imagesampler-left-1813/sage-imagesampler-left-0.3.0/00002cea7f56acf2/1718282411806692269-sample.jpg,query_012,caption_failed,empty caption from provider,6,inserted_degraded,empty caption from provider
sage/imagesampler-bottom-2726/sage-imagesampler-bottom-0.3.7/000048b02dd3c427/1763806207014490118-sample.jpg,query_012,caption_failed,empty caption from provider,6,inserted_degraded,empty caption from provider
sage/imagesampler-bottom-2316/sage-imagesampler-bottom-0.3.5/000048b02d3ae337/1749456096095235072-bottom_camera.jpg,query_012,caption_failed,empty caption from provider,6,inserted_degraded,empty caption from provider
sage/imagesampler-left-1739/sage-imagesampler-left-0.3.6/000048b02d3ae27a/1763737210480099662-sample.jpg,query_010,caption_failed,empty caption from provider,6,inserted_degraded,empty caption from provider
sage/imagesampler-bottom-2726/sage-imagesampler-bottom-0.3.7/000048b02dd3c427/1739692331883937391-sample.jpg,query_013,caption_failed,empty caption from provider,6,inserted_degraded,empty caption from provider
sage/imagesampler-bottom-2854/sage-imagesampler-bottom-0.3.7/000048b02d15bc6d/1755478825491024304-sample.jpg,query_013,caption_failed,empty caption from provider,6,inserted_degraded,empty caption from provider
sage/imagesampler-bottom-2626/sage-imagesampler-bottom-0.3.5/000048b02d3ae300/1759932014760337018-bottom_camera.jpg,query_013,caption_failed,empty caption from provider,6,inserted_degraded,empty caption from provider
sage/imagesampler-mobotix-2727/sage-imagesampler-mobotix-0.3.7/000048b02dd3c427/1766608113002622481-sample.jpg,query_012,caption_failed,empty caption from provider,6,inserted_degraded,empty caption from provider
sage/imagesampler-left-1739/sage-imagesampler-left-0.3.5/000048b02d3ae27a/1733367607335569379-sample.jpg,query_012,caption_failed,empty caption from provider,6,inserted_degraded,empty caption from provider
sage/imagesampler-mobotix-2727/sage-imagesampler-mobotix-0.3.7/000048b02dd3c427/1767081605244111136-sample.jpg,query_011,caption_failed,empty caption from provider,6,inserted_degraded,empty caption from provider
sage/imagesampler-left-1813/sage-imagesampler-left-0.3.0/00002cea7f56acf2/1717960511770739081-sample.jpg,query_014,caption_failed,empty caption from provider,6,inserted_degraded,empty caption from provider
sage/imagesampler-bottom-2316/sage-imagesampler-bottom-0.3.0/000048b02d3ae337/1728500432717642257-sample.jpg,query_013,caption_failed,empty caption from provider,6,inserted_degraded,empty caption from provider
sage/sage/sage-imagesampler-bottom-0.2.5/000048b02d15c31a/1717959917952102042-sample.jpg,query_013,caption_failed,empty caption from provider,6,inserted_degraded,empty caption from provider
sage/imagesampler-bottom-2628/sage-imagesampler-bottom-0.3.5/000048b02d3ae2e2/1742979651129626142-bottom_camera.jpg,query_013,caption_failed,empty caption from provider,6,inserted_degraded,empty caption from provider
sage/imagesampler-bottom-2726/sage-imagesampler-bottom-0.3.7/000048b02dd3c427/1739544012480959883-sample.jpg,query_013,caption_failed,empty caption from provider,6,inserted_degraded,empty caption from provider
sage/imagesampler-mobotix-2727/sage-imagesampler-mobotix-0.3.7/000048b02dd3c427/1763806206542080527-sample.jpg,query_010,caption_failed,empty caption from provider,6,inserted_degraded,empty caption from provider
sage/imagesampler-top-13/sage-imagesampler-top-0.3.5/000048b02d3af4a3/1770940821862798683-top_camera.jpg,query_013,caption_failed,empty caption from provider,6,inserted_degraded,empty caption from provider
sage/imagesampler-bottom-1274/sage-imagesampler-bottom-0.3.5/00004cd98fb56d33/1750075206099838392-sample.jpg,query_013,caption_failed,empty caption from provider,6,inserted_degraded,empty caption from provider
sage/imagesampler-top-2634/sage-imagesampler-top-0.3.5/000048b02d3ae335/1733065230216449232-top_camera.jpg,query_015,caption_failed,empty caption from provider,6,inserted_degraded,empty caption from provider
sage/imagesampler-bottom-2726/sage-imagesampler-bottom-0.3.7/000048b02dd3c427/1741820045467817217-sample.jpg,query_013,caption_failed,empty caption from provider,6,inserted_degraded,empty caption from provider
sage/imagesampler-left-1813/sage-imagesampler-left-0.3.5/00002cea7f56acf2/1752687322765023701-left_camera.jpg,query_015,caption_failed,empty caption from provider,6,inserted_degraded,empty caption from provider
sage/imagesampler-bottom-2626/sage-imagesampler-bottom-0.3.5/000048b02d3ae300/1759449614870466996-bottom_camera.jpg,query_014,caption_failed,empty caption from provider,6,inserted_degraded,empty caption from provider
sage/imagesampler-bottom-2726/sage-imagesampler-bottom-0.3.7/000048b02dd3c427/1741726685900100869-sample.jpg,query_015,caption_failed,empty caption from provider,6,inserted_degraded,empty caption from provider
sage/imagesampler-bottom-2688/sage-imagesampler-bottom-0.3.7/000048b02d3ae335/1767081609765074503-sample.jpg,query_016,caption_failed,empty caption from provider,6,inserted_degraded,empty caption from provider
sage/imagesampler-bottom-2681/sage-imagesampler-bottom-0.3.7/000048b02d3ae30a/1739543409278519242-sample.jpg,query_015,caption_failed,empty caption from provider,6,inserted_degraded,empty caption from provider
sage/imagesampler-mobotix-1813/sage-imagesampler-mobotix-0.3.7/00002cea7f56acf2/1758676210615607380-sample.jpg,query_010,caption_failed,empty caption from provider,6,inserted_degraded,empty caption from provider
sage/imagesampler-left-1738/sage-imagesampler-left-0.3.4/000048b02d15bc6d/1710982810065473644-sample.jpg,query_009,caption_failed,empty caption from provider,6,inserted_degraded,empty caption from provider
sage/imagesampler-bottom-2705/sage-imagesampler-bottom-0.3.7/000048b02d3ae2f2/1753552808638591765-sample.jpg,query_013,caption_failed,empty caption from provider,6,inserted_degraded,empty caption from provider
sage/imagesampler-bottom-446/sage-imagesampler-bottom-0.3.0/000048b02d35a9b2/1726517713566720797-sample.jpg,query_014,caption_failed,empty caption from provider,6,inserted_degraded,empty caption from provider
sage/imagesampler-bottom-2632/sage-imagesampler-bottom-0.3.5/000048b02d35a9b2/1744624831047424416-bottom_camera.jpg,query_016,caption_failed,empty caption from provider,6,inserted_degraded,empty caption from provider
sage/imagesampler-bottom-2711/sage-imagesampler-bottom-0.3.7/000048b02d3ae2db/1752760810952010418-sample.jpg,query_015,caption_failed,empty caption from provider,6,inserted_degraded,empty caption from provider
sage/imagesampler-bottom-2726/sage-imagesampler-bottom-0.3.7/000048b02dd3c427/1739544492159074367-sample.jpg,query_016,caption_failed,empty caption from provider,6,inserted_degraded,empty caption from provider
sage/imagesampler-bottom-1731/sage-imagesampler-bottom-0.3.5/000048b02d3b1313/1763737207287394063-bottom_camera.jpg,query_017,caption_failed,empty caption from provider,6,inserted_degraded,empty caption from provider
sage/imagesampler-left-1739/sage-imagesampler-left-0.3.6/000048b02d3ae27a/1753682421292519901-sample.jpg,query_014,caption_failed,empty caption from provider,6,inserted_degraded,empty caption from provider
sage/imagesampler-bottom-2681/sage-imagesampler-bottom-0.3.7/000048b02d3ae30a/1739543409278519242-sample.jpg,query_017,caption_failed,empty caption from provider,6,inserted_degraded,empty caption from provider
sage/imagesampler-mobotix-2858/sage-imagesampler-mobotix-0.3.7/000048b02d15bc6d/1763737221254055232-sample.jpg,query_012,caption_failed,empty caption from provider,6,inserted_degraded,empty caption from provider
sage/imagesampler-bottom-1739/sage-imagesampler-bottom-0.3.5/000048b02d3ae27a/1761843611706876592-bottom_camera.jpg,query_016,caption_failed,empty caption from provider,6,inserted_degraded,empty caption from provider
sage/imagesampler-bottom-2711/sage-imagesampler-bottom-0.3.7/000048b02d3ae2db/1752760810952010418-sample.jpg,query_017,caption_failed,empty caption from provider,6,inserted_degraded,empty caption from provider
sage/imagesampler-bottom-2316/sage-imagesampler-bottom-0.3.5/000048b02d3ae337/1763805614617040475-bottom_camera.jpg,query_018,caption_failed,empty caption from provider,6,inserted_degraded,empty caption from provider
sage/imagesampler-mobotix-1813/sage-imagesampler-mobotix-0.3.7/00002cea7f56acf2/1760435111922293659-sample.jpg,query_015,caption_failed,empty caption from provider,6,inserted_degraded,empty caption from provider
sage/imagesampler-bottom-2626/sage-imagesampler-bottom-0.3.5/000048b02d3ae300/1761955215150370932-bottom_camera.jpg,query_018,caption_failed,empty caption from provider,6,inserted_degraded,empty caption from provider
sage/imagesampler-left-2291/sage-imagesampler-left-0.3.4/000048b02d3ae337/1717491610201574166-sample.jpg,query_015,caption_failed,empty caption from provider,6,inserted_degraded,empty caption from provider
sage/imagesampler-mobotix-1813/sage-imagesampler-mobotix-0.3.7/00002cea7f56acf2/1757991010462488037-sample.jpg,query_014,caption_failed,empty caption from provider,6,inserted_degraded,empty caption from provider
sage/imagesampler-bottom-2128/sage-imagesampler-bottom-0.3.4/000048b02dd3c637/1712416812003945127-sample.jpg,query_019,caption_failed,empty caption from provider,6,inserted_degraded,empty caption from provider
sage/imagesampler-mobotix-2727/sage-imagesampler-mobotix-0.3.7/000048b02dd3c427/1761843609907756931-sample.jpg,query_015,caption_failed,empty caption from provider,6,inserted_degraded,empty caption from provider
sage/imagesampler-left-1274/sage-imagesampler-left-0.3.5/00004cd98fb56d33/1748696409431057147-sample.jpg,query_016,caption_failed,empty caption from provider,6,inserted_degraded,empty caption from provider
sage/imagesampler-mobotix-2727/sage-imagesampler-mobotix-0.3.7/000048b02dd3c427/1765671733147718199-sample.jpg,query_016,caption_failed,empty caption from provider,6,inserted_degraded,empty caption from provider
sage/imagesampler-bottom-2688/sage-imagesampler-bottom-0.3.7/000048b02d3ae335/1761843606648110692-sample.jpg,query_019,caption_failed,empty caption from provider,6,inserted_degraded,empty caption from provider
sage/imagesampler-bottom-1274/sage-imagesampler-bottom-0.3.5/00004cd98fb56d33/1747476006797128400-sample.jpg,query_018,caption_failed,empty caption from provider,6,inserted_degraded,empty caption from provider
sage/imagesampler-bottom-2681/sage-imagesampler-bottom-0.3.7/000048b02d3ae30a/1748696406603179413-sample.jpg,query_018,caption_failed,empty caption from provider,6,inserted_degraded,empty caption from provider
sage/imagesampler-bottom-2705/sage-imagesampler-bottom-0.3.7/000048b02d3ae2f2/1760781613326394851-sample.jpg,query_020,caption_failed,empty caption from provider,6,inserted_degraded,empty caption from provider
sage/imagesampler-left-1274/sage-imagesampler-left-0.3.5/00004cd98fb56d33/1761264006402519336-sample.jpg,query_017,caption_failed,empty caption from provider,6,inserted_degraded,empty caption from provider
sage/imagesampler-bottom-1731/sage-imagesampler-bottom-0.3.5/000048b02dd3c5b3/1743696008252321534-bottom_camera.jpg,query_019,caption_failed,empty caption from provider,6,inserted_degraded,empty caption from provider
sage/imagesampler-left-1738/sage-imagesampler-left-0.3.4/000048b02d15bc6d/1727910010361992665-sample.jpg,query_014,caption_failed,empty caption from provider,6,inserted_degraded,empty caption from provider
sage/imagesampler-left-1813/sage-imagesampler-left-0.3.5/00002cea7f56acf2/1741820117896645650-left_camera.jpg,query_020,caption_failed,empty caption from provider,6,inserted_degraded,empty caption from provider
sage/imagesampler-bottom-2681/sage-imagesampler-bottom-0.3.7/000048b02d3ae30a/1738866610196912274-sample.jpg,query_019,caption_failed,empty caption from provider,6,inserted_degraded,empty caption from provider
sage/imagesampler-bottom-2726/sage-imagesampler-bottom-0.3.7/000048b02dd3c427/1741390806145551585-sample.jpg,query_019,caption_failed,empty caption from provider,6,inserted_degraded,empty caption from provider
sage/imagesampler-mobotix-1813/sage-imagesampler-mobotix-0.3.7/00002cea7f56acf2/1754715312008540896-sample.jpg,query_018,caption_failed,empty caption from provider,6,inserted_degraded,empty caption from provider
sage/imagesampler-bottom-2681/sage-imagesampler-bottom-0.3.7/000048b02d3ae30a/1742301611809741513-sample.jpg,query_019,caption_failed,empty caption from provider,6,inserted_degraded,empty caption from provider
sage/imagesampler-bottom-484/sage-imagesampler-bottom-0.3.0/000048b02d3ae300/1707465608434955749-sample.jpg,query_020,caption_failed,empty caption from provider,6,inserted_degraded,empty caption from provider
sage/imagesampler-bottom-2854/sage-imagesampler-bottom-0.3.7/000048b02d15bc6d/1750960806248447083-sample.jpg,query_019,caption_failed,empty caption from provider,6,inserted_degraded,empty caption from provider
sage/imagesampler-bottom-2726/sage-imagesampler-bottom-0.3.7/000048b02dd3c427/1741389606458000746-sample.jpg,query_020,caption_failed,empty caption from provider,6,inserted_degraded,empty caption from provider
sage/imagesampler-mobotix-2727/sage-imagesampler-mobotix-0.3.7/000048b02dd3c427/1765384114062919593-sample.jpg,query_017,caption_failed,empty caption from provider,6,inserted_degraded,empty caption from provider
sage/imagesampler-mobotix-2689/sage-imagesampler-mobotix-0.3.7/000048b02d3ae335/1763409610988631002-sample.jpg,query_015,caption_failed,empty caption from provider,6,inserted_degraded,empty caption from provider
sage/imagesampler-mobotix-2727/sage-imagesampler-mobotix-0.3.7/000048b02dd3c427/1765383764133589872-sample.jpg,query_018,caption_failed,empty caption from provider,6,inserted_degraded,empty caption from provider
sage/sage/sage-imagesampler-bottom-0.2.5/000048b02d15c31a/1741282476222463014-sample.jpg,query_020,caption_failed,empty caption from provider,6,inserted_degraded,empty caption from provider
sage/imagesampler-bottom-2626/sage-imagesampler-bottom-0.3.5/000048b02d3ae300/1759932014760337018-bottom_camera.jpg,query_021,caption_failed,empty caption from provider,6,inserted_degraded,empty caption from provider
sage/imagesampler-bottom-2711/sage-imagesampler-bottom-0.3.7/000048b02d3ae2db/1768906811222687661-sample.jpg,query_021,caption_failed,empty caption from provider,6,inserted_degraded,empty caption from provider
sage/imagesampler-bottom-2128/sage-imagesampler-bottom-0.3.4/000048b02dd3c637/1708601114271348094-sample.jpg,query_020,caption_failed,empty caption from provider,6,inserted_degraded,empty caption from provider
sage/imagesampler-left-1813/sage-imagesampler-left-0.3.0/00002cea7f56acf2/1713406811833862687-sample.jpg,query_022,caption_failed,empty caption from provider,6,inserted_degraded,empty caption from provider
sage/imagesampler-bottom-2705/sage-imagesampler-bottom-0.3.7/000048b02d3ae2f2/1765141209848607308-sample.jpg,query_022,caption_failed,empty caption from provider,6,inserted_degraded,empty caption from provider
sage/imagesampler-mobotix-2727/sage-imagesampler-mobotix-0.3.7/000048b02dd3c427/1767081323819454221-sample.jpg,query_018,caption_failed,empty caption from provider,6,inserted_degraded,empty caption from provider
sage/imagesampler-mobotix-1813/sage-imagesampler-mobotix-0.3.7/00002cea7f56acf2/1760781310975208891-sample.jpg,query_016,caption_failed,empty caption from provider,6,inserted_degraded,empty caption from provider
sage/imagesampler-bottom-2933/sage-imagesampler-bottom-0.3.7/000048b02d15bc4c/1759449605682216819-sample.jpg,query_021,caption_failed,empty caption from provider,6,inserted_degraded,empty caption from provider
sage/imagesampler-left-1739/sage-imagesampler-left-0.3.4/000048b02d3ae27a/1718445612501457590-sample.jpg,query_018,caption_failed,empty caption from provider,6,inserted_degraded,empty caption from provider
sage/imagesampler-bottom-2316/sage-imagesampler-bottom-0.3.5/000048b02d3ae337/1758744010390978263-bottom_camera.jpg,query_021,caption_failed,empty caption from provider,6,inserted_degraded,empty caption from provider
sage/imagesampler-bottom-2726/sage-imagesampler-bottom-0.3.7/000048b02dd3c427/1739693652385003757-sample.jpg,query_022,caption_failed,empty caption from provider,6,inserted_degraded,empty caption from provider
sage/imagesampler-left-1274/sage-imagesampler-left-0.3.5/00004cd98fb56d33/1744624804934198524-sample.jpg,query_021,caption_failed,empty caption from provider,6,inserted_degraded,empty caption from provider
sage/imagesampler-mobotix-1813/sage-imagesampler-mobotix-0.3.7/00002cea7f56acf2/1757181911568495159-sample.jpg,query_019,caption_failed,empty caption from provider,6,inserted_degraded,empty caption from provider
sage/imagesampler-bottom-2726/sage-imagesampler-bottom-0.3.7/000048b02dd3c427/1741053125752823567-sample.jpg,query_023,caption_failed,empty caption from provider,6,inserted_degraded,empty caption from provider
sage/imagesampler-right-1739/sage-imagesampler-right-0.3.6/000048b02d3ae27a/1741726809381629476-sample.jpg,query_023,caption_failed,empty caption from provider,6,inserted_degraded,empty caption from provider
sage/imagesampler-bottom-2726/sage-imagesampler-bottom-0.3.7/000048b02dd3c427/1742787485210065692-sample.jpg,query_022,caption_failed,empty caption from provider,6,inserted_degraded,empty caption from provider
sage/imagesampler-mobotix-2727/sage-imagesampler-mobotix-0.3.7/000048b02dd3c427/1763805614829959088-sample.jpg,query_019,caption_failed,empty caption from provider,6,inserted_degraded,empty caption from provider
sage/imagesampler-left-1813/sage-imagesampler-left-0.3.5/00002cea7f56acf2/1748468112402600791-left_camera.jpg,query_023,caption_failed,empty caption from provider,6,inserted_degraded,empty caption from provider
sage/imagesampler-mobotix-1813/sage-imagesampler-mobotix-0.3.7/00002cea7f56acf2/1760674512210213888-sample.jpg,query_020,caption_failed,empty caption from provider,6,inserted_degraded,empty caption from provider
sage/imagesampler-bottom-1731/sage-imagesampler-bottom-0.3.5/000048b02d3b1313/1765382433454392549-bottom_camera.jpg,query_023,caption_failed,empty caption from provider,6,inserted_degraded,empty caption from provider
sage/imagesampler-bottom-2933/sage-imagesampler-bottom-0.3.7/000048b02d15bc4c/1759932005841148320-sample.jpg,query_023,caption_failed,empty caption from provider,6,inserted_degraded,empty caption from provider
sage/imagesampler-mobotix-2727/sage-imagesampler-mobotix-0.3.7/000048b02dd3c427/1763753105060937130-sample.jpg,query_022,caption_failed,empty caption from provider,6,inserted_degraded,empty caption from provider
sage/imagesampler-mobotix-2727/sage-imagesampler-mobotix-0.3.7/000048b02dd3c427/1753682411682333295-sample.jpg,query_021,caption_failed,empty caption from provider,6,inserted_degraded,empty caption from provider
sage/imagesampler-mobotix-1813/sage-imagesampler-mobotix-0.3.7/00002cea7f56acf2/1760941812097546324-sample.jpg,query_020,caption_failed,empty caption from provider,6,inserted_degraded,empty caption from provider
sage/imagesampler-bottom-4635/sage-imagesampler-bottom-0.3.5/000048b02dd3c637/1754668815269233775-bottom_camera.jpg,query_023,caption_failed,empty caption from provider,6,inserted_degraded,empty caption from provider
sage/imagesampler-left-1813/sage-imagesampler-left-0.3.5/00002cea7f56acf2/1740591008381696699-left_camera.jpg,query_024,caption_failed,empty caption from provider,6,inserted_degraded,empty caption from provider
sage/imagesampler-bottom-2632/sage-imagesampler-bottom-0.3.5/000048b02d35a9b2/1749873613042877504-bottom_camera.jpg,query_023,caption_failed,empty caption from provider,6,inserted_degraded,empty caption from provider
sage/imagesampler-mobotix-2715/sage-imagesampler-mobotix-0.3.7/000048b02d3ae2db/1755478811685448248-sample.jpg,query_018,caption_failed,empty caption from provider,6,inserted_degraded,empty caption from provider
sage/imagesampler-left-1274/sage-imagesampler-left-0.3.5/00004cd98fb56d33/1769914804846044653-sample.jpg,query_021,caption_failed,empty caption from provider,6,inserted_degraded,empty caption from provider
sage/imagesampler-bottom-11/sage-imagesampler-bottom-0.3.0/000048b02d3ae30a/1726225211040757512-sample.jpg,query_024,caption_failed,empty caption from provider,6,inserted_degraded,empty caption from provider
sage/imagesampler-bottom-2711/sage-imagesampler-bottom-0.3.7/000048b02d3ae2db/1750960810764022703-sample.jpg,query_024,caption_failed,empty caption from provider,6,inserted_degraded,empty caption from provider
sage/imagesampler-bottom-4635/sage-imagesampler-bottom-0.3.5/000048b02d3af49f/1753552814487957490-bottom_camera.jpg,query_024,caption_failed,empty caption from provider,6,inserted_degraded,empty caption from provider
sage/imagesampler-mobotix-2727/sage-imagesampler-mobotix-0.3.7/000048b02dd3c427/1764373805188759853-sample.jpg,query_020,caption_failed,empty caption from provider,6,inserted_degraded,empty caption from provider
sage/imagesampler-bottom-2726/sage-imagesampler-bottom-0.3.7/000048b02dd3c427/1739692691589190948-sample.jpg,query_025,caption_failed,empty caption from provider,6,inserted_degraded,empty caption from provider
sage/imagesampler-bottom-1731/sage-imagesampler-bottom-0.3.5/000048b02d3b1313/1764374413986824970-bottom_camera.jpg,query_025,caption_failed,empty caption from provider,6,inserted_degraded,empty caption from provider
sage/imagesampler-mobotix-2727/sage-imagesampler-mobotix-0.3.7/000048b02dd3c427/1761264013030057628-sample.jpg,query_023,caption_failed,empty caption from provider,6,inserted_degraded,empty caption from provider
sage/sage/sage-imagesampler-bottom-0.2.5/000048b02d15c31a/1741282476222463014-sample.jpg,query_024,caption_failed,empty caption from provider,6,inserted_degraded,empty caption from provider
sage/imagesampler-bottom-2726/sage-imagesampler-bottom-0.3.7/000048b02dd3c427/1757182210298502936-sample.jpg,query_026,caption_failed,empty caption from provider,6,inserted_degraded,empty caption from provider
sage/imagesampler-mobotix-2727/sage-imagesampler-mobotix-0.3.7/000048b02dd3c427/1763411110856521753-sample.jpg,query_023,caption_failed,empty caption from provider,6,inserted_degraded,empty caption from provider
sage/imagesampler-bottom-2726/sage-imagesampler-bottom-0.3.7/000048b02dd3c427/1741820045467817217-sample.jpg,query_025,caption_failed,empty caption from provider,6,inserted_degraded,empty caption from provider
sage/imagesampler-top-1274/sage-imagesampler-top-0.3.5/00004cd98fb56d33/1767247205146666218-sample.jpg,query_025,caption_failed,empty caption from provider,6,inserted_degraded,empty caption from provider
sage/imagesampler-bottom-2726/sage-imagesampler-bottom-0.3.7/000048b02dd3c427/1738753212973391611-sample.jpg,query_026,caption_failed,empty caption from provider,6,inserted_degraded,empty caption from provider
sage/imagesampler-bottom-2726/sage-imagesampler-bottom-0.3.7/000048b02dd3c427/1741820525172526382-sample.jpg,query_025,caption_failed,empty caption from provider,6,inserted_degraded,empty caption from provider
sage/imagesampler-mobotix-2727/sage-imagesampler-mobotix-0.3.7/000048b02dd3c427/1765100594553608287-sample.jpg,query_023,caption_failed,empty caption from provider,6,inserted_degraded,empty caption from provider
sage/imagesampler-top-1274/sage-imagesampler-top-0.3.5/00004cd98fb56d33/1765382405940442117-sample.jpg,query_024,caption_failed,empty caption from provider,6,inserted_degraded,empty caption from provider
sage/imagesampler-top-13/sage-imagesampler-top-0.3.5/000048b02d3af4a3/1757991616943061797-top_camera.jpg,query_026,caption_failed,empty caption from provider,6,inserted_degraded,empty caption from provider
sage/imagesampler-right-1739/sage-imagesampler-right-0.3.6/000048b02d3ae27a/1766174413814554760-sample.jpg,query_027,caption_failed,empty caption from provider,6,inserted_degraded,empty caption from provider
sage/imagesampler-right-1739/sage-imagesampler-right-0.3.6/000048b02d3ae27a/1758744010913022447-sample.jpg,query_027,caption_failed,empty caption from provider,6,inserted_degraded,empty caption from provider
sage/imagesampler-mobotix-2858/sage-imagesampler-mobotix-0.3.7/000048b02d15bc6d/1763805611117458932-sample.jpg,query_021,caption_failed,empty caption from provider,6,inserted_degraded,empty caption from provider
sage/imagesampler-left-1813/sage-imagesampler-left-0.3.5/00002cea7f56acf2/1741820107769297769-left_camera.jpg,query_028,caption_failed,empty caption from provider,6,inserted_degraded,empty caption from provider
sage/imagesampler-left-2291/sage-imagesampler-left-0.3.4/000048b02d3ae337/1718445611327319072-sample.jpg,query_025,caption_failed,empty caption from provider,6,inserted_degraded,empty caption from provider
sage/imagesampler-mobotix-2727/sage-imagesampler-mobotix-0.3.7/000048b02dd3c427/1764411904255899862-sample.jpg,query_023,caption_failed,empty caption from provider,6,inserted_degraded,empty caption from provider
sage/imagesampler-bottom-2726/sage-imagesampler-bottom-0.3.7/000048b02dd3c427/1740590645839908985-sample.jpg,query_026,caption_failed,empty caption from provider,6,inserted_degraded,empty caption from provider
sage/imagesampler-left-1813/sage-imagesampler-left-0.3.0/00002cea7f56acf2/1714758021764762475-sample.jpg,query_028,caption_failed,empty caption from provider,6,inserted_degraded,empty caption from provider
sage/imagesampler-left-1813/sage-imagesampler-left-0.3.5/00002cea7f56acf2/1744038017621998293-left_camera.jpg,query_028,caption_failed,empty caption from provider,6,inserted_degraded,empty caption from provider
sage/imagesampler-left-1739/sage-imagesampler-left-0.3.4/000048b02d3ae27a/1711792814832342285-sample.jpg,query_022,caption_failed,empty caption from provider,6,inserted_degraded,empty caption from provider
sage/imagesampler-bottom-1739/sage-imagesampler-bottom-0.3.5/000048b02d3ae27a/1743696267511057325-bottom_camera.jpg,query_026,caption_failed,empty caption from provider,6,inserted_degraded,empty caption from provider
sage/imagesampler-bottom-13/sage-imagesampler-bottom-0.3.5/000048b02d3af4a3/1743696026477294275-bottom_camera.jpg,query_028,caption_failed,empty caption from provider,6,inserted_degraded,empty caption from provider
sage/imagesampler-top-2701/sage-imagesampler-top-0.3.7/000048b02d3ae2f4/1740801610114015253-sample.jpg,query_027,caption_failed,empty caption from provider,6,inserted_degraded,empty caption from provider
sage/imagesampler-left-1813/sage-imagesampler-left-0.3.5/00002cea7f56acf2/1752252611965607862-left_camera.jpg,query_028,caption_failed,empty caption from provider,6,inserted_degraded,empty caption from provider
sage/imagesampler-left-1813/sage-imagesampler-left-0.3.5/00002cea7f56acf2/1744038017621998293-left_camera.jpg,query_029,caption_failed,empty caption from provider,6,inserted_degraded,empty caption from provider
sage/imagesampler-left-1813/sage-imagesampler-left-0.3.0/00002cea7f56acf2/1706463306077135312-sample.jpg,query_029,caption_failed,empty caption from provider,6,inserted_degraded,empty caption from provider
sage/imagesampler-bottom-1739/sage-imagesampler-bottom-0.3.0/000048b02d3ae27a/1711573216234551050-sample.jpg,query_028,caption_failed,empty caption from provider,6,inserted_degraded,empty caption from provider
sage/imagesampler-left-1813/sage-imagesampler-left-0.3.5/00002cea7f56acf2/1748468122529486034-left_camera.jpg,query_029,caption_failed,empty caption from provider,6,inserted_degraded,empty caption from provider
sage/imagesampler-left-1813/sage-imagesampler-left-0.3.5/00002cea7f56acf2/1741820107769297769-left_camera.jpg,query_029,caption_failed,empty caption from provider,6,inserted_degraded,empty caption from provider
sage/imagesampler-left-1274/sage-imagesampler-left-0.3.4/00004cd98fb56d33/1706464807218246946-sample.jpg,query_026,caption_failed,empty caption from provider,6,inserted_degraded,empty caption from provider
sage/imagesampler-mobotix-2727/sage-imagesampler-mobotix-0.3.7/000048b02dd3c427/1765382574282365763-sample.jpg,query_025,caption_failed,empty caption from provider,6,inserted_degraded,empty caption from provider
sage/imagesampler-mobotix-2727/sage-imagesampler-mobotix-0.3.7/000048b02dd3c427/1766173763154803623-sample.jpg,query_027,caption_failed,empty caption from provider,6,inserted_degraded,empty caption from provider
sage/imagesampler-bottom-2688/sage-imagesampler-bottom-0.3.7/000048b02d3ae335/1767081609765074503-sample.jpg,query_029,caption_failed,empty caption from provider,6,inserted_degraded,empty caption from provider
sage/imagesampler-left-1739/sage-imagesampler-left-0.3.6/000048b02d3ae27a/1739955607701838083-sample.jpg,query_024,caption_failed,empty caption from provider,6,inserted_degraded,empty caption from provider
sage/imagesampler-left-1813/sage-imagesampler-left-0.3.5/00002cea7f56acf2/1737401406283496101-left_camera.jpg,query_030,caption_failed,empty caption from provider,6,inserted_degraded,empty caption from provider
sage/imagesampler-mobotix-1813/sage-imagesampler-mobotix-0.3.7/00002cea7f56acf2/1755478511320455889-sample.jpg,query_027,caption_failed,empty caption from provider,6,inserted_degraded,empty caption from provider
sage/imagesampler-bottom-2688/sage-imagesampler-bottom-0.3.7/000048b02d3ae335/1750960811966055569-sample.jpg,query_029,caption_failed,empty caption from provider,6,inserted_degraded,empty caption from provider
sage/imagesampler-bottom-13/sage-imagesampler-bottom-0.3.5/000048b02d3af4a3/1743696013394207263-bottom_camera.jpg,query_030,caption_failed,empty caption from provider,6,inserted_degraded,empty caption from provider
sage/imagesampler-left-1813/sage-imagesampler-left-0.3.0/00002cea7f56acf2/1727911205226631653-sample.jpg,query_031,caption_failed,empty caption from provider,6,inserted_degraded,empty caption from provider
sage/imagesampler-mobotix-2727/sage-imagesampler-mobotix-0.3.7/000048b02dd3c427/1765141054153420101-sample.jpg,query_029,caption_failed,empty caption from provider,6,inserted_degraded,empty caption from provider
sage/imagesampler-mobotix-1813/sage-imagesampler-mobotix-0.3.7/00002cea7f56acf2/1759695310699323558-sample.jpg,query_027,caption_failed,empty caption from provider,6,inserted_degraded,empty caption from provider
sage/imagesampler-mobotix-1813/sage-imagesampler-mobotix-0.3.7/00002cea7f56acf2/1760781612383102735-sample.jpg,query_026,caption_failed,empty caption from provider,6,inserted_degraded,empty caption from provider
sage/imagesampler-mobotix-2715/sage-imagesampler-mobotix-0.3.7/000048b02d3ae2db/1763805609179547312-sample.jpg,query_027,caption_failed,empty caption from provider,6,inserted_degraded,empty caption from provider
sage/imagesampler-bottom-2681/sage-imagesampler-bottom-0.3.7/000048b02d3ae30a/1742301611809741513-sample.jpg,query_030,caption_failed,empty caption from provider,6,inserted_degraded,empty caption from provider
sage/imagesampler-mobotix-1813/sage-imagesampler-mobotix-0.3.7/00002cea7f56acf2/1754692511057223980-sample.jpg,query_029,caption_failed,empty caption from provider,6,inserted_degraded,empty caption from provider
sage/imagesampler-mobotix-1813/sage-imagesampler-mobotix-0.3.7/00002cea7f56acf2/1756867511548160197-sample.jpg,query_028,caption_failed,empty caption from provider,6,inserted_degraded,empty caption from provider
sage/imagesampler-bottom-1971/sage-imagesampler-bottom-0.3.0/000048b02dd3c427/1705777211363606880-sample.jpg,query_029,caption_failed,empty caption from provider,6,inserted_degraded,empty caption from provider
sage/imagesampler-bottom-761/sage-imagesampler-bottom-0.3.0/00002cea7f4b3440/1713405610800831469-sample.jpg,query_033,caption_failed,empty caption from provider,6,inserted_degraded,empty caption from provider
sage/imagesampler-left-1813/sage-imagesampler-left-0.3.5/00002cea7f56acf2/1733065818893566194-left_camera.jpg,query_030,caption_failed,empty caption from provider,6,inserted_degraded,empty caption from provider
sage/imagesampler-bottom-446/sage-imagesampler-bottom-0.3.0/000048b02d35a9b2/1717959615697621109-sample.jpg,query_030,caption_failed,empty caption from provider,6,inserted_degraded,empty caption from provider
sage/imagesampler-bottom-446/sage-imagesampler-bottom-0.3.0/000048b02d35a9b2/1727309722567639650-sample.jpg,query_030,caption_failed,empty caption from provider,6,inserted_degraded,empty caption from provider
sage/imagesampler-bottom-2933/sage-imagesampler-bottom-0.3.7/000048b02d15bc4c/1748696409187123864-sample.jpg,query_030,caption_failed,empty caption from provider,6,inserted_degraded,empty caption from provider
sage/imagesampler-bottom-2726/sage-imagesampler-bottom-0.3.7/000048b02dd3c427/1739543892477579744-sample.jpg,query_031,caption_failed,empty caption from provider,6,inserted_degraded,empty caption from provider
sage/imagesampler-bottom-2711/sage-imagesampler-bottom-0.3.7/000048b02d3ae2db/1744624811689734674-sample.jpg,query_033,caption_failed,empty caption from provider,6,inserted_degraded,empty caption from provider
sage/imagesampler-bottom-2626/sage-imagesampler-bottom-0.3.5/000048b02d3ae300/1753682407978958835-bottom_camera.jpg,query_032,caption_failed,empty caption from provider,6,inserted_degraded,empty caption from provider
sage/imagesampler-bottom-2632/sage-imagesampler-bottom-0.3.5/000048b02d35a9b2/1749873613042877504-bottom_camera.jpg,query_030,caption_failed,empty caption from provider,6,inserted_degraded,empty caption from provider
sage/imagesampler-left-1813/sage-imagesampler-left-0.3.5/00002cea7f56acf2/1744037707242867970-left_camera.jpg,query_033,caption_failed,empty caption from provider,6,inserted_degraded,empty caption from provider
sage/imagesampler-left-1813/sage-imagesampler-left-0.3.0/00002cea7f56acf2/1714573821944477657-sample.jpg,query_034,caption_failed,empty caption from provider,6,inserted_degraded,empty caption from provider
sage/imagesampler-left-1739/sage-imagesampler-left-0.3.6/000048b02d3ae27a/1763805678936447318-sample.jpg,query_029,caption_failed,empty caption from provider,6,inserted_degraded,empty caption from provider
sage/imagesampler-mobotix-2715/sage-imagesampler-mobotix-0.3.7/000048b02d3ae2db/1761843613740923217-sample.jpg,query_028,caption_failed,empty caption from provider,6,inserted_degraded,empty caption from provider
sage/imagesampler-bottom-2711/sage-imagesampler-bottom-0.3.7/000048b02d3ae2db/1760781613558951316-sample.jpg,query_033,caption_failed,empty caption from provider,6,inserted_degraded,empty caption from provider
sage/imagesampler-bottom-2316/sage-imagesampler-bottom-0.3.5/000048b02d3ae337/1759932010487542888-bottom_camera.jpg,query_033,caption_failed,empty caption from provider,6,inserted_degraded,empty caption from provider
sage/imagesampler-left-1274/sage-imagesampler-left-0.3.4/00004cd98fb56d33/1706360406644531982-sample.jpg,query_030,caption_failed,empty caption from provider,6,inserted_degraded,empty caption from provider
sage/imagesampler-left-1813/sage-imagesampler-left-0.3.0/00002cea7f56acf2/1717535711803119486-sample.jpg,query_035,caption_failed,empty caption from provider,6,inserted_degraded,empty caption from provider
sage/imagesampler-bottom-1731/sage-imagesampler-bottom-0.3.5/000048b02d3b1313/1749873607123145166-bottom_camera.jpg,query_033,caption_failed,empty caption from provider,6,inserted_degraded,empty caption from provider
sage/imagesampler-mobotix-2858/sage-imagesampler-mobotix-0.3.7/000048b02d15bc6d/1756083614294240700-sample.jpg,query_026,caption_failed,empty caption from provider,6,inserted_degraded,empty caption from provider
sage/imagesampler-bottom-1731/sage-imagesampler-bottom-0.3.5/000048b02dd3c5b3/1738753213602571064-bottom_camera.jpg,query_033,caption_failed,empty caption from provider,6,inserted_degraded,empty caption from provider
sage/imagesampler-bottom-446/sage-imagesampler-bottom-0.3.0/000048b02d35a9b2/1727310638175124302-sample.jpg,query_032,caption_failed,empty caption from provider,6,inserted_degraded,empty caption from provider
sage/imagesampler-mobotix-2727/sage-imagesampler-mobotix-0.3.7/000048b02dd3c427/1766607693642422926-sample.jpg,query_034,caption_failed,empty caption from provider,6,inserted_degraded,empty caption from provider
sage/imagesampler-left-1813/sage-imagesampler-left-0.3.5/00002cea7f56acf2/1754668521977395446-left_camera.jpg,query_035,caption_failed,empty caption from provider,6,inserted_degraded,empty caption from provider
sage/imagesampler-bottom-2726/sage-imagesampler-bottom-0.3.7/000048b02dd3c427/1741820045467817217-sample.jpg,query_033,caption_failed,empty caption from provider,6,inserted_degraded,empty caption from provider
sage/imagesampler-left-1813/sage-imagesampler-left-0.3.0/00002cea7f56acf2/1726518006299852015-sample.jpg,query_036,caption_failed,empty caption from provider,6,inserted_degraded,empty caption from provider
sage/imagesampler-mobotix-2727/sage-imagesampler-mobotix-0.3.7/000048b02dd3c427/1765101153796648009-sample.jpg,query_029,caption_failed,empty caption from provider,6,inserted_degraded,empty caption from provider
sage/imagesampler-mobotix-2727/sage-imagesampler-mobotix-0.3.7/000048b02dd3c427/1753552811816658180-sample.jpg,query_031,caption_failed,empty caption from provider,6,inserted_degraded,empty caption from provider
sage/imagesampler-bottom-2316/sage-imagesampler-bottom-0.3.5/000048b02d3ae337/1761955212143198179-bottom_camera.jpg,query_034,caption_failed,empty caption from provider,6,inserted_degraded,empty caption from provider
sage/imagesampler-mobotix-2727/sage-imagesampler-mobotix-0.3.7/000048b02dd3c427/1767080343517309473-sample.jpg,query_033,caption_failed,empty caption from provider,6,inserted_degraded,empty caption from provider
sage/imagesampler-left-1813/sage-imagesampler-left-0.3.5/00002cea7f56acf2/1752543022644782069-left_camera.jpg,query_037,caption_failed,empty caption from provider,6,inserted_degraded,empty caption from provider
sage/imagesampler-left-1813/sage-imagesampler-left-0.3.0/00002cea7f56acf2/1714614611162379554-sample.jpg,query_037,caption_failed,empty caption from provider,6,inserted_degraded,empty caption from provider
sage/imagesampler-bottom-446/sage-imagesampler-bottom-0.3.0/000048b02d35a9b2/1715282108627853424-sample.jpg,query_033,caption_failed,empty caption from provider,6,inserted_degraded,empty caption from provider
sage/imagesampler-bottom-1739/sage-imagesampler-bottom-0.3.5/000048b02d3ae27a/1744038013026192361-bottom_camera.jpg,query_034,caption_failed,empty caption from provider,6,inserted_degraded,empty caption from provider
sage/imagesampler-bottom-1739/sage-imagesampler-bottom-0.3.0/000048b02d3ae27a/1711573216234551050-sample.jpg,query_034,caption_failed,empty caption from provider,6,inserted_degraded,empty caption from provider
sage/imagesampler-hanwhaptz-2690/sage-imagesampler-hanwhaptz-0.3.7/000048b02d3ae335/1765382408891715534-sample.jpg,query_038,caption_failed,empty caption from provider,6,inserted_degraded,empty caption from provider
sage/imagesampler-bottom-2316/sage-imagesampler-bottom-0.3.5/000048b02d3ae337/1750960809670345941-bottom_camera.jpg,query_034,caption_failed,empty caption from provider,6,inserted_degraded,empty caption from provider
sage/imagesampler-top-13/sage-imagesampler-top-0.3.5/000048b02d3af4a3/1753682414047678776-top_camera.jpg,query_036,caption_failed,empty caption from provider,6,inserted_degraded,empty caption from provider
sage/imagesampler-bottom-1274/sage-imagesampler-bottom-0.3.5/00004cd98fb56d33/1749873644181461412-sample.jpg,query_036,caption_failed,empty caption from provider,6,inserted_degraded,empty caption from provider
sage/imagesampler-hanwhaptz-2956/sage-imagesampler-hanwhaptz-0.3.7/000048b02dd3c427/1752542412415588913-sample.jpg,query_039,caption_failed,empty caption from provider,6,inserted_degraded,empty caption from provider
sage/imagesampler-bottom-2726/sage-imagesampler-bottom-0.3.7/000048b02dd3c427/1740591245437469239-sample.jpg,query_035,caption_failed,empty caption from provider,6,inserted_degraded,empty caption from provider
sage/imagesampler-bottom-2705/sage-imagesampler-bottom-0.3.7/000048b02d3ae2f2/1759449612673236482-sample.jpg,query_037,caption_failed,empty caption from provider,6,inserted_degraded,empty caption from provider
sage/imagesampler-mobotix-2689/sage-imagesampler-mobotix-0.3.7/000048b02d3ae335/1763409610988631002-sample.jpg,query_030,caption_failed,empty caption from provider,6,inserted_degraded,empty caption from provider
sage/imagesampler-bottom-2854/sage-imagesampler-bottom-0.3.7/000048b02d15bc6d/1761264009654139660-sample.jpg,query_038,caption_failed,empty caption from provider,6,inserted_degraded,empty caption from provider
sage/imagesampler-mobotix-2727/sage-imagesampler-mobotix-0.3.7/000048b02dd3c427/1765382574282365763-sample.jpg,query_032,caption_failed,empty caption from provider,6,inserted_degraded,empty caption from provider
sage/imagesampler-left-1813/sage-imagesampler-left-0.3.5/00002cea7f56acf2/1748126422754737106-left_camera.jpg,query_039,caption_failed,empty caption from provider,6,inserted_degraded,empty caption from provider
sage/imagesampler-bottom-2726/sage-imagesampler-bottom-0.3.7/000048b02dd3c427/1742301006526400136-sample.jpg,query_038,caption_failed,empty caption from provider,6,inserted_degraded,empty caption from provider
sage/imagesampler-top-2701/sage-imagesampler-top-0.3.7/000048b02d3ae2f4/1739692808201208425-sample.jpg,query_037,caption_failed,empty caption from provider,6,inserted_degraded,empty caption from provider
sage/imagesampler-bottom-2711/sage-imagesampler-bottom-0.3.7/000048b02d3ae2db/1752760810952010418-sample.jpg,query_038,caption_failed,empty caption from provider,6,inserted_degraded,empty caption from provider
sage/imagesampler-bottom-2726/sage-imagesampler-bottom-0.3.7/000048b02dd3c427/1742788565506502062-sample.jpg,query_039,caption_failed,empty caption from provider,6,inserted_degraded,empty caption from provider
sage/imagesampler-right-1274/sage-imagesampler-right-0.3.4/00004cd98fb56d33/1704596408531810664-sample.jpg,query_037,caption_failed,empty caption from provider,6,inserted_degraded,empty caption from provider
sage/imagesampler-left-486/sage-imagesampler-left-0.3.4/000048b02d3ae2f4/1704596407228421383-sample.jpg,query_036,caption_failed,empty caption from provider,6,inserted_degraded,empty caption from provider
sage/imagesampler-bottom-2316/sage-imagesampler-bottom-0.3.5/000048b02d3ae337/1758744010390978263-bottom_camera.jpg,query_037,caption_failed,empty caption from provider,6,inserted_degraded,empty caption from provider
sage/imagesampler-bottom-1739/sage-imagesampler-bottom-0.3.5/000048b02d3ae27a/1765382417408415488-bottom_camera.jpg,query_039,caption_failed,empty caption from provider,6,inserted_degraded,empty caption from provider
sage/imagesampler-bottom-2705/sage-imagesampler-bottom-0.3.7/000048b02d3ae2f2/1750075208539745560-sample.jpg,query_039,caption_failed,empty caption from provider,6,inserted_degraded,empty caption from provider
sage/imagesampler-bottom-2316/sage-imagesampler-bottom-0.3.0/000048b02d3ae337/1728500432717642257-sample.jpg,query_039,caption_failed,empty caption from provider,6,inserted_degraded,empty caption from provider
sage/imagesampler-bottom-761/sage-imagesampler-bottom-0.3.5/00002cea7f4b3440/1770940810309764023-bottom_camera.jpg,query_040,caption_failed,empty caption from provider,6,inserted_degraded,empty caption from provider
sage/imagesampler-bottom-2316/sage-imagesampler-bottom-0.3.5/000048b02d3ae337/1765141213291979304-bottom_camera.jpg,query_039,caption_failed,empty caption from provider,6,inserted_degraded,empty caption from provider
sage/sage/sage-imagesampler-bottom-0.2.5/000048b02d15c31a/1741390093910208514-sample.jpg,query_039,caption_failed,empty caption from provider,6,inserted_degraded,empty caption from provider
sage/imagesampler-bottom-2316/sage-imagesampler-bottom-0.3.5/000048b02d3ae337/1753552815590042161-bottom_camera.jpg,query_040,caption_failed,empty caption from provider,6,inserted_degraded,empty caption from provider
sage/imagesampler-mobotix-1813/sage-imagesampler-mobotix-0.3.7/00002cea7f56acf2/1760435711809265045-sample.jpg,query_035,caption_failed,empty caption from provider,6,inserted_degraded,empty caption from provider
sage/imagesampler-bottom-446/sage-imagesampler-bottom-0.3.0/000048b02d35a9b2/1723743008342163964-sample.jpg,query_040,caption_failed,empty caption from provider,6,inserted_degraded,empty caption from provider
sage/imagesampler-mobotix-2727/sage-imagesampler-mobotix-0.3.7/000048b02dd3c427/1766608462932237990-sample.jpg,query_040,caption_failed,empty caption from provider,6,inserted_degraded,empty caption from provider
sage/imagesampler-left-1813/sage-imagesampler-left-0.3.0/00002cea7f56acf2/1727909715557057589-sample.jpg,query_040,caption_failed,empty caption from provider,6,inserted_degraded,empty caption from provider
sage/imagesampler-bottom-2626/sage-imagesampler-bottom-0.3.5/000048b02d3ae300/1765141214841991741-bottom_camera.jpg,query_040,caption_failed,empty caption from provider,6,inserted_degraded,empty caption from provider
sage/imagesampler-left-1813/sage-imagesampler-left-0.3.5/00002cea7f56acf2/1748695513356999632-left_camera.jpg,query_041,caption_failed,empty caption from provider,6,inserted_degraded,empty caption from provider
sage/imagesampler-left-1739/sage-imagesampler-left-0.3.6/000048b02d3ae27a/1739955607701838083-sample.jpg,query_037,caption_failed,empty caption from provider,6,inserted_degraded,empty caption from provider
sage/imagesampler-bottom-2933/sage-imagesampler-bottom-0.3.7/000048b02d15bc4c/1756083608280301989-sample.jpg,query_041,caption_failed,empty caption from provider,6,inserted_degraded,empty caption from provider
sage/imagesampler-left-1738/sage-imagesampler-left-0.3.5/000048b02d15bc6d/1733367608623037430-sample.jpg,query_034,caption_failed,empty caption from provider,6,inserted_degraded,empty caption from provider
sage/imagesampler-mobotix-1813/sage-imagesampler-mobotix-0.3.7/00002cea7f56acf2/1760435711809265045-sample.jpg,query_039,caption_failed,empty caption from provider,6,inserted_degraded,empty caption from provider
sage/imagesampler-bottom-2854/sage-imagesampler-bottom-0.3.7/000048b02d15bc6d/1742980062082694594-sample.jpg,query_040,caption_failed,empty caption from provider,6,inserted_degraded,empty caption from provider
sage/imagesampler-bottom-2933/sage-imagesampler-bottom-0.3.7/000048b02d15bc4c/1765382412861006795-sample.jpg,query_041,caption_failed,empty caption from provider,6,inserted_degraded,empty caption from provider
sage/imagesampler-mobotix-1813/sage-imagesampler-mobotix-0.3.7/00002cea7f56acf2/1759933211736236117-sample.jpg,query_040,caption_failed,empty caption from provider,6,inserted_degraded,empty caption from provider
sage/imagesampler-bottom-2726/sage-imagesampler-bottom-0.3.7/000048b02dd3c427/1741053606696359633-sample.jpg,query_041,caption_failed,empty caption from provider,6,inserted_degraded,empty caption from provider
sage/sage/sage-imagesampler-bottom-0.2.5/000048b02d15c31a/1729838403963018896-sample.jpg,query_042,caption_failed,empty caption from provider,6,inserted_degraded,empty caption from provider
sage/imagesampler-bottom-2726/sage-imagesampler-bottom-0.3.7/000048b02dd3c427/1739956332329079475-sample.jpg,query_042,caption_failed,empty caption from provider,6,inserted_degraded,empty caption from provider
sage/imagesampler-left-1813/sage-imagesampler-left-0.3.0/00002cea7f56acf2/1726842306006419220-sample.jpg,query_043,caption_failed,empty caption from provider,6,inserted_degraded,empty caption from provider
sage/imagesampler-mobotix-2727/sage-imagesampler-mobotix-0.3.7/000048b02dd3c427/1765382504538353028-sample.jpg,query_038,caption_failed,empty caption from provider,6,inserted_degraded,empty caption from provider
sage/imagesampler-bottom-2626/sage-imagesampler-bottom-0.3.5/000048b02d3ae300/1733734808250840717-bottom_camera.jpg,query_043,caption_failed,empty caption from provider,6,inserted_degraded,empty caption from provider
sage/imagesampler-bottom-2626/sage-imagesampler-bottom-0.3.5/000048b02d3ae300/1765141214841991741-bottom_camera.jpg,query_043,caption_failed,empty caption from provider,6,inserted_degraded,empty caption from provider
sage/imagesampler-bottom-2726/sage-imagesampler-bottom-0.3.7/000048b02dd3c427/1739485691614420544-sample.jpg,query_042,caption_failed,empty caption from provider,6,inserted_degraded,empty caption from provider
sage/imagesampler-bottom-1274/sage-imagesampler-bottom-0.3.5/00004cd98fb56d33/1753552806466959926-sample.jpg,query_040,caption_failed,empty caption from provider,6,inserted_degraded,empty caption from provider
sage/imagesampler-mobotix-1813/sage-imagesampler-mobotix-0.3.7/00002cea7f56acf2/1759449910597957331-sample.jpg,query_040,caption_failed,empty caption from provider,6,inserted_degraded,empty caption from provider
sage/imagesampler-mobotix-2727/sage-imagesampler-mobotix-0.3.7/000048b02dd3c427/1765100594553608287-sample.jpg,query_039,caption_failed,empty caption from provider,6,inserted_degraded,empty caption from provider
sage/imagesampler-left-2316/sage-imagesampler-left-0.3.4/000048b02d3ae337/1728500411708953958-sample.jpg,query_040,caption_failed,empty caption from provider,6,inserted_degraded,empty caption from provider
sage/imagesampler-left-1813/sage-imagesampler-left-0.3.5/00002cea7f56acf2/1749416722093555989-left_camera.jpg,query_044,caption_failed,empty caption from provider,6,inserted_degraded,empty caption from provider
sage/imagesampler-left-1739/sage-imagesampler-left-0.3.6/000048b02d3ae27a/1749873618917460208-sample.jpg,query_041,caption_failed,empty caption from provider,6,inserted_degraded,empty caption from provider
sage/imagesampler-left-1739/sage-imagesampler-left-0.3.6/000048b02d3ae27a/1738033214521310543-sample.jpg,query_042,caption_failed,empty caption from provider,6,inserted_degraded,empty caption from provider
sage/imagesampler-mobotix-2727/sage-imagesampler-mobotix-0.3.7/000048b02dd3c427/1765141123826843825-sample.jpg,query_043,caption_failed,empty caption from provider,6,inserted_degraded,empty caption from provider
sage/imagesampler-hanwhaptz-2690/sage-imagesampler-hanwhaptz-0.3.7/000048b02d3ae335/1750075213560951412-sample.jpg,query_044,caption_failed,empty caption from provider,6,inserted_degraded,empty caption from provider
sage/imagesampler-mobotix-2727/sage-imagesampler-mobotix-0.3.7/000048b02dd3c427/1766607763110572786-sample.jpg,query_043,caption_failed,empty caption from provider,6,inserted_degraded,empty caption from provider
sage/imagesampler-bottom-2726/sage-imagesampler-bottom-0.3.7/000048b02dd3c427/1739485931519073421-sample.jpg,query_043,caption_failed,empty caption from provider,6,inserted_degraded,empty caption from provider
sage/imagesampler-left-1813/sage-imagesampler-left-0.3.0/00002cea7f56acf2/1726842606382200827-sample.jpg,query_044,caption_failed,empty caption from provider,6,inserted_degraded,empty caption from provider
sage/imagesampler-mobotix-2727/sage-imagesampler-mobotix-0.3.7/000048b02dd3c427/1763737806146098611-sample.jpg,query_041,caption_failed,empty caption from provider,6,inserted_degraded,empty caption from provider
sage/imagesampler-left-1813/sage-imagesampler-left-0.3.0/00002cea7f56acf2/1726517405408267659-sample.jpg,query_044,caption_failed,empty caption from provider,6,inserted_degraded,empty caption from provider
sage/imagesampler-left-1813/sage-imagesampler-left-0.3.5/00002cea7f56acf2/1737400805473796047-left_camera.jpg,query_044,caption_failed,empty caption from provider,6,inserted_degraded,empty caption from provider
sage/imagesampler-top-2701/sage-imagesampler-top-0.3.7/000048b02d3ae2f4/1753869609075584798-sample.jpg,query_044,caption_failed,empty caption from provider,6,inserted_degraded,empty caption from provider
sage/imagesampler-mobotix-2727/sage-imagesampler-mobotix-0.3.7/000048b02dd3c427/1741820407322239160-sample.jpg,query_042,caption_failed,empty caption from provider,6,inserted_degraded,empty caption from provider
sage/imagesampler-mobotix-2727/sage-imagesampler-mobotix-0.3.7/000048b02dd3c427/1763805607086620685-sample.jpg,query_042,caption_failed,empty caption from provider,6,inserted_degraded,empty caption from provider
sage/imagesampler-bottom-13/sage-imagesampler-bottom-0.3.5/000048b02d3af4a3/1768906815987086319-bottom_camera.jpg,query_044,caption_failed,empty caption from provider,6,inserted_degraded,empty caption from provider
sage/imagesampler-left-1813/sage-imagesampler-left-0.3.5/00002cea7f56acf2/1738867806313181930-left_camera.jpg,query_046,caption_failed,empty caption from provider,6,inserted_degraded,empty caption from provider
sage/imagesampler-bottom-1731/sage-imagesampler-bottom-0.3.5/000048b02d3b1313/1767081615256728294-bottom_camera.jpg,query_044,caption_failed,empty caption from provider,6,inserted_degraded,empty caption from provider
sage/imagesampler-bottom-2726/sage-imagesampler-bottom-0.3.7/000048b02dd3c427/1738753212973391611-sample.jpg,query_045,caption_failed,empty caption from provider,6,inserted_degraded,empty caption from provider
sage/imagesampler-left-1813/sage-imagesampler-left-0.3.0/00002cea7f56acf2/1714252511622139234-sample.jpg,query_047,caption_failed,empty caption from provider,6,inserted_degraded,empty caption from provider
sage/imagesampler-mobotix-2727/sage-imagesampler-mobotix-0.3.7/000048b02dd3c427/1765382854624383402-sample.jpg,query_042,caption_failed,empty caption from provider,6,inserted_degraded,empty caption from provider
sage/imagesampler-bottom-446/sage-imagesampler-bottom-0.3.0/000048b02d35a9b2/1717301719869385147-sample.jpg,query_044,caption_failed,empty caption from provider,6,inserted_degraded,empty caption from provider
sage/imagesampler-left-1813/sage-imagesampler-left-0.3.5/00002cea7f56acf2/1748468712152971944-left_camera.jpg,query_047,caption_failed,empty caption from provider,6,inserted_degraded,empty caption from provider
sage/imagesampler-left-486/sage-imagesampler-left-0.3.5/000048b02d3ae2f4/1733227208876192000-sample.jpg,query_044,caption_failed,empty caption from provider,6,inserted_degraded,empty caption from provider
sage/imagesampler-bottom-2726/sage-imagesampler-bottom-0.3.7/000048b02dd3c427/1742300285654401070-sample.jpg,query_046,caption_failed,empty caption from provider,6,inserted_degraded,empty caption from provider
sage/imagesampler-left-1813/sage-imagesampler-left-0.3.5/00002cea7f56acf2/1746970512403029752-left_camera.jpg,query_047,caption_failed,empty caption from provider,6,inserted_degraded,empty caption from provider
sage/imagesampler-bottom-2726/sage-imagesampler-bottom-0.3.7/000048b02dd3c427/1742301845761755278-sample.jpg,query_046,caption_failed,empty caption from provider,6,inserted_degraded,empty caption from provider
sage/imagesampler-hanwhaptz-2690/sage-imagesampler-hanwhaptz-0.3.7/000048b02d3ae335/1741726813417986863-sample.jpg,query_048,caption_failed,empty caption from provider,6,inserted_degraded,empty caption from provider
sage/imagesampler-left-1739/sage-imagesampler-left-0.3.6/000048b02d3ae27a/1768906810269440478-sample.jpg,query_043,caption_failed,empty caption from provider,6,inserted_degraded,empty caption from provider
sage/imagesampler-bottom-2681/sage-imagesampler-bottom-0.3.7/000048b02d3ae30a/1750960812694785337-sample.jpg,query_045,caption_failed,empty caption from provider,6,inserted_degraded,empty caption from provider
sage/imagesampler-left-2291/sage-imagesampler-left-0.3.4/000048b02d3ae337/1717491610201574166-sample.jpg,query_047,caption_failed,empty caption from provider,6,inserted_degraded,empty caption from provider
sage/imagesampler-mobotix-2727/sage-imagesampler-mobotix-0.3.7/000048b02dd3c427/1759046412505859967-sample.jpg,query_043,caption_failed,empty caption from provider,6,inserted_degraded,empty caption from provider
sage/imagesampler-top-1274/sage-imagesampler-top-0.3.5/00004cd98fb56d33/1767081605358297275-sample.jpg,query_047,caption_failed,empty caption from provider,6,inserted_degraded,empty caption from provider
sage/imagesampler-mobotix-2727/sage-imagesampler-mobotix-0.3.7/000048b02dd3c427/1766173972991874430-sample.jpg,query_043,caption_failed,empty caption from provider,6,inserted_degraded,empty caption from provider
sage/imagesampler-bottom-2726/sage-imagesampler-bottom-0.3.7/000048b02dd3c427/1739955612953845963-sample.jpg,query_048,caption_failed,empty caption from provider,6,inserted_degraded,empty caption from provider
sage/imagesampler-bottom-446/sage-imagesampler-bottom-0.3.0/000048b02d35a9b2/1725887708466739673-sample.jpg,query_048,caption_failed,empty caption from provider,6,inserted_degraded,empty caption from provider
sage/imagesampler-left-1813/sage-imagesampler-left-0.3.0/00002cea7f56acf2/1726258205992226434-sample.jpg,query_048,caption_failed,empty caption from provider,6,inserted_degraded,empty caption from provider
sage/imagesampler-mobotix-2715/sage-imagesampler-mobotix-0.3.7/000048b02d3ae2db/1764374408918588887-sample.jpg,query_042,caption_failed,empty caption from provider,6,inserted_degraded,empty caption from provider
sage/imagesampler-left-1813/sage-imagesampler-left-0.3.5/00002cea7f56acf2/1754667322320360830-left_camera.jpg,query_049,caption_failed,empty caption from provider,6,inserted_degraded,empty caption from provider
sage/imagesampler-left-1739/sage-imagesampler-left-0.3.4/000048b02d3ae27a/1705086014496832985-sample.jpg,query_045,caption_failed,empty caption from provider,6,inserted_degraded,empty caption from provider
sage/imagesampler-mobotix-1813/sage-imagesampler-mobotix-0.3.7/00002cea7f56acf2/1754714412026463666-sample.jpg,query_045,caption_failed,empty caption from provider,6,inserted_degraded,empty caption from provider
sage/imagesampler-mobotix-2727/sage-imagesampler-mobotix-0.3.7/000048b02dd3c427/1758744009756314989-sample.jpg,query_046,caption_failed,empty caption from provider,6,inserted_degraded,empty caption from provider
sage/imagesampler-mobotix-1813/sage-imagesampler-mobotix-0.3.7/00002cea7f56acf2/1760781612383102735-sample.jpg,query_044,caption_failed,empty caption from provider,6,inserted_degraded,empty caption from provider
sage/imagesampler-bottom-2933/sage-imagesampler-bottom-0.3.7/000048b02d15bc4c/1755478809465867167-sample.jpg,query_049,caption_failed,empty caption from provider,6,inserted_degraded,empty caption from provider
sage/imagesampler-bottom-2316/sage-imagesampler-bottom-0.3.5/000048b02d3ae337/1733065210095036195-bottom_camera.jpg,query_050,caption_failed,empty caption from provider,6,inserted_degraded,empty caption from provider
sage/imagesampler-mobotix-2689/sage-imagesampler-mobotix-0.3.7/000048b02d3ae335/1761264012609082398-sample.jpg,query_047,caption_failed,empty caption from provider,6,inserted_degraded,empty caption from provider
sage/imagesampler-top-1274/sage-imagesampler-top-0.3.5/00004cd98fb56d33/1761264007359978156-sample.jpg,query_047,caption_failed,empty caption from provider,6,inserted_degraded,empty caption from provider
sage/imagesampler-bottom-2726/sage-imagesampler-bottom-0.3.7/000048b02dd3c427/1739693652385003757-sample.jpg,query_049,caption_failed,empty caption from provider,6,inserted_degraded,empty caption from provider
sage/imagesampler-left-1739/sage-imagesampler-left-0.3.6/000048b02d3ae27a/1738753206909771106-sample.jpg,query_048,caption_failed,empty caption from provider,6,inserted_degraded,empty caption from provider
sage/imagesampler-mobotix-2858/sage-imagesampler-mobotix-0.3.7/000048b02d15bc6d/1763805611117458932-sample.jpg,query_046,caption_failed,empty caption from provider,6,inserted_degraded,empty caption from provider
sage/imagesampler-bottom-2316/sage-imagesampler-bottom-0.3.5/000048b02d3ae337/1756083608560726841-bottom_camera.jpg,query_049,caption_failed,empty caption from provider,6,inserted_degraded,empty caption from provider
sage/imagesampler-mobotix-2727/sage-imagesampler-mobotix-0.3.7/000048b02dd3c427/1765142034221321419-sample.jpg,query_049,caption_failed,empty caption from provider,6,inserted_degraded,empty caption from provider
sage/imagesampler-mobotix-1813/sage-imagesampler-mobotix-0.3.7/00002cea7f56acf2/1760380211946883540-sample.jpg,query_050,caption_failed,empty caption from provider,6,inserted_degraded,empty caption from provider
sage/imagesampler-mobotix-2727/sage-imagesampler-mobotix-0.3.7/000048b02dd3c427/1765100384662001449-sample.jpg,query_048,caption_failed,empty caption from provider,6,inserted_degraded,empty caption from provider
sage/imagesampler-left-1739/sage-imagesampler-left-0.3.4/000048b02d3ae27a/1711792814832342285-sample.jpg,query_045,caption_failed,empty caption from provider,6,inserted_degraded,empty caption from provider
sage/imagesampler-mobotix-2727/sage-imagesampler-mobotix-0.3.7/000048b02dd3c427/1764375005533591983-sample.jpg,query_048,caption_failed,empty caption from provider,6,inserted_degraded,empty caption from provider
sage/imagesampler-bottom-1274/sage-imagesampler-bottom-0.3.4/00004cd98fb56d33/1715047210770095763-sample.jpg,query_050,caption_failed,empty caption from provider,6,inserted_degraded,empty caption from provider
sage/imagesampler-mobotix-1813/sage-imagesampler-mobotix-0.3.7/00002cea7f56acf2/1760380211946883540-sample.jpg,query_050,caption_failed,empty caption from provider,6,inserted_degraded,empty caption from provider
sage/imagesampler-bottom-2726/sage-imagesampler-bottom-0.3.7/000048b02dd3c427/1739693412411348896-sample.jpg,query_051,caption_failed,empty caption from provider,6,inserted_degraded,empty caption from provider
sage/sage/sage-imagesampler-bottom-0.2.5/000048b02d15c31a/1741063912729322694-sample.jpg,query_051,caption_failed,empty caption from provider,6,inserted_degraded,empty caption from provider
sage/imagesampler-bottom-1971/sage-imagesampler-bottom-0.3.0/000048b02dd3c427/1719320412311880582-sample.jpg,query_051,caption_failed,empty caption from provider,6,inserted_degraded,empty caption from provider
sage/imagesampler-mobotix-2727/sage-imagesampler-mobotix-0.3.7/000048b02dd3c427/1741726807168944708-sample.jpg,query_049,caption_failed,empty caption from provider,6,inserted_degraded,empty caption from provider
sage/imagesampler-top-13/sage-imagesampler-top-0.3.5/000048b02d3af4a3/1753682414047678776-top_camera.jpg,query_051,caption_failed,empty caption from provider,6,inserted_degraded,empty caption from provider
sage/imagesampler-left-1813/sage-imagesampler-left-0.3.5/00002cea7f56acf2/1750960212794179209-left_camera.jpg,query_051,caption_failed,empty caption from provider,6,inserted_degraded,empty caption from provider
sage/imagesampler-left-486/sage-imagesampler-left-0.3.4/000048b02d3ae2f4/1718704807884614852-sample.jpg,query_051,caption_failed,empty caption from provider,6,inserted_degraded,empty caption from provider
sage/imagesampler-left-1813/sage-imagesampler-left-0.3.5/00002cea7f56acf2/1752252022346221919-left_camera.jpg,query_053,caption_failed,empty caption from provider,6,inserted_degraded,empty caption from provider
sage/imagesampler-mobotix-2727/sage-imagesampler-mobotix-0.3.7/000048b02dd3c427/1765101574447246622-sample.jpg,query_048,caption_failed,empty caption from provider,6,inserted_degraded,empty caption from provider
sage/imagesampler-mobotix-2715/sage-imagesampler-mobotix-0.3.7/000048b02d3ae2db/1758744014402320412-sample.jpg,query_047,caption_failed,empty caption from provider,6,inserted_degraded,empty caption from provider
sage/imagesampler-bottom-1274/sage-imagesampler-bottom-0.3.4/00004cd98fb56d33/1715047210770095763-sample.jpg,query_050,caption_failed,empty caption from provider,6,inserted_degraded,empty caption from provider
sage/imagesampler-bottom-2128/sage-imagesampler-bottom-0.3.5/000048b02d3af49f/1737401414666391520-bottom_camera.jpg,query_052,caption_failed,empty caption from provider,6,inserted_degraded,empty caption from provider
sage/imagesampler-left-1813/sage-imagesampler-left-0.3.0/00002cea7f56acf2/1727911505811425025-sample.jpg,query_053,caption_failed,empty caption from provider,6,inserted_degraded,empty caption from provider
sage/imagesampler-bottom-2933/sage-imagesampler-bottom-0.3.7/000048b02d15bc4c/1757991607196498154-sample.jpg,query_052,caption_failed,empty caption from provider,6,inserted_degraded,empty caption from provider
sage/imagesampler-bottom-2726/sage-imagesampler-bottom-0.3.7/000048b02dd3c427/1739486532213091352-sample.jpg,query_052,caption_failed,empty caption from provider,6,inserted_degraded,empty caption from provider
sage/imagesampler-bottom-1274/sage-imagesampler-bottom-0.3.5/00004cd98fb56d33/1750075206099838392-sample.jpg,query_051,caption_failed,empty caption from provider,6,inserted_degraded,empty caption from provider
sage/imagesampler-mobotix-2727/sage-imagesampler-mobotix-0.3.7/000048b02dd3c427/1763737205807241397-sample.jpg,query_050,caption_failed,empty caption from provider,6,inserted_degraded,empty caption from provider
sage/imagesampler-left-1813/sage-imagesampler-left-0.3.5/00002cea7f56acf2/1754668521977395446-left_camera.jpg,query_053,caption_failed,empty caption from provider,6,inserted_degraded,empty caption from provider
sage/imagesampler-mobotix-2727/sage-imagesampler-mobotix-0.3.7/000048b02dd3c427/1765141683921314904-sample.jpg,query_051,caption_failed,empty caption from provider,6,inserted_degraded,empty caption from provider
sage/imagesampler-bottom-761/sage-imagesampler-bottom-0.3.5/00002cea7f4b3440/1761264010711841262-bottom_camera.jpg,query_053,caption_failed,empty caption from provider,6,inserted_degraded,empty caption from provider
sage/imagesampler-left-1813/sage-imagesampler-left-0.3.5/00002cea7f56acf2/1752760812000450376-left_camera.jpg,query_054,caption_failed,empty caption from provider,6,inserted_degraded,empty caption from provider
sage/imagesampler-mobotix-2858/sage-imagesampler-mobotix-0.3.7/000048b02d15bc6d/1743210064459834951-sample.jpg,query_048,caption_failed,empty caption from provider,6,inserted_degraded,empty caption from provider
sage/imagesampler-bottom-2726/sage-imagesampler-bottom-0.3.7/000048b02dd3c427/1742300525717639508-sample.jpg,query_052,caption_failed,empty caption from provider,6,inserted_degraded,empty caption from provider
sage/imagesampler-left-1813/sage-imagesampler-left-0.3.5/00002cea7f56acf2/1750961422213018862-left_camera.jpg,query_054,caption_failed,empty caption from provider,6,inserted_degraded,empty caption from provider
sage/imagesampler-bottom-1274/sage-imagesampler-bottom-0.3.5/00004cd98fb56d33/1750960805138310977-sample.jpg,query_046,caption_failed,empty caption from provider,6,inserted_degraded,empty caption from provider
sage/imagesampler-bottom-2711/sage-imagesampler-bottom-0.3.7/000048b02d3ae2db/1741064409575559713-sample.jpg,query_054,caption_failed,empty caption from provider,6,inserted_degraded,empty caption from provider
sage/imagesampler-top-13/sage-imagesampler-top-0.3.5/000048b02d3af4a3/1753682414047678776-top_camera.jpg,query_055,caption_failed,empty caption from provider,6,inserted_degraded,empty caption from provider
sage/imagesampler-bottom-2688/sage-imagesampler-bottom-0.3.7/000048b02d3ae335/1749873611940855080-sample.jpg,query_054,caption_failed,empty caption from provider,6,inserted_degraded,empty caption from provider
sage/imagesampler-mobotix-2727/sage-imagesampler-mobotix-0.3.7/000048b02dd3c427/1764124505122076645-sample.jpg,query_052,caption_failed,empty caption from provider,6,inserted_degraded,empty caption from provider
sage/imagesampler-left-1813/sage-imagesampler-left-0.3.5/00002cea7f56acf2/1741726207799440498-left_camera.jpg,query_054,caption_failed,empty caption from provider,6,inserted_degraded,empty caption from provider
sage/imagesampler-bottom-1971/sage-imagesampler-bottom-0.3.0/000048b02dd3c427/1728500415759794627-sample.jpg,query_052,caption_failed,empty caption from provider,6,inserted_degraded,empty caption from provider
sage/imagesampler-bottom-2705/sage-imagesampler-bottom-0.3.7/000048b02d3ae2f2/1754668810947067682-sample.jpg,query_052,caption_failed,empty caption from provider,6,inserted_degraded,empty caption from provider
sage/imagesampler-left-1813/sage-imagesampler-left-0.3.5/00002cea7f56acf2/1749873322571645463-left_camera.jpg,query_055,caption_failed,empty caption from provider,6,inserted_degraded,empty caption from provider
sage/imagesampler-bottom-2681/sage-imagesampler-bottom-0.3.7/000048b02d3ae30a/1752762014968650152-sample.jpg,query_052,caption_failed,empty caption from provider,6,inserted_degraded,empty caption from provider
sage/imagesampler-hanwhaptz-2956/sage-imagesampler-hanwhaptz-0.3.7/000048b02dd3c427/1754691611465598830-sample.jpg,query_055,caption_failed,empty caption from provider,6,inserted_degraded,empty caption from provider
sage/imagesampler-left-1813/sage-imagesampler-left-0.3.5/00002cea7f56acf2/1737400805473796047-left_camera.jpg,query_057,caption_failed,empty caption from provider,6,inserted_degraded,empty caption from provider
sage/imagesampler-hanwhaptz-2956/sage-imagesampler-hanwhaptz-0.3.7/000048b02dd3c427/1759695614332363064-sample.jpg,query_056,caption_failed,empty caption from provider,6,inserted_degraded,empty caption from provider
sage/imagesampler-bottom-446/sage-imagesampler-bottom-0.3.0/000048b02d35a9b2/1727310638175124302-sample.jpg,query_054,caption_failed,empty caption from provider,6,inserted_degraded,empty caption from provider
sage/imagesampler-bottom-1739/sage-imagesampler-bottom-0.3.0/000048b02d3ae27a/1705086015294352593-sample.jpg,query_056,caption_failed,empty caption from provider,6,inserted_degraded,empty caption from provider
sage/imagesampler-bottom-2933/sage-imagesampler-bottom-0.3.7/000048b02d15bc4c/1761955207669306895-sample.jpg,query_055,caption_failed,empty caption from provider,6,inserted_degraded,empty caption from provider
sage/imagesampler-left-1813/sage-imagesampler-left-0.3.5/00002cea7f56acf2/1737400504997612247-left_camera.jpg,query_057,caption_failed,empty caption from provider,6,inserted_degraded,empty caption from provider
sage/imagesampler-top-2701/sage-imagesampler-top-0.3.7/000048b02d3ae2f4/1738753208786050370-sample.jpg,query_057,caption_failed,empty caption from provider,6,inserted_degraded,empty caption from provider
sage/imagesampler-top-757/sage-imagesampler-top-0.3.0/000048b02d0766be/1706695218305788092-sample.jpg,query_055,caption_failed,empty caption from provider,6,inserted_degraded,empty caption from provider
sage/imagesampler-mobotix-1813/sage-imagesampler-mobotix-0.3.7/00002cea7f56acf2/1757181911568495159-sample.jpg,query_053,caption_failed,empty caption from provider,6,inserted_degraded,empty caption from provider
sage/imagesampler-top-1274/sage-imagesampler-top-0.3.4/00004cd98fb56d33/1715281211797629319-sample.jpg,query_053,caption_failed,empty caption from provider,6,inserted_degraded,empty caption from provider
sage/imagesampler-left-1813/sage-imagesampler-left-0.3.5/00002cea7f56acf2/1753551322052435335-left_camera.jpg,query_058,caption_failed,empty caption from provider,6,inserted_degraded,empty caption from provider
sage/imagesampler-top-1274/sage-imagesampler-top-0.3.5/00004cd98fb56d33/1763409605302412036-sample.jpg,query_055,caption_failed,empty caption from provider,6,inserted_degraded,empty caption from provider
sage/imagesampler-mobotix-2715/sage-imagesampler-mobotix-0.3.7/000048b02d3ae2db/1770238811861082049-sample.jpg,query_050,caption_failed,empty caption from provider,6,inserted_degraded,empty caption from provider
sage/imagesampler-left-1813/sage-imagesampler-left-0.3.5/00002cea7f56acf2/1752542722291380700-left_camera.jpg,query_058,caption_failed,empty caption from provider,6,inserted_degraded,empty caption from provider
sage/imagesampler-left-1738/sage-imagesampler-left-0.3.5/000048b02d15bc6d/1733367608623037430-sample.jpg,query_051,caption_failed,empty caption from provider,6,inserted_degraded,empty caption from provider
sage/imagesampler-mobotix-2689/sage-imagesampler-mobotix-0.3.7/000048b02d3ae335/1765141207416763309-sample.jpg,query_056,caption_failed,empty caption from provider,6,inserted_degraded,empty caption from provider
sage/imagesampler-bottom-1971/sage-imagesampler-bottom-0.3.0/000048b02dd3c427/1705957208468705260-sample.jpg,query_057,caption_failed,empty caption from provider,6,inserted_degraded,empty caption from provider
sage/imagesampler-mobotix-1813/sage-imagesampler-mobotix-0.3.7/00002cea7f56acf2/1754714712420002161-sample.jpg,query_053,caption_failed,empty caption from provider,6,inserted_degraded,empty caption from provider
sage/imagesampler-mobotix-2727/sage-imagesampler-mobotix-0.3.7/000048b02dd3c427/1763738105929659453-sample.jpg,query_055,caption_failed,empty caption from provider,6,inserted_degraded,empty caption from provider
sage/imagesampler-bottom-2726/sage-imagesampler-bottom-0.3.7/000048b02dd3c427/1741389485581018076-sample.jpg,query_057,caption_failed,empty caption from provider,6,inserted_degraded,empty caption from provider
sage/imagesampler-bottom-2726/sage-imagesampler-bottom-0.3.7/000048b02dd3c427/1741065125354423603-sample.jpg,query_058,caption_failed,empty caption from provider,6,inserted_degraded,empty caption from provider
sage/imagesampler-bottom-2726/sage-imagesampler-bottom-0.3.7/000048b02dd3c427/1739486052478004749-sample.jpg,query_057,caption_failed,empty caption from provider,6,inserted_degraded,empty caption from provider
sage/imagesampler-left-1813/sage-imagesampler-left-0.3.5/00002cea7f56acf2/1752252012277206480-left_camera.jpg,query_059,caption_failed,empty caption from provider,6,inserted_degraded,empty caption from provider
sage/imagesampler-bottom-2854/sage-imagesampler-bottom-0.3.7/000048b02d15bc6d/1763737221385169018-sample.jpg,query_058,caption_failed,empty caption from provider,6,inserted_degraded,empty caption from provider
sage/imagesampler-left-2588/sage-imagesampler-left-0.3.5/000048b02d3ae2db/1728500405720164723-left_camera.jpg,query_059,caption_failed,empty caption from provider,6,inserted_degraded,empty caption from provider
sage/imagesampler-mobotix-2727/sage-imagesampler-mobotix-0.3.7/000048b02dd3c427/1764374406603010234-sample.jpg,query_055,caption_failed,empty caption from provider,6,inserted_degraded,empty caption from provider
sage/imagesampler-bottom-2626/sage-imagesampler-bottom-0.3.5/000048b02d3ae300/1744038005046993955-bottom_camera.jpg,query_057,caption_failed,empty caption from provider,6,inserted_degraded,empty caption from provider
sage/imagesampler-left-1813/sage-imagesampler-left-0.3.5/00002cea7f56acf2/1752542712358413292-left_camera.jpg,query_059,caption_failed,empty caption from provider,6,inserted_degraded,empty caption from provider
sage/imagesampler-left-1813/sage-imagesampler-left-0.3.5/00002cea7f56acf2/1749417012306261211-left_camera.jpg,query_060,caption_failed,empty caption from provider,6,inserted_degraded,empty caption from provider
sage/imagesampler-left-1739/sage-imagesampler-left-0.3.6/000048b02d3ae27a/1739955607701838083-sample.jpg,query_056,caption_failed,empty caption from provider,6,inserted_degraded,empty caption from provider
sage/imagesampler-mobotix-1813/sage-imagesampler-mobotix-0.3.7/00002cea7f56acf2/1760942712558918629-sample.jpg,query_056,caption_failed,empty caption from provider,6,inserted_degraded,empty caption from provider
sage/imagesampler-bottom-2726/sage-imagesampler-bottom-0.3.7/000048b02dd3c427/1739693412411348896-sample.jpg,query_059,caption_failed,empty caption from provider,6,inserted_degraded,empty caption from provider
sage/imagesampler-bottom-2726/sage-imagesampler-bottom-0.3.7/000048b02dd3c427/1741389246064190806-sample.jpg,query_059,caption_failed,empty caption from provider,6,inserted_degraded,empty caption from provider
sage/imagesampler-bottom-2711/sage-imagesampler-bottom-0.3.7/000048b02d3ae2db/1763737209414573419-sample.jpg,query_060,caption_failed,empty caption from provider,6,inserted_degraded,empty caption from provider
sage/imagesampler-mobotix-2715/sage-imagesampler-mobotix-0.3.7/000048b02d3ae2db/1750075210632964452-sample.jpg,query_053,caption_failed,empty caption from provider,6,inserted_degraded,empty caption from provider
sage/imagesampler-left-1274/sage-imagesampler-left-0.3.5/00004cd98fb56d33/1756083605891464470-sample.jpg,query_056,caption_failed,empty caption from provider,6,inserted_degraded,empty caption from provider
sage/imagesampler-mobotix-2727/sage-imagesampler-mobotix-0.3.7/000048b02dd3c427/1763753105060937130-sample.jpg,query_058,caption_failed,empty caption from provider,6,inserted_degraded,empty caption from provider
sage/imagesampler-right-1274/sage-imagesampler-right-0.3.5/00004cd98fb56d33/1758744005906580154-sample.jpg,query_057,caption_failed,empty caption from provider,6,inserted_degraded,empty caption from provider
sage/imagesampler-bottom-1731/sage-imagesampler-bottom-0.3.0/000048b02dd3c42d/1714251612176753730-sample.jpg,query_059,caption_failed,empty caption from provider,6,inserted_degraded,empty caption from provider
sage/imagesampler-left-1739/sage-imagesampler-left-0.3.4/000048b02d3ae27a/1714251608910508345-sample.jpg,query_054,caption_failed,empty caption from provider,6,inserted_degraded,empty caption from provider
sage/imagesampler-mobotix-2727/sage-imagesampler-mobotix-0.3.7/000048b02dd3c427/1765141614257315324-sample.jpg,query_059,caption_failed,empty caption from provider,6,inserted_degraded,empty caption from provider
sage/imagesampler-bottom-2851/sage-imagesampler-bottom-0.3.7/000048b02dd3c5b3/1749456004682049071-sample.jpg,query_060,caption_failed,empty caption from provider,6,inserted_degraded,empty caption from provider
sage/imagesampler-mobotix-2727/sage-imagesampler-mobotix-0.3.7/000048b02dd3c427/1765383204827912835-sample.jpg,query_057,caption_failed,empty caption from provider,6,inserted_degraded,empty caption from provider
sage/imagesampler-bottom-2626/sage-imagesampler-bottom-0.3.5/000048b02d3ae300/1770883215217890989-bottom_camera.jpg,query_060,caption_failed,empty caption from provider,6,inserted_degraded,empty caption from provider
sage/imagesampler-bottom-1738/sage-imagesampler-bottom-0.3.0/000048b02d15bc6d/1726257611115603814-sample.jpg,query_059,caption_failed,empty caption from provider,6,inserted_degraded,empty caption from provider
sage/imagesampler-left-1813/sage-imagesampler-left-0.3.5/00002cea7f56acf2/1734467709297984768-left_camera.jpg,query_061,caption_failed,empty caption from provider,6,inserted_degraded,empty caption from provider
sage/imagesampler-right-1739/sage-imagesampler-right-0.3.6/000048b02d3ae27a/1753552812223814974-sample.jpg,query_061,caption_failed,empty caption from provider,6,inserted_degraded,empty caption from provider
sage/imagesampler-top-1274/sage-imagesampler-top-0.3.5/00004cd98fb56d33/1763737204774215375-sample.jpg,query_058,caption_failed,empty caption from provider,6,inserted_degraded,empty caption from provider
sage/imagesampler-left-1813/sage-imagesampler-left-0.3.5/00002cea7f56acf2/1752687322765023701-left_camera.jpg,query_062,caption_failed,empty caption from provider,6,inserted_degraded,empty caption from provider
sage/imagesampler-top-757/sage-imagesampler-top-0.3.0/000048b02d0766be/1713405608656135020-sample.jpg,query_060,caption_failed,empty caption from provider,6,inserted_degraded,empty caption from provider
sage/imagesampler-mobotix-2727/sage-imagesampler-mobotix-0.3.7/000048b02dd3c427/1765671943874336435-sample.jpg,query_060,caption_failed,empty caption from provider,6,inserted_degraded,empty caption from provider
sage/imagesampler-mobotix-2727/sage-imagesampler-mobotix-0.3.7/000048b02dd3c427/1763753105060937130-sample.jpg,query_060,caption_failed,empty caption from provider,6,inserted_degraded,empty caption from provider
sage/imagesampler-top-1274/sage-imagesampler-top-0.3.5/00004cd98fb56d33/1756083615026752642-sample.jpg,query_059,caption_failed,empty caption from provider,6,inserted_degraded,empty caption from provider
sage/imagesampler-bottom-484/sage-imagesampler-bottom-0.3.0/000048b02d3ae300/1711573211908151064-sample.jpg,query_061,caption_failed,empty caption from provider,6,inserted_degraded,empty caption from provider
sage/imagesampler-bottom-2726/sage-imagesampler-bottom-0.3.7/000048b02dd3c427/1741727406753792826-sample.jpg,query_062,caption_failed,empty caption from provider,6,inserted_degraded,empty caption from provider
sage/imagesampler-left-1813/sage-imagesampler-left-0.3.5/00002cea7f56acf2/1752687322765023701-left_camera.jpg,query_062,caption_failed,empty caption from provider,6,inserted_degraded,empty caption from provider
sage/sage/sage-imagesampler-bottom-0.2.5/000048b02d15c31a/1738752862820542579-sample.jpg,query_062,caption_failed,empty caption from provider,6,inserted_degraded,empty caption from provider
sage/imagesampler-left-1813/sage-imagesampler-left-0.3.5/00002cea7f56acf2/1740590407623867039-left_camera.jpg,query_063,caption_failed,empty caption from provider,6,inserted_degraded,empty caption from provider
sage/imagesampler-left-1813/sage-imagesampler-left-0.3.0/00002cea7f56acf2/1727910305133223548-sample.jpg,query_063,caption_failed,empty caption from provider,6,inserted_degraded,empty caption from provider
sage/imagesampler-left-1813/sage-imagesampler-left-0.3.5/00002cea7f56acf2/1754668222682274381-left_camera.jpg,query_061,caption_failed,empty caption from provider,6,inserted_degraded,empty caption from provider
sage/imagesampler-left-1813/sage-imagesampler-left-0.3.5/00002cea7f56acf2/1746970812686848453-left_camera.jpg,query_063,caption_failed,empty caption from provider,6,inserted_degraded,empty caption from provider
sage/imagesampler-left-1813/sage-imagesampler-left-0.3.5/00002cea7f56acf2/1752252321717513083-left_camera.jpg,query_065,caption_failed,empty caption from provider,6,inserted_degraded,empty caption from provider
sage/imagesampler-left-1813/sage-imagesampler-left-0.3.5/00002cea7f56acf2/1748467813092094711-left_camera.jpg,query_063,caption_failed,empty caption from provider,6,inserted_degraded,empty caption from provider
sage/imagesampler-top-1274/sage-imagesampler-top-0.3.4/00004cd98fb56d33/1713405615528228303-sample.jpg,query_062,caption_failed,empty caption from provider,6,inserted_degraded,empty caption from provider
sage/imagesampler-bottom-2688/sage-imagesampler-bottom-0.3.7/000048b02d3ae335/1761843606648110692-sample.jpg,query_064,caption_failed,empty caption from provider,6,inserted_degraded,empty caption from provider
sage/imagesampler-bottom-2726/sage-imagesampler-bottom-0.3.7/000048b02dd3c427/1740591125583948263-sample.jpg,query_063,caption_failed,empty caption from provider,6,inserted_degraded,empty caption from provider
sage/imagesampler-right-1274/sage-imagesampler-right-0.3.5/00004cd98fb56d33/1769914814984814817-sample.jpg,query_062,caption_failed,empty caption from provider,6,inserted_degraded,empty caption from provider
sage/imagesampler-top-13/sage-imagesampler-top-0.3.5/000048b02d3af4a3/1739955615626583166-top_camera.jpg,query_065,caption_failed,empty caption from provider,6,inserted_degraded,empty caption from provider
sage/imagesampler-bottom-13/sage-imagesampler-bottom-0.3.5/000048b02d3af4a3/1750075210204309683-bottom_camera.jpg,query_062,caption_failed,empty caption from provider,6,inserted_degraded,empty caption from provider
sage/imagesampler-mobotix-2727/sage-imagesampler-mobotix-0.3.7/000048b02dd3c427/1765142105044139761-sample.jpg,query_062,caption_failed,empty caption from provider,6,inserted_degraded,empty caption from provider
sage/imagesampler-left-2316/sage-imagesampler-left-0.3.4/000048b02d3ae337/1726023610501012707-sample.jpg,query_062,caption_failed,empty caption from provider,6,inserted_degraded,empty caption from provider
sage/imagesampler-mobotix-2715/sage-imagesampler-mobotix-0.3.7/000048b02d3ae2db/1749456011479278927-sample.jpg,query_056,caption_failed,empty caption from provider,6,inserted_degraded,empty caption from provider
sage/imagesampler-left-1813/sage-imagesampler-left-0.3.5/00002cea7f56acf2/1752761112392744460-left_camera.jpg,query_065,caption_failed,empty caption from provider,6,inserted_degraded,empty caption from provider
sage/imagesampler-top-1274/sage-imagesampler-top-0.3.5/00004cd98fb56d33/1759932004925296512-sample.jpg,query_064,caption_failed,empty caption from provider,6,inserted_degraded,empty caption from provider
sage/imagesampler-bottom-2726/sage-imagesampler-bottom-0.3.7/000048b02dd3c427/1761264612945387120-sample.jpg,query_064,caption_failed,empty caption from provider,6,inserted_degraded,empty caption from provider
sage/imagesampler-bottom-1274/sage-imagesampler-bottom-0.3.5/00004cd98fb56d33/1761843605668530158-sample.jpg,query_064,caption_failed,empty caption from provider,6,inserted_degraded,empty caption from provider
sage/imagesampler-hanwhaptz-2690/sage-imagesampler-hanwhaptz-0.3.7/000048b02d3ae335/1741726813417986863-sample.jpg,query_066,caption_failed,empty caption from provider,6,inserted_degraded,empty caption from provider
sage/imagesampler-top-757/sage-imagesampler-top-0.3.0/000048b02d0766be/1705086014869979284-sample.jpg,query_067,caption_failed,empty caption from provider,6,inserted_degraded,empty caption from provider
sage/imagesampler-bottom-922/sage-imagesampler-bottom-0.3.0/000048b02d3ae2e2/1723186809668384809-sample.jpg,query_067,caption_failed,empty caption from provider,6,inserted_degraded,empty caption from provider
sage/imagesampler-bottom-1740/sage-imagesampler-bottom-0.3.0/000048b02d3ae337/1711792817039798204-sample.jpg,query_065,caption_failed,empty caption from provider,6,inserted_degraded,empty caption from provider
sage/imagesampler-left-1813/sage-imagesampler-left-0.3.0/00002cea7f56acf2/1717536911105378463-sample.jpg,query_068,caption_failed,empty caption from provider,6,inserted_degraded,empty caption from provider
sage/imagesampler-mobotix-1813/sage-imagesampler-mobotix-0.3.7/00002cea7f56acf2/1758742811528701953-sample.jpg,query_063,caption_failed,empty caption from provider,6,inserted_degraded,empty caption from provider
sage/imagesampler-left-486/sage-imagesampler-left-0.3.5/000048b02d3ae2f4/1733734807832500393-sample.jpg,query_067,caption_failed,empty caption from provider,6,inserted_degraded,empty caption from provider
sage/imagesampler-mobotix-1813/sage-imagesampler-mobotix-0.3.7/00002cea7f56acf2/1756084211803937377-sample.jpg,query_065,caption_failed,empty caption from provider,6,inserted_degraded,empty caption from provider
sage/imagesampler-left-1739/sage-imagesampler-left-0.3.6/000048b02d3ae27a/1749873610072200590-sample.jpg,query_064,caption_failed,empty caption from provider,6,inserted_degraded,empty caption from provider
sage/imagesampler-bottom-1738/sage-imagesampler-bottom-0.3.0/000048b02d15bc6d/1726257611115603814-sample.jpg,query_067,caption_failed,empty caption from provider,6,inserted_degraded,empty caption from provider
sage/imagesampler-bottom-2688/sage-imagesampler-bottom-0.3.7/000048b02d3ae335/1738753205620392357-sample.jpg,query_068,caption_failed,empty caption from provider,6,inserted_degraded,empty caption from provider
sage/imagesampler-mobotix-2858/sage-imagesampler-mobotix-0.3.7/000048b02d15bc6d/1766174514427314366-sample.jpg,query_060,caption_failed,empty caption from provider,6,inserted_degraded,empty caption from provider
sage/imagesampler-bottom-2705/sage-imagesampler-bottom-0.3.7/000048b02d3ae2f2/1760781613326394851-sample.jpg,query_067,caption_failed,empty caption from provider,6,inserted_degraded,empty caption from provider
sage/imagesampler-mobotix-2727/sage-imagesampler-mobotix-0.3.7/000048b02dd3c427/1749456011686393352-sample.jpg,query_066,caption_failed,empty caption from provider,6,inserted_degraded,empty caption from provider
sage/imagesampler-left-1813/sage-imagesampler-left-0.3.5/00002cea7f56acf2/1741819518156924061-left_camera.jpg,query_068,caption_failed,empty caption from provider,6,inserted_degraded,empty caption from provider
sage/sage/sage-imagesampler-bottom-0.2.5/000048b02d15c31a/1741390093910208514-sample.jpg,query_067,caption_failed,empty caption from provider,6,inserted_degraded,empty caption from provider
sage/imagesampler-left-1739/sage-imagesampler-left-0.3.6/000048b02d3ae27a/1767081614512051876-sample.jpg,query_064,caption_failed,empty caption from provider,6,inserted_degraded,empty caption from provider
sage/imagesampler-left-1739/sage-imagesampler-left-0.3.4/000048b02d3ae27a/1711792814832342285-sample.jpg,query_061,caption_failed,empty caption from provider,6,inserted_degraded,empty caption from provider
sage/imagesampler-right-1739/sage-imagesampler-right-0.3.6/000048b02d3ae27a/1741820418979460845-sample.jpg,query_068,caption_failed,empty caption from provider,6,inserted_degraded,empty caption from provider
sage/imagesampler-left-1813/sage-imagesampler-left-0.3.5/00002cea7f56acf2/1752760812000450376-left_camera.jpg,query_068,caption_failed,empty caption from provider,6,inserted_degraded,empty caption from provider
sage/imagesampler-bottom-761/sage-imagesampler-bottom-0.3.5/00002cea7f4b3440/1761264010711841262-bottom_camera.jpg,query_069,caption_failed,empty caption from provider,6,inserted_degraded,empty caption from provider
sage/imagesampler-bottom-13/sage-imagesampler-bottom-0.3.5/000048b02d3af4a3/1761843612393424589-bottom_camera.jpg,query_068,caption_failed,empty caption from provider,6,inserted_degraded,empty caption from provider
sage/imagesampler-bottom-2128/sage-imagesampler-bottom-0.3.4/000048b02dd3c637/1726842608899285018-sample.jpg,query_068,caption_failed,empty caption from provider,6,inserted_degraded,empty caption from provider
sage/imagesampler-left-1813/sage-imagesampler-left-0.3.0/00002cea7f56acf2/1728499505137080427-sample.jpg,query_070,caption_failed,empty caption from provider,6,inserted_degraded,empty caption from provider
sage/imagesampler-left-1740/sage-imagesampler-left-0.3.4/000048b02d3ae337/1709294408556439938-sample.jpg,query_066,caption_failed,empty caption from provider,6,inserted_degraded,empty caption from provider
sage/imagesampler-mobotix-1813/sage-imagesampler-mobotix-0.3.7/00002cea7f56acf2/1754714111612621821-sample.jpg,query_065,caption_failed,empty caption from provider,6,inserted_degraded,empty caption from provider
sage/imagesampler-bottom-446/sage-imagesampler-bottom-0.3.0/000048b02d35a9b2/1716370209217668544-sample.jpg,query_069,caption_failed,empty caption from provider,6,inserted_degraded,empty caption from provider
sage/imagesampler-left-1739/sage-imagesampler-left-0.3.6/000048b02d3ae27a/1748696409836870468-sample.jpg,query_068,caption_failed,empty caption from provider,6,inserted_degraded,empty caption from provider
sage/imagesampler-bottom-2726/sage-imagesampler-bottom-0.3.7/000048b02dd3c427/1764411007006396088-sample.jpg,query_070,caption_failed,empty caption from provider,6,inserted_degraded,empty caption from provider
sage/imagesampler-right-1739/sage-imagesampler-right-0.3.6/000048b02d3ae27a/1748696409814970670-sample.jpg,query_070,caption_failed,empty caption from provider,6,inserted_degraded,empty caption from provider
sage/imagesampler-top-2701/sage-imagesampler-top-0.3.7/000048b02d3ae2f4/1739692808201208425-sample.jpg,query_070,caption_failed,empty caption from provider,6,inserted_degraded,empty caption from provider
sage/imagesampler-bottom-2681/sage-imagesampler-bottom-0.3.7/000048b02d3ae30a/1739955621337814503-sample.jpg,query_070,caption_failed,empty caption from provider,6,inserted_degraded,empty caption from provider
sage/imagesampler-top-2634/sage-imagesampler-top-0.3.5/000048b02d3ae335/1733064310398985897-top_camera.jpg,query_071,caption_failed,empty caption from provider,6,inserted_degraded,empty caption from provider
sage/imagesampler-bottom-2316/sage-imagesampler-bottom-0.3.5/000048b02d3ae337/1761955212143198179-bottom_camera.jpg,query_069,caption_failed,empty caption from provider,6,inserted_degraded,empty caption from provider
sage/imagesampler-bottom-2316/sage-imagesampler-bottom-0.3.0/000048b02d3ae337/1730322011821215867-sample.jpg,query_069,caption_failed,empty caption from provider,6,inserted_degraded,empty caption from provider
sage/imagesampler-right-1274/sage-imagesampler-right-0.3.5/00004cd98fb56d33/1748696408336143857-sample.jpg,query_070,caption_failed,empty caption from provider,6,inserted_degraded,empty caption from provider
sage/imagesampler-mobotix-2727/sage-imagesampler-mobotix-0.3.7/000048b02dd3c427/1755478809770429868-sample.jpg,query_068,caption_failed,empty caption from provider,6,inserted_degraded,empty caption from provider
sage/imagesampler-mobotix-2689/sage-imagesampler-mobotix-0.3.7/000048b02d3ae335/1761264012609082398-sample.jpg,query_069,caption_failed,empty caption from provider,6,inserted_degraded,empty caption from provider
sage/imagesampler-bottom-13/sage-imagesampler-bottom-0.3.5/000048b02d3af4a3/1768906815987086319-bottom_camera.jpg,query_071,caption_failed,empty caption from provider,6,inserted_degraded,empty caption from provider
sage/imagesampler-bottom-2681/sage-imagesampler-bottom-0.3.7/000048b02d3ae30a/1750960212415392383-sample.jpg,query_069,caption_failed,empty caption from provider,6,inserted_degraded,empty caption from provider
sage/imagesampler-bottom-1971/sage-imagesampler-bottom-0.3.0/000048b02dd3c427/1714251613924374431-sample.jpg,query_070,caption_failed,empty caption from provider,6,inserted_degraded,empty caption from provider
sage/imagesampler-left-1813/sage-imagesampler-left-0.3.0/00002cea7f56acf2/1714573510865755551-sample.jpg,query_072,caption_failed,empty caption from provider,6,inserted_degraded,empty caption from provider
sage/imagesampler-mobotix-2715/sage-imagesampler-mobotix-0.3.7/000048b02d3ae2db/1756083612159262444-sample.jpg,query_065,caption_failed,empty caption from provider,6,inserted_degraded,empty caption from provider
sage/imagesampler-mobotix-2727/sage-imagesampler-mobotix-0.3.7/000048b02dd3c427/1763753405764403189-sample.jpg,query_070,caption_failed,empty caption from provider,6,inserted_degraded,empty caption from provider
sage/imagesampler-left-1739/sage-imagesampler-left-0.3.6/000048b02d3ae27a/1759046411210733571-sample.jpg,query_066,caption_failed,empty caption from provider,6,inserted_degraded,empty caption from provider
sage/imagesampler-left-1739/sage-imagesampler-left-0.3.6/000048b02d3ae27a/1765382414731788215-sample.jpg,query_069,caption_failed,empty caption from provider,6,inserted_degraded,empty caption from provider
sage/imagesampler-bottom-2681/sage-imagesampler-bottom-0.3.7/000048b02d3ae30a/1738867208780334447-sample.jpg,query_071,caption_failed,empty caption from provider,6,inserted_degraded,empty caption from provider
sage/imagesampler-left-1813/sage-imagesampler-left-0.3.5/00002cea7f56acf2/1734468609439598636-left_camera.jpg,query_073,caption_failed,empty caption from provider,6,inserted_degraded,empty caption from provider
sage/imagesampler-bottom-13/sage-imagesampler-bottom-0.3.0/000048b02d3af4a3/1728500415405929388-sample.jpg,query_070,caption_failed,empty caption from provider,6,inserted_degraded,empty caption from provider
sage/imagesampler-bottom-2316/sage-imagesampler-bottom-0.3.5/000048b02d3ae337/1765382412403797687-bottom_camera.jpg,query_071,caption_failed,empty caption from provider,6,inserted_degraded,empty caption from provider
sage/imagesampler-top-2701/sage-imagesampler-top-0.3.7/000048b02d3ae2f4/1738753208786050370-sample.jpg,query_072,caption_failed,empty caption from provider,6,inserted_degraded,empty caption from provider
sage/imagesampler-bottom-2688/sage-imagesampler-bottom-0.3.7/000048b02d3ae335/1749456012118084479-sample.jpg,query_072,caption_failed,empty caption from provider,6,inserted_degraded,empty caption from provider
sage/imagesampler-bottom-446/sage-imagesampler-bottom-0.3.0/000048b02d35a9b2/1717535716695994165-sample.jpg,query_072,caption_failed,empty caption from provider,6,inserted_degraded,empty caption from provider
sage/imagesampler-bottom-2688/sage-imagesampler-bottom-0.3.7/000048b02d3ae335/1765141206286727568-sample.jpg,query_073,caption_failed,empty caption from provider,6,inserted_degraded,empty caption from provider
sage/imagesampler-bottom-4635/sage-imagesampler-bottom-0.3.5/000048b02d3af49f/1753552814487957490-bottom_camera.jpg,query_073,caption_failed,empty caption from provider,6,inserted_degraded,empty caption from provider
sage/imagesampler-mobotix-2727/sage-imagesampler-mobotix-0.3.7/000048b02dd3c427/1766173763154803623-sample.jpg,query_071,caption_failed,empty caption from provider,6,inserted_degraded,empty caption from provider
sage/imagesampler-left-1739/sage-imagesampler-left-0.3.6/000048b02d3ae27a/1753682412237368125-sample.jpg,query_069,caption_failed,empty caption from provider,6,inserted_degraded,empty caption from provider
sage/imagesampler-bottom-2726/sage-imagesampler-bottom-0.3.7/000048b02dd3c427/1749874211142840244-sample.jpg,query_074,caption_failed,empty caption from provider,6,inserted_degraded,empty caption from provider
sage/imagesampler-mobotix-2727/sage-imagesampler-mobotix-0.3.7/000048b02dd3c427/1767080763118393162-sample.jpg,query_071,caption_failed,empty caption from provider,6,inserted_degraded,empty caption from provider
sage/imagesampler-left-486/sage-imagesampler-left-0.3.5/000048b02d3ae2f4/1733734807832500393-sample.jpg,query_073,caption_failed,empty caption from provider,6,inserted_degraded,empty caption from provider
sage/imagesampler-top-1274/sage-imagesampler-top-0.3.5/00004cd98fb56d33/1763409605302412036-sample.jpg,query_071,caption_failed,empty caption from provider,6,inserted_degraded,empty caption from provider
sage/imagesampler-bottom-2726/sage-imagesampler-bottom-0.3.7/000048b02dd3c427/1739486772148148146-sample.jpg,query_073,caption_failed,empty caption from provider,6,inserted_degraded,empty caption from provider
sage/imagesampler-top-2701/sage-imagesampler-top-0.3.7/000048b02d3ae2f4/1739955609896698638-sample.jpg,query_073,caption_failed,empty caption from provider,6,inserted_degraded,empty caption from provider
sage/imagesampler-bottom-2726/sage-imagesampler-bottom-0.3.7/000048b02dd3c427/1741819685737786571-sample.jpg,query_073,caption_failed,empty caption from provider,6,inserted_degraded,empty caption from provider
sage/imagesampler-left-1813/sage-imagesampler-left-0.3.0/00002cea7f56acf2/1728500407450689476-sample.jpg,query_074,caption_failed,empty caption from provider,6,inserted_degraded,empty caption from provider
sage/sage/sage-imagesampler-bottom-0.3.7/000048b02d15bc4c/1765141212114657006-sample.jpg,query_074,caption_failed,empty caption from provider,6,inserted_degraded,empty caption from provider
sage/imagesampler-left-1813/sage-imagesampler-left-0.3.5/00002cea7f56acf2/1748468412793586857-left_camera.jpg,query_075,caption_failed,empty caption from provider,6,inserted_degraded,empty caption from provider
sage/imagesampler-bottom-2711/sage-imagesampler-bottom-0.3.7/000048b02d3ae2db/1763737209414573419-sample.jpg,query_074,caption_failed,empty caption from provider,6,inserted_degraded,empty caption from provider
sage/imagesampler-bottom-2933/sage-imagesampler-bottom-0.3.7/000048b02d15bc4c/1747476008091792486-sample.jpg,query_074,caption_failed,empty caption from provider,6,inserted_degraded,empty caption from provider
sage/imagesampler-mobotix-1813/sage-imagesampler-mobotix-0.3.7/00002cea7f56acf2/1758676510983462946-sample.jpg,query_071,caption_failed,empty caption from provider,6,inserted_degraded,empty caption from provider
sage/imagesampler-left-2316/sage-imagesampler-left-0.3.4/000048b02d3ae337/1728500411708953958-sample.jpg,query_071,caption_failed,empty caption from provider,6,inserted_degraded,empty caption from provider
sage/imagesampler-top-2701/sage-imagesampler-top-0.3.7/000048b02d3ae2f4/1767081610216410806-sample.jpg,query_075,caption_failed,empty caption from provider,6,inserted_degraded,empty caption from provider
sage/imagesampler-bottom-2726/sage-imagesampler-bottom-0.3.7/000048b02dd3c427/1739486292343793531-sample.jpg,query_073,caption_failed,empty caption from provider,6,inserted_degraded,empty caption from provider
sage/imagesampler-mobotix-2727/sage-imagesampler-mobotix-0.3.7/000048b02dd3c427/1765141893844602258-sample.jpg,query_074,caption_failed,empty caption from provider,6,inserted_degraded,empty caption from provider
sage/imagesampler-left-1739/sage-imagesampler-left-0.3.6/000048b02d3ae27a/1750075209807642317-sample.jpg,query_074,caption_failed,empty caption from provider,6,inserted_degraded,empty caption from provider
sage/imagesampler-left-1813/sage-imagesampler-left-0.3.0/00002cea7f56acf2/1725888305332026468-sample.jpg,query_076,caption_failed,empty caption from provider,6,inserted_degraded,empty caption from provider
sage/imagesampler-mobotix-1813/sage-imagesampler-mobotix-0.3.7/00002cea7f56acf2/1760380211946883540-sample.jpg,query_075,caption_failed,empty caption from provider,6,inserted_degraded,empty caption from provider
sage/imagesampler-left-1813/sage-imagesampler-left-0.3.0/00002cea7f56acf2/1714251911076396490-sample.jpg,query_077,caption_failed,empty caption from provider,6,inserted_degraded,empty caption from provider
sage/imagesampler-bottom-2726/sage-imagesampler-bottom-0.3.7/000048b02dd3c427/1741053965511075645-sample.jpg,query_075,caption_failed,empty caption from provider,6,inserted_degraded,empty caption from provider
sage/imagesampler-mobotix-2727/sage-imagesampler-mobotix-0.3.7/000048b02dd3c427/1765099824632211833-sample.jpg,query_073,caption_failed,empty caption from provider,6,inserted_degraded,empty caption from provider
sage/imagesampler-bottom-2933/sage-imagesampler-bottom-0.3.7/000048b02d15bc4c/1752760808567370994-sample.jpg,query_076,caption_failed,empty caption from provider,6,inserted_degraded,empty caption from provider
sage/imagesampler-mobotix-1813/sage-imagesampler-mobotix-0.3.7/00002cea7f56acf2/1757181311682282238-sample.jpg,query_074,caption_failed,empty caption from provider,6,inserted_degraded,empty caption from provider
sage/imagesampler-bottom-761/sage-imagesampler-bottom-0.3.5/00002cea7f4b3440/1770238810078122191-bottom_camera.jpg,query_077,caption_failed,empty caption from provider,6,inserted_degraded,empty caption from provider
sage/imagesampler-left-1813/sage-imagesampler-left-0.3.5/00002cea7f56acf2/1749416712077122477-left_camera.jpg,query_078,caption_failed,empty caption from provider,6,inserted_degraded,empty caption from provider
sage/imagesampler-left-1739/sage-imagesampler-left-0.3.6/000048b02d3ae27a/1753552812182872662-sample.jpg,query_072,caption_failed,empty caption from provider,6,inserted_degraded,empty caption from provider
sage/imagesampler-bottom-1971/sage-imagesampler-bottom-0.3.0/000048b02dd3c427/1705957208468705260-sample.jpg,query_075,caption_failed,empty caption from provider,6,inserted_degraded,empty caption from provider
sage/imagesampler-bottom-1274/sage-imagesampler-bottom-0.3.5/00004cd98fb56d33/1770238804228278819-sample.jpg,query_076,caption_failed,empty caption from provider,6,inserted_degraded,empty caption from provider
sage/imagesampler-left-1274/sage-imagesampler-left-0.3.4/00004cd98fb56d33/1706464807218246946-sample.jpg,query_073,caption_failed,empty caption from provider,6,inserted_degraded,empty caption from provider
sage/imagesampler-mobotix-2727/sage-imagesampler-mobotix-0.3.7/000048b02dd3c427/1767080693521533248-sample.jpg,query_074,caption_failed,empty caption from provider,6,inserted_degraded,empty caption from provider
sage/imagesampler-bottom-13/sage-imagesampler-bottom-0.3.0/000048b02d3af4a3/1727910017653893599-sample.jpg,query_076,caption_failed,empty caption from provider,6,inserted_degraded,empty caption from provider
sage/imagesampler-bottom-2726/sage-imagesampler-bottom-0.3.7/000048b02dd3c427/1739693051575084061-sample.jpg,query_077,caption_failed,empty caption from provider,6,inserted_degraded,empty caption from provider
sage/imagesampler-left-1739/sage-imagesampler-left-0.3.6/000048b02d3ae27a/1753682421292519901-sample.jpg,query_075,caption_failed,empty caption from provider,6,inserted_degraded,empty caption from provider
sage/imagesampler-right-1274/sage-imagesampler-right-0.3.5/00004cd98fb56d33/1744624806027356203-sample.jpg,query_076,caption_failed,empty caption from provider,6,inserted_degraded,empty caption from provider
sage/imagesampler-left-1813/sage-imagesampler-left-0.3.0/00002cea7f56acf2/1715282110536686221-sample.jpg,query_078,caption_failed,empty caption from provider,6,inserted_degraded,empty caption from provider
sage/imagesampler-mobotix-2727/sage-imagesampler-mobotix-0.3.7/000048b02dd3c427/1766174533725570404-sample.jpg,query_076,caption_failed,empty caption from provider,6,inserted_degraded,empty caption from provider
sage/imagesampler-bottom-1274/sage-imagesampler-bottom-0.3.4/00004cd98fb56d33/1711573213721672272-sample.jpg,query_077,caption_failed,empty caption from provider,6,inserted_degraded,empty caption from provider
sage/imagesampler-mobotix-2727/sage-imagesampler-mobotix-0.3.7/000048b02dd3c427/1753552811816658180-sample.jpg,query_075,caption_failed,empty caption from provider,6,inserted_degraded,empty caption from provider
sage/imagesampler-top-1274/sage-imagesampler-top-0.3.5/00004cd98fb56d33/1756083605914109176-sample.jpg,query_075,caption_failed,empty caption from provider,6,inserted_degraded,empty caption from provider
sage/imagesampler-mobotix-2689/sage-imagesampler-mobotix-0.3.7/000048b02d3ae335/1742979610866244984-sample.jpg,query_071,caption_failed,empty caption from provider,6,inserted_degraded,empty caption from provider
sage/imagesampler-left-1813/sage-imagesampler-left-0.3.5/00002cea7f56acf2/1754668813243789005-left_camera.jpg,query_080,caption_failed,empty caption from provider,6,inserted_degraded,empty caption from provider
sage/imagesampler-bottom-446/sage-imagesampler-bottom-0.3.0/000048b02d35a9b2/1714574727993006064-sample.jpg,query_078,caption_failed,empty caption from provider,6,inserted_degraded,empty caption from provider
sage/imagesampler-mobotix-1813/sage-imagesampler-mobotix-0.3.7/00002cea7f56acf2/1760943311159800663-sample.jpg,query_075,caption_failed,empty caption from provider,6,inserted_degraded,empty caption from provider
sage/imagesampler-mobotix-2727/sage-imagesampler-mobotix-0.3.7/000048b02dd3c427/1767081684113392125-sample.jpg,query_077,caption_failed,empty caption from provider,6,inserted_degraded,empty caption from provider
sage/imagesampler-bottom-2854/sage-imagesampler-bottom-0.3.7/000048b02d15bc6d/1748696405537652182-sample.jpg,query_079,caption_failed,empty caption from provider,6,inserted_degraded,empty caption from provider
sage/imagesampler-left-1813/sage-imagesampler-left-0.3.0/00002cea7f56acf2/1715282411167704723-sample.jpg,query_080,caption_failed,empty caption from provider,6,inserted_degraded,empty caption from provider
sage/imagesampler-mobotix-2715/sage-imagesampler-mobotix-0.3.7/000048b02d3ae2db/1757991613386525381-sample.jpg,query_075,caption_failed,empty caption from provider,6,inserted_degraded,empty caption from provider
sage/imagesampler-bottom-2726/sage-imagesampler-bottom-0.3.7/000048b02dd3c427/1741820045467817217-sample.jpg,query_078,caption_failed,empty caption from provider,6,inserted_degraded,empty caption from provider
sage/imagesampler-bottom-2726/sage-imagesampler-bottom-0.3.7/000048b02dd3c427/1740591725286010165-sample.jpg,query_079,caption_failed,empty caption from provider,6,inserted_degraded,empty caption from provider
sage/imagesampler-mobotix-2858/sage-imagesampler-mobotix-0.3.7/000048b02d15bc6d/1760781610475478394-sample.jpg,query_077,caption_failed,empty caption from provider,6,inserted_degraded,empty caption from provider
sage/imagesampler-mobotix-2858/sage-imagesampler-mobotix-0.3.7/000048b02d15bc6d/1765382407432708666-sample.jpg,query_077,caption_failed,empty caption from provider,6,inserted_degraded,empty caption from provider
sage/imagesampler-mobotix-2715/sage-imagesampler-mobotix-0.3.7/000048b02d3ae2db/1754668811285482953-sample.jpg,query_078,caption_failed,empty caption from provider,6,inserted_degraded,empty caption from provider
sage/imagesampler-bottom-13/sage-imagesampler-bottom-0.3.5/000048b02d3af4a3/1755478810248706493-bottom_camera.jpg,query_080,caption_failed,empty caption from provider,6,inserted_degraded,empty caption from provider
sage/imagesampler-mobotix-2858/sage-imagesampler-mobotix-0.3.7/000048b02d15bc6d/1763737221254055232-sample.jpg,query_077,caption_failed,empty caption from provider,6,inserted_degraded,empty caption from provider
sage/imagesampler-mobotix-2727/sage-imagesampler-mobotix-0.3.7/000048b02dd3c427/1761843609907756931-sample.jpg,query_078,caption_failed,empty caption from provider,6,inserted_degraded,empty caption from provider
sage/imagesampler-bottom-446/sage-imagesampler-bottom-0.3.0/000048b02d35a9b2/1726516813645583616-sample.jpg,query_079,caption_failed,empty caption from provider,6,inserted_degraded,empty caption from provider
sage/imagesampler-left-1813/sage-imagesampler-left-0.3.5/00002cea7f56acf2/1741819508030351754-left_camera.jpg,query_081,caption_failed,empty caption from provider,6,inserted_degraded,empty caption from provider
sage/imagesampler-mobotix-1813/sage-imagesampler-mobotix-0.3.7/00002cea7f56acf2/1759450211057234396-sample.jpg,query_078,caption_failed,empty caption from provider,6,inserted_degraded,empty caption from provider
sage/imagesampler-bottom-2632/sage-imagesampler-bottom-0.3.5/000048b02d35a9b2/1744038010541638467-bottom_camera.jpg,query_079,caption_failed,empty caption from provider,6,inserted_degraded,empty caption from provider
sage/imagesampler-mobotix-1813/sage-imagesampler-mobotix-0.3.7/00002cea7f56acf2/1759932012060642986-sample.jpg,query_079,caption_failed,empty caption from provider,6,inserted_degraded,empty caption from provider
sage/imagesampler-left-1813/sage-imagesampler-left-0.3.5/00002cea7f56acf2/1750960212794179209-left_camera.jpg,query_081,caption_failed,empty caption from provider,6,inserted_degraded,empty caption from provider
sage/imagesampler-left-1813/sage-imagesampler-left-0.3.5/00002cea7f56acf2/1752762012318665569-left_camera.jpg,query_081,caption_failed,empty caption from provider,6,inserted_degraded,empty caption from provider
sage/imagesampler-left-1813/sage-imagesampler-left-0.3.5/00002cea7f56acf2/1752542722291380700-left_camera.jpg,query_081,caption_failed,empty caption from provider,6,inserted_degraded,empty caption from provider
sage/imagesampler-top-1274/sage-imagesampler-top-0.3.4/00004cd98fb56d33/1713405606346970322-sample.jpg,query_079,caption_failed,empty caption from provider,6,inserted_degraded,empty caption from provider
sage/imagesampler-bottom-1740/sage-imagesampler-bottom-0.3.0/000048b02d3ae337/1706360412097608041-sample.jpg,query_081,caption_failed,empty caption from provider,6,inserted_degraded,empty caption from provider
sage/imagesampler-left-1813/sage-imagesampler-left-0.3.5/00002cea7f56acf2/1744037707242867970-left_camera.jpg,query_081,caption_failed,empty caption from provider,6,inserted_degraded,empty caption from provider
sage/imagesampler-mobotix-2727/sage-imagesampler-mobotix-0.3.7/000048b02dd3c427/1748696411222699713-sample.jpg,query_078,caption_failed,empty caption from provider,6,inserted_degraded,empty caption from provider
sage/imagesampler-mobotix-2689/sage-imagesampler-mobotix-0.3.7/000048b02d3ae335/1749873611770097890-sample.jpg,query_076,caption_failed,empty caption from provider,6,inserted_degraded,empty caption from provider
sage/imagesampler-bottom-2705/sage-imagesampler-bottom-0.3.7/000048b02d3ae2f2/1753869608687848718-sample.jpg,query_080,caption_failed,empty caption from provider,6,inserted_degraded,empty caption from provider
sage/imagesampler-bottom-1274/sage-imagesampler-bottom-0.3.5/00004cd98fb56d33/1757181604643793426-sample.jpg,query_079,caption_failed,empty caption from provider,6,inserted_degraded,empty caption from provider
sage/imagesampler-left-1813/sage-imagesampler-left-0.3.0/00002cea7f56acf2/1726257905560169338-sample.jpg,query_082,caption_failed,empty caption from provider,6,inserted_degraded,empty caption from provider
sage/imagesampler-bottom-2688/sage-imagesampler-bottom-0.3.7/000048b02d3ae335/1765382407485932808-sample.jpg,query_082,caption_failed,empty caption from provider,6,inserted_degraded,empty caption from provider
sage/imagesampler-bottom-2705/sage-imagesampler-bottom-0.3.7/000048b02d3ae2f2/1767081612281501064-sample.jpg,query_081,caption_failed,empty caption from provider,6,inserted_degraded,empty caption from provider
sage/imagesampler-left-1813/sage-imagesampler-left-0.3.5/00002cea7f56acf2/1748695211960230588-left_camera.jpg,query_083,caption_failed,empty caption from provider,6,inserted_degraded,empty caption from provider
sage/sage/sage-imagesampler-left-0.3.4/000048b02d3ae2f4/1715281216902931210-sample.jpg,query_082,caption_failed,empty caption from provider,6,inserted_degraded,empty caption from provider
sage/imagesampler-left-1813/sage-imagesampler-left-0.3.5/00002cea7f56acf2/1752761122477830706-left_camera.jpg,query_084,caption_failed,empty caption from provider,6,inserted_degraded,empty caption from provider
sage/imagesampler-mobotix-2727/sage-imagesampler-mobotix-0.3.7/000048b02dd3c427/1765141334823606497-sample.jpg,query_081,caption_failed,empty caption from provider,6,inserted_degraded,empty caption from provider
sage/imagesampler-bottom-1731/sage-imagesampler-bottom-0.3.5/000048b02d3b1313/1765382433454392549-bottom_camera.jpg,query_082,caption_failed,empty caption from provider,6,inserted_degraded,empty caption from provider
sage/imagesampler-mobotix-2727/sage-imagesampler-mobotix-0.3.7/000048b02dd3c427/1764374406603010234-sample.jpg,query_080,caption_failed,empty caption from provider,6,inserted_degraded,empty caption from provider
sage/imagesampler-bottom-1274/sage-imagesampler-bottom-0.3.5/00004cd98fb56d33/1767247204184512416-sample.jpg,query_081,caption_failed,empty caption from provider,6,inserted_degraded,empty caption from provider
sage/imagesampler-bottom-446/sage-imagesampler-bottom-0.3.0/000048b02d35a9b2/1717536615542698232-sample.jpg,query_082,caption_failed,empty caption from provider,6,inserted_degraded,empty caption from provider
sage/imagesampler-left-1813/sage-imagesampler-left-0.3.5/00002cea7f56acf2/1744038017621998293-left_camera.jpg,query_084,caption_failed,empty caption from provider,6,inserted_degraded,empty caption from provider
sage/imagesampler-top-2701/sage-imagesampler-top-0.3.7/000048b02d3ae2f4/1739955609896698638-sample.jpg,query_083,caption_failed,empty caption from provider,6,inserted_degraded,empty caption from provider
sage/imagesampler-bottom-2626/sage-imagesampler-bottom-0.3.5/000048b02d3ae300/1733227208827131590-bottom_camera.jpg,query_083,caption_failed,empty caption from provider,6,inserted_degraded,empty caption from provider
sage/imagesampler-mobotix-2727/sage-imagesampler-mobotix-0.3.7/000048b02dd3c427/1759046412505859967-sample.jpg,query_079,caption_failed,empty caption from provider,6,inserted_degraded,empty caption from provider
sage/imagesampler-mobotix-2727/sage-imagesampler-mobotix-0.3.7/000048b02dd3c427/1766607063114063039-sample.jpg,query_083,caption_failed,empty caption from provider,6,inserted_degraded,empty caption from provider
sage/imagesampler-bottom-1740/sage-imagesampler-bottom-0.3.0/000048b02d3ae337/1711792817039798204-sample.jpg,query_083,caption_failed,empty caption from provider,6,inserted_degraded,empty caption from provider
sage/imagesampler-bottom-1738/sage-imagesampler-bottom-0.3.5/000048b02d15bc6d/1741820426475210519-bottom_camera.jpg,query_083,caption_failed,empty caption from provider,6,inserted_degraded,empty caption from provider
sage/imagesampler-mobotix-1813/sage-imagesampler-mobotix-0.3.7/00002cea7f56acf2/1760943311159800663-sample.jpg,query_080,caption_failed,empty caption from provider,6,inserted_degraded,empty caption from provider
sage/imagesampler-left-1813/sage-imagesampler-left-0.3.5/00002cea7f56acf2/1737401406283496101-left_camera.jpg,query_084,caption_failed,empty caption from provider,6,inserted_degraded,empty caption from provider
sage/imagesampler-bottom-2626/sage-imagesampler-bottom-0.3.5/000048b02d3ae300/1743696008344401620-bottom_camera.jpg,query_084,caption_failed,empty caption from provider,6,inserted_degraded,empty caption from provider
sage/imagesampler-top-1274/sage-imagesampler-top-0.3.5/00004cd98fb56d33/1761264007359978156-sample.jpg,query_082,caption_failed,empty caption from provider,6,inserted_degraded,empty caption from provider
sage/imagesampler-hanwhaptz-2690/sage-imagesampler-hanwhaptz-0.3.7/000048b02d3ae335/1750075213560951412-sample.jpg,query_084,caption_failed,empty caption from provider,6,inserted_degraded,empty caption from provider
sage/imagesampler-bottom-446/sage-imagesampler-bottom-0.3.0/000048b02d35a9b2/1726516813645583616-sample.jpg,query_084,caption_failed,empty caption from provider,6,inserted_degraded,empty caption from provider
sage/imagesampler-bottom-2726/sage-imagesampler-bottom-0.3.7/000048b02dd3c427/1753870211428882699-sample.jpg,query_084,caption_failed,empty caption from provider,6,inserted_degraded,empty caption from provider
sage/imagesampler-left-1813/sage-imagesampler-left-0.3.5/00002cea7f56acf2/1737301505360373015-left_camera.jpg,query_085,caption_failed,empty caption from provider,6,inserted_degraded,empty caption from provider
sage/imagesampler-left-2316/sage-imagesampler-left-0.3.4/000048b02d3ae337/1728273651859518456-sample.jpg,query_078,caption_failed,empty caption from provider,6,inserted_degraded,empty caption from provider
sage/imagesampler-mobotix-2727/sage-imagesampler-mobotix-0.3.7/000048b02dd3c427/1765671313681201990-sample.jpg,query_082,caption_failed,empty caption from provider,6,inserted_degraded,empty caption from provider
sage/imagesampler-bottom-1731/sage-imagesampler-bottom-0.3.5/000048b02dd3c42d/1749873622664516172-bottom_camera.jpg,query_084,caption_failed,empty caption from provider,6,inserted_degraded,empty caption from provider
sage/imagesampler-bottom-446/sage-imagesampler-bottom-0.3.0/000048b02d35a9b2/1721556914744128867-sample.jpg,query_084,caption_failed,empty caption from provider,6,inserted_degraded,empty caption from provider
sage/imagesampler-bottom-2128/sage-imagesampler-bottom-0.3.4/000048b02dd3c637/1717536607049837974-sample.jpg,query_083,caption_failed,empty caption from provider,6,inserted_degraded,empty caption from provider
sage/imagesampler-bottom-2854/sage-imagesampler-bottom-0.3.7/000048b02d15bc6d/1748696405537652182-sample.jpg,query_085,caption_failed,empty caption from provider,6,inserted_degraded,empty caption from provider
sage/imagesampler-left-1813/sage-imagesampler-left-0.3.5/00002cea7f56acf2/1754667311660409127-left_camera.jpg,query_087,caption_failed,empty caption from provider,6,inserted_degraded,empty caption from provider
sage/imagesampler-bottom-2688/sage-imagesampler-bottom-0.3.7/000048b02d3ae335/1749873611940855080-sample.jpg,query_085,caption_failed,empty caption from provider,6,inserted_degraded,empty caption from provider
sage/imagesampler-mobotix-2727/sage-imagesampler-mobotix-0.3.7/000048b02dd3c427/1765672224223528233-sample.jpg,query_084,caption_failed,empty caption from provider,6,inserted_degraded,empty caption from provider
sage/imagesampler-bottom-2726/sage-imagesampler-bottom-0.3.7/000048b02dd3c427/1739544492159074367-sample.jpg,query_086,caption_failed,empty caption from provider,6,inserted_degraded,empty caption from provider
sage/imagesampler-left-1813/sage-imagesampler-left-0.3.5/00002cea7f56acf2/1734468918968445809-left_camera.jpg,query_087,caption_failed,empty caption from provider,6,inserted_degraded,empty caption from provider
sage/imagesampler-left-1738/sage-imagesampler-left-0.3.4/000048b02d15bc6d/1715662813759873203-sample.jpg,query_082,caption_failed,empty caption from provider,6,inserted_degraded,empty caption from provider
sage/imagesampler-left-1813/sage-imagesampler-left-0.3.0/00002cea7f56acf2/1728499505137080427-sample.jpg,query_086,caption_failed,empty caption from provider,6,inserted_degraded,empty caption from provider
sage/imagesampler-left-1813/sage-imagesampler-left-0.3.0/00002cea7f56acf2/1715117710583085510-sample.jpg,query_088,caption_failed,empty caption from provider,6,inserted_degraded,empty caption from provider
sage/imagesampler-mobotix-1813/sage-imagesampler-mobotix-0.3.7/00002cea7f56acf2/1758744011131240101-sample.jpg,query_083,caption_failed,empty caption from provider,6,inserted_degraded,empty caption from provider
sage/imagesampler-bottom-1274/sage-imagesampler-bottom-0.3.5/00004cd98fb56d33/1744038004885989981-sample.jpg,query_084,caption_failed,empty caption from provider,6,inserted_degraded,empty caption from provider
sage/imagesampler-right-1274/sage-imagesampler-right-0.3.5/00004cd98fb56d33/1770238806260195076-sample.jpg,query_086,caption_failed,empty caption from provider,6,inserted_degraded,empty caption from provider
sage/imagesampler-bottom-2632/sage-imagesampler-bottom-0.3.5/000048b02d35a9b2/1755478811156597183-bottom_camera.jpg,query_086,caption_failed,empty caption from provider,6,inserted_degraded,empty caption from provider
sage/imagesampler-bottom-2711/sage-imagesampler-bottom-0.3.7/000048b02d3ae2db/1760436012247262255-sample.jpg,query_087,caption_failed,empty caption from provider,6,inserted_degraded,empty caption from provider
sage/imagesampler-bottom-2726/sage-imagesampler-bottom-0.3.7/000048b02dd3c427/1741054325089280648-sample.jpg,query_088,caption_failed,empty caption from provider,6,inserted_degraded,empty caption from provider
sage/imagesampler-mobotix-2727/sage-imagesampler-mobotix-0.3.7/000048b02dd3c427/1767080623845423327-sample.jpg,query_084,caption_failed,empty caption from provider,6,inserted_degraded,empty caption from provider
sage/imagesampler-left-1813/sage-imagesampler-left-0.3.5/00002cea7f56acf2/1741390818411247987-left_camera.jpg,query_088,caption_failed,empty caption from provider,6,inserted_degraded,empty caption from provider
sage/imagesampler-bottom-13/sage-imagesampler-bottom-0.3.5/000048b02d3af4a3/1743696026477294275-bottom_camera.jpg,query_089,caption_failed,empty caption from provider,6,inserted_degraded,empty caption from provider
sage/imagesampler-bottom-2726/sage-imagesampler-bottom-0.3.7/000048b02dd3c427/1739956332329079475-sample.jpg,query_089,caption_failed,empty caption from provider,6,inserted_degraded,empty caption from provider
sage/imagesampler-bottom-2128/sage-imagesampler-bottom-0.3.4/000048b02dd3c637/1727911810727009984-sample.jpg,query_089,caption_failed,empty caption from provider,6,inserted_degraded,empty caption from provider
sage/imagesampler-bottom-1274/sage-imagesampler-bottom-0.3.4/00004cd98fb56d33/1715047210770095763-sample.jpg,query_088,caption_failed,empty caption from provider,6,inserted_degraded,empty caption from provider
sage/imagesampler-mobotix-2727/sage-imagesampler-mobotix-0.3.7/000048b02dd3c427/1764123606442426661-sample.jpg,query_085,caption_failed,empty caption from provider,6,inserted_degraded,empty caption from provider
sage/imagesampler-left-1813/sage-imagesampler-left-0.3.0/00002cea7f56acf2/1727909705432578211-sample.jpg,query_090,caption_failed,empty caption from provider,6,inserted_degraded,empty caption from provider
sage/imagesampler-left-1813/sage-imagesampler-left-0.3.5/00002cea7f56acf2/1746971412369024000-left_camera.jpg,query_090,caption_failed,empty caption from provider,6,inserted_degraded,empty caption from provider
sage/imagesampler-mobotix-1813/sage-imagesampler-mobotix-0.3.7/00002cea7f56acf2/1754961611474166312-sample.jpg,query_088,caption_failed,empty caption from provider,6,inserted_degraded,empty caption from provider
sage/imagesampler-mobotix-2727/sage-imagesampler-mobotix-0.3.7/000048b02dd3c427/1766173833904601430-sample.jpg,query_085,caption_failed,empty caption from provider,6,inserted_degraded,empty caption from provider
sage/imagesampler-top-757/sage-imagesampler-top-0.3.0/000048b02d0766be/1715662841839695863-sample.jpg,query_089,caption_failed,empty caption from provider,6,inserted_degraded,empty caption from provider
sage/imagesampler-bottom-1971/sage-imagesampler-bottom-0.3.0/000048b02dd3c427/1728273615074188044-sample.jpg,query_089,caption_failed,empty caption from provider,6,inserted_degraded,empty caption from provider
sage/imagesampler-mobotix-2858/sage-imagesampler-mobotix-0.3.7/000048b02d15bc6d/1743210064459834951-sample.jpg,query_084,caption_failed,empty caption from provider,6,inserted_degraded,empty caption from provider
sage/imagesampler-left-1813/sage-imagesampler-left-0.3.0/00002cea7f56acf2/1727909405974279291-sample.jpg,query_091,caption_failed,empty caption from provider,6,inserted_degraded,empty caption from provider
sage/imagesampler-mobotix-2715/sage-imagesampler-mobotix-0.3.7/000048b02d3ae2db/1754668811285482953-sample.jpg,query_086,caption_failed,empty caption from provider,6,inserted_degraded,empty caption from provider
sage/imagesampler-left-1813/sage-imagesampler-left-0.3.0/00002cea7f56acf2/1706463306077135312-sample.jpg,query_091,caption_failed,empty caption from provider,6,inserted_degraded,empty caption from provider
sage/imagesampler-bottom-2705/sage-imagesampler-bottom-0.3.7/000048b02d3ae2f2/1759046412113096311-sample.jpg,query_089,caption_failed,empty caption from provider,6,inserted_degraded,empty caption from provider
sage/imagesampler-left-1813/sage-imagesampler-left-0.3.0/00002cea7f56acf2/1717535711803119486-sample.jpg,query_091,caption_failed,empty caption from provider,6,inserted_degraded,empty caption from provider
sage/imagesampler-mobotix-2727/sage-imagesampler-mobotix-0.3.7/000048b02dd3c427/1766608673640189986-sample.jpg,query_089,caption_failed,empty caption from provider,6,inserted_degraded,empty caption from provider
sage/imagesampler-left-1813/sage-imagesampler-left-0.3.5/00002cea7f56acf2/1746971112055830792-left_camera.jpg,query_092,caption_failed,empty caption from provider,6,inserted_degraded,empty caption from provider
sage/sage/sage-imagesampler-bottom-0.2.5/000048b02d15c31a/1730014962566833754-sample.jpg,query_091,caption_failed,empty caption from provider,6,inserted_degraded,empty caption from provider
sage/imagesampler-bottom-1274/sage-imagesampler-bottom-0.3.5/00004cd98fb56d33/1763409605326463777-sample.jpg,query_089,caption_failed,empty caption from provider,6,inserted_degraded,empty caption from provider
sage/imagesampler-mobotix-2689/sage-imagesampler-mobotix-0.3.7/000048b02d3ae335/1770883212457961415-sample.jpg,query_087,caption_failed,empty caption from provider,6,inserted_degraded,empty caption from provider
sage/imagesampler-bottom-13/sage-imagesampler-bottom-0.3.5/000048b02d3af4a3/1750075210204309683-bottom_camera.jpg,query_090,caption_failed,empty caption from provider,6,inserted_degraded,empty caption from provider
sage/imagesampler-bottom-1731/sage-imagesampler-bottom-0.3.0/000048b02dd3c42d/1726516812381371164-sample.jpg,query_090,caption_failed,empty caption from provider,6,inserted_degraded,empty caption from provider
sage/imagesampler-left-1813/sage-imagesampler-left-0.3.0/00002cea7f56acf2/1717960511770739081-sample.jpg,query_092,caption_failed,empty caption from provider,6,inserted_degraded,empty caption from provider
sage/imagesampler-bottom-1739/sage-imagesampler-bottom-0.3.0/000048b02d3ae27a/1711573216234551050-sample.jpg,query_091,caption_failed,empty caption from provider,6,inserted_degraded,empty caption from provider
sage/imagesampler-bottom-2316/sage-imagesampler-bottom-0.3.0/000048b02d3ae337/1719320413248684698-sample.jpg,query_091,caption_failed,empty caption from provider,6,inserted_degraded,empty caption from provider
sage/imagesampler-mobotix-2727/sage-imagesampler-mobotix-0.3.7/000048b02dd3c427/1763805304949459849-sample.jpg,query_088,caption_failed,empty caption from provider,6,inserted_degraded,empty caption from provider
sage/imagesampler-bottom-761/sage-imagesampler-bottom-0.3.5/00002cea7f4b3440/1758744010889659582-bottom_camera.jpg,query_093,caption_failed,empty caption from provider,6,inserted_degraded,empty caption from provider
sage/imagesampler-bottom-2726/sage-imagesampler-bottom-0.3.7/000048b02dd3c427/1739955612953845963-sample.jpg,query_092,caption_failed,empty caption from provider,6,inserted_degraded,empty caption from provider
sage/imagesampler-top-2701/sage-imagesampler-top-0.3.7/000048b02d3ae2f4/1747476009997314924-sample.jpg,query_091,caption_failed,empty caption from provider,6,inserted_degraded,empty caption from provider
sage/imagesampler-right-1739/sage-imagesampler-right-0.3.6/000048b02d3ae27a/1757181610791676279-sample.jpg,query_093,caption_failed,empty caption from provider,6,inserted_degraded,empty caption from provider
sage/imagesampler-bottom-2681/sage-imagesampler-bottom-0.3.7/000048b02d3ae30a/1750960212415392383-sample.jpg,query_090,caption_failed,empty caption from provider,6,inserted_degraded,empty caption from provider
sage/imagesampler-bottom-2626/sage-imagesampler-bottom-0.3.5/000048b02d3ae300/1770883215217890989-bottom_camera.jpg,query_093,caption_failed,empty caption from provider,6,inserted_degraded,empty caption from provider
sage/imagesampler-left-1813/sage-imagesampler-left-0.3.5/00002cea7f56acf2/1754668521977395446-left_camera.jpg,query_094,caption_failed,empty caption from provider,6,inserted_degraded,empty caption from provider
sage/imagesampler-bottom-2851/sage-imagesampler-bottom-0.3.7/000048b02dd3c5b3/1750960810775845029-sample.jpg,query_094,caption_failed,empty caption from provider,6,inserted_degraded,empty caption from provider
sage/imagesampler-bottom-2726/sage-imagesampler-bottom-0.3.7/000048b02dd3c427/1739486772148148146-sample.jpg,query_092,caption_failed,empty caption from provider,6,inserted_degraded,empty caption from provider
sage/imagesampler-mobotix-2858/sage-imagesampler-mobotix-0.3.7/000048b02d15bc6d/1766174514427314366-sample.jpg,query_085,caption_failed,empty caption from provider,6,inserted_degraded,empty caption from provider
sage/imagesampler-hanwhaptz-2956/sage-imagesampler-hanwhaptz-0.3.7/000048b02dd3c427/1754961611467793487-sample.jpg,query_093,caption_failed,empty caption from provider,6,inserted_degraded,empty caption from provider
sage/imagesampler-left-1813/sage-imagesampler-left-0.3.0/00002cea7f56acf2/1714251921208243368-sample.jpg,query_094,caption_failed,empty caption from provider,6,inserted_degraded,empty caption from provider
sage/imagesampler-left-1739/sage-imagesampler-left-0.3.4/000048b02d3ae27a/1718445612501457590-sample.jpg,query_088,caption_failed,empty caption from provider,6,inserted_degraded,empty caption from provider
sage/imagesampler-bottom-4635/sage-imagesampler-bottom-0.3.5/000048b02dd3c637/1753552807809201041-bottom_camera.jpg,query_095,caption_failed,empty caption from provider,6,inserted_degraded,empty caption from provider
sage/imagesampler-bottom-13/sage-imagesampler-bottom-0.3.0/000048b02d3af4a3/1707242411688810292-sample.jpg,query_092,caption_failed,empty caption from provider,6,inserted_degraded,empty caption from provider
sage/imagesampler-top-1731/sage-imagesampler-top-0.3.5/000048b02d3b1313/1748696406224320773-top_camera.jpg,query_094,caption_failed,empty caption from provider,6,inserted_degraded,empty caption from provider
sage/imagesampler-bottom-2626/sage-imagesampler-bottom-0.3.5/000048b02d3ae300/1761955215150370932-bottom_camera.jpg,query_096,caption_failed,empty caption from provider,6,inserted_degraded,empty caption from provider
sage/imagesampler-bottom-1731/sage-imagesampler-bottom-0.3.5/000048b02d3b1313/1749456008318658532-bottom_camera.jpg,query_096,caption_failed,empty caption from provider,6,inserted_degraded,empty caption from provider
sage/imagesampler-mobotix-2727/sage-imagesampler-mobotix-0.3.7/000048b02dd3c427/1753682411682333295-sample.jpg,query_091,caption_failed,empty caption from provider,6,inserted_degraded,empty caption from provider
sage/imagesampler-bottom-1739/sage-imagesampler-bottom-0.3.5/000048b02d3ae27a/1748696412373812262-bottom_camera.jpg,query_096,caption_failed,empty caption from provider,6,inserted_degraded,empty caption from provider
sage/imagesampler-bottom-2933/sage-imagesampler-bottom-0.3.7/000048b02d15bc4c/1758744004339607932-sample.jpg,query_094,caption_failed,empty caption from provider,6,inserted_degraded,empty caption from provider
sage/imagesampler-mobotix-2727/sage-imagesampler-mobotix-0.3.7/000048b02dd3c427/1761264013030057628-sample.jpg,query_092,caption_failed,empty caption from provider,6,inserted_degraded,empty caption from provider
sage/imagesampler-mobotix-2727/sage-imagesampler-mobotix-0.3.7/000048b02dd3c427/1764411904255899862-sample.jpg,query_092,caption_failed,empty caption from provider,6,inserted_degraded,empty caption from provider
sage/imagesampler-left-1813/sage-imagesampler-left-0.3.5/00002cea7f56acf2/1749417922458021485-left_camera.jpg,query_097,caption_failed,empty caption from provider,6,inserted_degraded,empty caption from provider
sage/imagesampler-bottom-922/sage-imagesampler-bottom-0.3.0/000048b02d3ae2e2/1727910011298679440-sample.jpg,query_096,caption_failed,empty caption from provider,6,inserted_degraded,empty caption from provider
sage/imagesampler-top-1274/sage-imagesampler-top-0.3.5/00004cd98fb56d33/1761843614851060130-sample.jpg,query_092,caption_failed,empty caption from provider,6,inserted_degraded,empty caption from provider
sage/imagesampler-mobotix-1813/sage-imagesampler-mobotix-0.3.7/00002cea7f56acf2/1756084511154322657-sample.jpg,query_092,caption_failed,empty caption from provider,6,inserted_degraded,empty caption from provider
sage/imagesampler-bottom-446/sage-imagesampler-bottom-0.3.0/000048b02d35a9b2/1723186814276479123-sample.jpg,query_096,caption_failed,empty caption from provider,6,inserted_degraded,empty caption from provider
sage/imagesampler-mobotix-2727/sage-imagesampler-mobotix-0.3.7/000048b02dd3c427/1765672713375269250-sample.jpg,query_095,caption_failed,empty caption from provider,6,inserted_degraded,empty caption from provider
sage/imagesampler-bottom-2711/sage-imagesampler-bottom-0.3.7/000048b02d3ae2db/1740801608619282803-sample.jpg,query_097,caption_failed,empty caption from provider,6,inserted_degraded,empty caption from provider
sage/imagesampler-mobotix-2727/sage-imagesampler-mobotix-0.3.7/000048b02dd3c427/1767082103483462695-sample.jpg,query_094,caption_failed,empty caption from provider,6,inserted_degraded,empty caption from provider
sage/imagesampler-mobotix-2727/sage-imagesampler-mobotix-0.3.7/000048b02dd3c427/1765141264228743720-sample.jpg,query_096,caption_failed,empty caption from provider,6,inserted_degraded,empty caption from provider
sage/imagesampler-bottom-2933/sage-imagesampler-bottom-0.3.7/000048b02d15bc4c/1749456007699008313-sample.jpg,query_098,caption_failed,empty caption from provider,6,inserted_degraded,empty caption from provider
sage/imagesampler-mobotix-1813/sage-imagesampler-mobotix-0.3.7/00002cea7f56acf2/1758744011131240101-sample.jpg,query_094,caption_failed,empty caption from provider,6,inserted_degraded,empty caption from provider
sage/imagesampler-bottom-1971/sage-imagesampler-bottom-0.3.0/000048b02dd3c427/1728500415759794627-sample.jpg,query_097,caption_failed,empty caption from provider,6,inserted_degraded,empty caption from provider
sage/imagesampler-left-1813/sage-imagesampler-left-0.3.0/00002cea7f56acf2/1713405611774328056-sample.jpg,query_099,caption_failed,empty caption from provider,6,inserted_degraded,empty caption from provider
sage/imagesampler-mobotix-1813/sage-imagesampler-mobotix-0.3.7/00002cea7f56acf2/1759932912335717338-sample.jpg,query_097,caption_failed,empty caption from provider,6,inserted_degraded,empty caption from provider
sage/imagesampler-left-1813/sage-imagesampler-left-0.3.5/00002cea7f56acf2/1748695211960230588-left_camera.jpg,query_098,caption_failed,empty caption from provider,6,inserted_degraded,empty caption from provider
sage/imagesampler-left-1738/sage-imagesampler-left-0.3.6/000048b02d15bc6d/1741064461613619422-sample.jpg,query_095,caption_failed,empty caption from provider,6,inserted_degraded,empty caption from provider
sage/imagesampler-bottom-1971/sage-imagesampler-bottom-0.3.0/000048b02dd3c427/1705086011103508266-sample.jpg,query_097,caption_failed,empty caption from provider,6,inserted_degraded,empty caption from provider
sage/imagesampler-left-1813/sage-imagesampler-left-0.3.0/00002cea7f56acf2/1714251921208243368-sample.jpg,query_099,caption_failed,empty caption from provider,6,inserted_degraded,empty caption from provider
sage/imagesampler-mobotix-2727/sage-imagesampler-mobotix-0.3.7/000048b02dd3c427/1766607553298111887-sample.jpg,query_098,caption_failed,empty caption from provider,6,inserted_degraded,empty caption from provider
sage/imagesampler-mobotix-2727/sage-imagesampler-mobotix-0.3.7/000048b02dd3c427/1763410811428727302-sample.jpg,query_095,caption_failed,empty caption from provider,6,inserted_degraded,empty caption from provider
sage/imagesampler-mobotix-2727/sage-imagesampler-mobotix-0.3.7/000048b02dd3c427/1765383344126744266-sample.jpg,query_095,caption_failed,empty caption from provider,6,inserted_degraded,empty caption from provider
sage/imagesampler-top-1274/sage-imagesampler-top-0.3.5/00004cd98fb56d33/1755478805431184315-sample.jpg,query_097,caption_failed,empty caption from provider,6,inserted_degraded,empty caption from provider
sage/imagesampler-mobotix-1813/sage-imagesampler-mobotix-0.3.7/00002cea7f56acf2/1756084511154322657-sample.jpg,query_096,caption_failed,empty caption from provider,6,inserted_degraded,empty caption from provider
sage/imagesampler-bottom-1971/sage-imagesampler-bottom-0.3.0/000048b02dd3c427/1718884814129190937-sample.jpg,query_099,caption_failed,empty caption from provider,6,inserted_degraded,empty caption from provider
sage/imagesampler-bottom-1274/sage-imagesampler-bottom-0.3.5/00004cd98fb56d33/1756083604900288735-sample.jpg,query_097,caption_failed,empty caption from provider,6,inserted_degraded,empty caption from provider
sage/imagesampler-bottom-2726/sage-imagesampler-bottom-0.3.7/000048b02dd3c427/1742787606227287290-sample.jpg,query_099,caption_failed,empty caption from provider,6,inserted_degraded,empty caption from provider
sage/imagesampler-bottom-446/sage-imagesampler-bottom-0.3.0/000048b02d35a9b2/1726517713566720797-sample.jpg,query_097,caption_failed,empty caption from provider,6,inserted_degraded,empty caption from provider
sage/imagesampler-left-1813/sage-imagesampler-left-0.3.0/00002cea7f56acf2/1726516505318094981-sample.jpg,query_100,caption_failed,empty caption from provider,6,inserted_degraded,empty caption from provider
sage/imagesampler-bottom-2628/sage-imagesampler-bottom-0.3.5/000048b02d3ae2e2/1733367608080136502-bottom_camera.jpg,query_099,caption_failed,empty caption from provider,6,inserted_degraded,empty caption from provider
sage/imagesampler-mobotix-1813/sage-imagesampler-mobotix-0.3.7/00002cea7f56acf2/1757990410614547018-sample.jpg,query_096,caption_failed,empty caption from provider,6,inserted_degraded,empty caption from provider
sage/imagesampler-bottom-446/sage-imagesampler-bottom-0.3.0/000048b02d35a9b2/1716025508959999433-sample.jpg,query_099,caption_failed,empty caption from provider,6,inserted_degraded,empty caption from provider
sage/imagesampler-left-1274/sage-imagesampler-left-0.3.5/00004cd98fb56d33/1764374406059586160-sample.jpg,query_098,caption_failed,empty caption from provider,6,inserted_degraded,empty caption from provider
sage/sage/sage-imagesampler-bottom-0.3.7/000048b02d3ae30a/1752761427562666951-sample.jpg,query_098,caption_failed,empty caption from provider,6,inserted_degraded,empty caption from provider
sage/imagesampler-mobotix-2727/sage-imagesampler-mobotix-0.3.7/000048b02dd3c427/1753552811816658180-sample.jpg,query_097,caption_failed,empty caption from provider,6,inserted_degraded,empty caption from provider
sage/imagesampler-left-1813/sage-imagesampler-left-0.3.5/00002cea7f56acf2/1741389318239616937-left_camera.jpg,query_101,caption_failed,empty caption from provider,6,inserted_degraded,empty caption from provider
sage/imagesampler-bottom-1971/sage-imagesampler-bottom-0.3.0/000048b02dd3c427/1718704808621483293-sample.jpg,query_100,caption_failed,empty caption from provider,6,inserted_degraded,empty caption from provider
sage/imagesampler-bottom-2705/sage-imagesampler-bottom-0.3.7/000048b02d3ae2f2/1770238813366505860-sample.jpg,query_100,caption_failed,empty caption from provider,6,inserted_degraded,empty caption from provider
sage/imagesampler-bottom-2726/sage-imagesampler-bottom-0.3.7/000048b02dd3c427/1741820525172526382-sample.jpg,query_099,caption_failed,empty caption from provider,6,inserted_degraded,empty caption from provider
sage/imagesampler-mobotix-2727/sage-imagesampler-mobotix-0.3.7/000048b02dd3c427/1749456011686393352-sample.jpg,query_098,caption_failed,empty caption from provider,6,inserted_degraded,empty caption from provider
sage/imagesampler-top-13/sage-imagesampler-top-0.3.5/000048b02d3af4a3/1770940821862798683-top_camera.jpg,query_101,caption_failed,empty caption from provider,6,inserted_degraded,empty caption from provider
sage/imagesampler-mobotix-2727/sage-imagesampler-mobotix-0.3.7/000048b02dd3c427/1763736905288268843-sample.jpg,query_098,caption_failed,empty caption from provider,6,inserted_degraded,empty caption from provider
sage/imagesampler-bottom-2726/sage-imagesampler-bottom-0.3.7/000048b02dd3c427/1741052885901730177-sample.jpg,query_101,caption_failed,empty caption from provider,6,inserted_degraded,empty caption from provider
sage/imagesampler-bottom-2726/sage-imagesampler-bottom-0.3.7/000048b02dd3c427/1741820407532678605-sample.jpg,query_101,caption_failed,empty caption from provider,6,inserted_degraded,empty caption from provider
sage/imagesampler-mobotix-2689/sage-imagesampler-mobotix-0.3.7/000048b02d3ae335/1742979610866244984-sample.jpg,query_095,caption_failed,empty caption from provider,6,inserted_degraded,empty caption from provider
sage/imagesampler-bottom-13/sage-imagesampler-bottom-0.3.5/000048b02d3af4a3/1743696013394207263-bottom_camera.jpg,query_102,caption_failed,empty caption from provider,6,inserted_degraded,empty caption from provider
sage/imagesampler-bottom-2681/sage-imagesampler-bottom-0.3.7/000048b02d3ae30a/1743697207121411443-sample.jpg,query_100,caption_failed,empty caption from provider,6,inserted_degraded,empty caption from provider
sage/imagesampler-top-757/sage-imagesampler-top-0.3.0/000048b02d0766be/1706360417939685780-sample.jpg,query_100,caption_failed,empty caption from provider,6,inserted_degraded,empty caption from provider
sage/imagesampler-bottom-2626/sage-imagesampler-bottom-0.3.5/000048b02d3ae300/1757181626922885842-bottom_camera.jpg,query_102,caption_failed,empty caption from provider,6,inserted_degraded,empty caption from provider
sage/imagesampler-top-13/sage-imagesampler-top-0.3.5/000048b02d3af4a3/1739955615626583166-top_camera.jpg,query_102,caption_failed,empty caption from provider,6,inserted_degraded,empty caption from provider
sage/imagesampler-bottom-1739/sage-imagesampler-bottom-0.3.0/000048b02d3ae27a/1730322018056007135-sample.jpg,query_102,caption_failed,empty caption from provider,6,inserted_degraded,empty caption from provider
sage/imagesampler-bottom-2726/sage-imagesampler-bottom-0.3.7/000048b02dd3c427/1742787006847257999-sample.jpg,query_103,caption_failed,empty caption from provider,6,inserted_degraded,empty caption from provider
sage/imagesampler-mobotix-2727/sage-imagesampler-mobotix-0.3.7/000048b02dd3c427/1763753704173917426-sample.jpg,query_102,caption_failed,empty caption from provider,6,inserted_degraded,empty caption from provider
sage/imagesampler-top-1731/sage-imagesampler-top-0.3.5/000048b02d3b1313/1747476006546471254-top_camera.jpg,query_103,caption_failed,empty caption from provider,6,inserted_degraded,empty caption from provider
sage/imagesampler-bottom-2705/sage-imagesampler-bottom-0.3.7/000048b02d3ae2f2/1749456009400398738-sample.jpg,query_102,caption_failed,empty caption from provider,6,inserted_degraded,empty caption from provider
sage/imagesampler-bottom-761/sage-imagesampler-bottom-0.3.5/00002cea7f4b3440/1755478812539976660-bottom_camera.jpg,query_104,caption_failed,empty caption from provider,6,inserted_degraded,empty caption from provider
sage/imagesampler-bottom-1971/sage-imagesampler-bottom-0.3.0/000048b02dd3c427/1714251613924374431-sample.jpg,query_102,caption_failed,empty caption from provider,6,inserted_degraded,empty caption from provider
sage/imagesampler-left-1813/sage-imagesampler-left-0.3.5/00002cea7f56acf2/1750961412140063378-left_camera.jpg,query_105,caption_failed,empty caption from provider,6,inserted_degraded,empty caption from provider
sage/imagesampler-mobotix-2727/sage-imagesampler-mobotix-0.3.7/000048b02dd3c427/1763737505315257859-sample.jpg,query_098,caption_failed,empty caption from provider,6,inserted_degraded,empty caption from provider
sage/imagesampler-top-1274/sage-imagesampler-top-0.3.4/00004cd98fb56d33/1715047211765914281-sample.jpg,query_103,caption_failed,empty caption from provider,6,inserted_degraded,empty caption from provider
sage/imagesampler-mobotix-2727/sage-imagesampler-mobotix-0.3.7/000048b02dd3c427/1766173553591871793-sample.jpg,query_102,caption_failed,empty caption from provider,6,inserted_degraded,empty caption from provider
sage/imagesampler-bottom-2705/sage-imagesampler-bottom-0.3.7/000048b02d3ae2f2/1744624813306907268-sample.jpg,query_104,caption_failed,empty caption from provider,6,inserted_degraded,empty caption from provider
sage/imagesampler-bottom-1731/sage-imagesampler-bottom-0.3.5/000048b02d3b1313/1764374413986824970-bottom_camera.jpg,query_105,caption_failed,empty caption from provider,6,inserted_degraded,empty caption from provider
sage/imagesampler-right-1274/sage-imagesampler-right-0.3.5/00004cd98fb56d33/1747476007857302478-sample.jpg,query_104,caption_failed,empty caption from provider,6,inserted_degraded,empty caption from provider
sage/imagesampler-mobotix-2727/sage-imagesampler-mobotix-0.3.7/000048b02dd3c427/1761955210335410902-sample.jpg,query_102,caption_failed,empty caption from provider,6,inserted_degraded,empty caption from provider
sage/imagesampler-left-1813/sage-imagesampler-left-0.3.5/00002cea7f56acf2/1746971422367857141-left_camera.jpg,query_106,caption_failed,empty caption from provider,6,inserted_degraded,empty caption from provider
sage/imagesampler-bottom-446/sage-imagesampler-bottom-0.3.0/000048b02d35a9b2/1717536615542698232-sample.jpg,query_104,caption_failed,empty caption from provider,6,inserted_degraded,empty caption from provider
sage/imagesampler-left-1813/sage-imagesampler-left-0.3.0/00002cea7f56acf2/1718281811748982126-sample.jpg,query_106,caption_failed,empty caption from provider,6,inserted_degraded,empty caption from provider
sage/imagesampler-bottom-1274/sage-imagesampler-bottom-0.3.5/00004cd98fb56d33/1757181604643793426-sample.jpg,query_103,caption_failed,empty caption from provider,6,inserted_degraded,empty caption from provider
sage/imagesampler-mobotix-2715/sage-imagesampler-mobotix-0.3.7/000048b02d3ae2db/1763409608605404891-sample.jpg,query_101,caption_failed,empty caption from provider,6,inserted_degraded,empty caption from provider
sage/imagesampler-bottom-2128/sage-imagesampler-bottom-0.3.5/000048b02dd3c637/1733065207084140694-bottom_camera.jpg,query_106,caption_failed,empty caption from provider,6,inserted_degraded,empty caption from provider
sage/imagesampler-top-1274/sage-imagesampler-top-0.3.5/00004cd98fb56d33/1763409605302412036-sample.jpg,query_104,caption_failed,empty caption from provider,6,inserted_degraded,empty caption from provider
sage/imagesampler-left-2291/sage-imagesampler-left-0.3.4/000048b02d3ae337/1718704812140752651-sample.jpg,query_106,caption_failed,empty caption from provider,6,inserted_degraded,empty caption from provider
sage/imagesampler-mobotix-2858/sage-imagesampler-mobotix-0.3.7/000048b02d15bc6d/1760781610475478394-sample.jpg,query_103,caption_failed,empty caption from provider,6,inserted_degraded,empty caption from provider
sage/imagesampler-mobotix-2727/sage-imagesampler-mobotix-0.3.7/000048b02dd3c427/1764123606442426661-sample.jpg,query_105,caption_failed,empty caption from provider,6,inserted_degraded,empty caption from provider
sage/imagesampler-mobotix-1813/sage-imagesampler-mobotix-0.3.7/00002cea7f56acf2/1759695310699323558-sample.jpg,query_103,caption_failed,empty caption from provider,6,inserted_degraded,empty caption from provider
sage/sage/sage-imagesampler-bottom-0.3.0/000048b02dd3c427/1715281213555380234-sample.jpg,query_103,caption_failed,empty caption from provider,6,inserted_degraded,empty caption from provider
sage/imagesampler-right-1739/sage-imagesampler-right-0.3.6/000048b02d3ae27a/1758744010913022447-sample.jpg,query_107,caption_failed,empty caption from provider,6,inserted_degraded,empty caption from provider
sage/imagesampler-left-1738/sage-imagesampler-left-0.3.4/000048b02d15bc6d/1709294453801379034-sample.jpg,query_102,caption_failed,empty caption from provider,6,inserted_degraded,empty caption from provider
sage/imagesampler-bottom-2726/sage-imagesampler-bottom-0.3.7/000048b02dd3c427/1739487252001480117-sample.jpg,query_106,caption_failed,empty caption from provider,6,inserted_degraded,empty caption from provider
sage/imagesampler-bottom-2688/sage-imagesampler-bottom-0.3.7/000048b02d3ae335/1761955210963332571-sample.jpg,query_107,caption_failed,empty caption from provider,6,inserted_degraded,empty caption from provider
sage/imagesampler-left-1739/sage-imagesampler-left-0.3.4/000048b02d3ae27a/1707465615472036490-sample.jpg,query_101,caption_failed,empty caption from provider,6,inserted_degraded,empty caption from provider
sage/imagesampler-bottom-2851/sage-imagesampler-bottom-0.3.7/000048b02dd3c5b3/1752760812593163827-sample.jpg,query_107,caption_failed,empty caption from provider,6,inserted_degraded,empty caption from provider
sage/imagesampler-bottom-2128/sage-imagesampler-bottom-0.3.4/000048b02dd3c637/1717959627012332162-sample.jpg,query_106,caption_failed,empty caption from provider,6,inserted_degraded,empty caption from provider
sage/imagesampler-mobotix-1813/sage-imagesampler-mobotix-0.3.7/00002cea7f56acf2/1759932311486675749-sample.jpg,query_106,caption_failed,empty caption from provider,6,inserted_degraded,empty caption from provider
sage/imagesampler-left-1813/sage-imagesampler-left-0.3.5/00002cea7f56acf2/1754668222682274381-left_camera.jpg,query_108,caption_failed,empty caption from provider,6,inserted_degraded,empty caption from provider
sage/imagesampler-right-1739/sage-imagesampler-right-0.3.6/000048b02d3ae27a/1770238808057799446-sample.jpg,query_108,caption_failed,empty caption from provider,6,inserted_degraded,empty caption from provider
sage/imagesampler-left-1274/sage-imagesampler-left-0.3.4/00004cd98fb56d33/1711573222896442445-sample.jpg,query_104,caption_failed,empty caption from provider,6,inserted_degraded,empty caption from provider
sage/imagesampler-left-1813/sage-imagesampler-left-0.3.5/00002cea7f56acf2/1752251422603256152-left_camera.jpg,query_107,caption_failed,empty caption from provider,6,inserted_degraded,empty caption from provider
sage/imagesampler-left-1813/sage-imagesampler-left-0.3.5/00002cea7f56acf2/1741390209181079319-left_camera.jpg,query_109,caption_failed,empty caption from provider,6,inserted_degraded,empty caption from provider
sage/imagesampler-left-1813/sage-imagesampler-left-0.3.5/00002cea7f56acf2/1743696017403600143-left_camera.jpg,query_108,caption_failed,empty caption from provider,6,inserted_degraded,empty caption from provider
sage/imagesampler-mobotix-2727/sage-imagesampler-mobotix-0.3.7/000048b02dd3c427/1766174253322354367-sample.jpg,query_105,caption_failed,empty caption from provider,6,inserted_degraded,empty caption from provider
sage/imagesampler-left-1813/sage-imagesampler-left-0.3.0/00002cea7f56acf2/1714251310800516557-sample.jpg,query_110,caption_failed,empty caption from provider,6,inserted_degraded,empty caption from provider
sage/imagesampler-bottom-2705/sage-imagesampler-bottom-0.3.7/000048b02d3ae2f2/1742979609025060925-sample.jpg,query_108,caption_failed,empty caption from provider,6,inserted_degraded,empty caption from provider
sage/imagesampler-bottom-2726/sage-imagesampler-bottom-0.3.7/000048b02dd3c427/1741819325973947862-sample.jpg,query_107,caption_failed,empty caption from provider,6,inserted_degraded,empty caption from provider
sage/imagesampler-mobotix-1813/sage-imagesampler-mobotix-0.3.7/00002cea7f56acf2/1754691610766952452-sample.jpg,query_106,caption_failed,empty caption from provider,6,inserted_degraded,empty caption from provider
sage/imagesampler-mobotix-2727/sage-imagesampler-mobotix-0.3.7/000048b02dd3c427/1765672573180455421-sample.jpg,query_107,caption_failed,empty caption from provider,6,inserted_degraded,empty caption from provider
sage/imagesampler-left-1813/sage-imagesampler-left-0.3.5/00002cea7f56acf2/1740590407623867039-left_camera.jpg,query_110,caption_failed,empty caption from provider,6,inserted_degraded,empty caption from provider
sage/imagesampler-bottom-2726/sage-imagesampler-bottom-0.3.7/000048b02dd3c427/1749417010884138779-sample.jpg,query_109,caption_failed,empty caption from provider,6,inserted_degraded,empty caption from provider
sage/imagesampler-bottom-2705/sage-imagesampler-bottom-0.3.7/000048b02d3ae2f2/1765382414310649503-sample.jpg,query_109,caption_failed,empty caption from provider,6,inserted_degraded,empty caption from provider
sage/imagesampler-bottom-761/sage-imagesampler-bottom-0.3.5/00002cea7f4b3440/1750960812884435412-bottom_camera.jpg,query_105,caption_failed,empty caption from provider,6,inserted_degraded,empty caption from provider
sage/imagesampler-bottom-2726/sage-imagesampler-bottom-0.3.7/000048b02dd3c427/1741282085762358215-sample.jpg,query_110,caption_failed,empty caption from provider,6,inserted_degraded,empty caption from provider
sage/imagesampler-mobotix-2727/sage-imagesampler-mobotix-0.3.7/000048b02dd3c427/1765141334823606497-sample.jpg,query_108,caption_failed,empty caption from provider,6,inserted_degraded,empty caption from provider
sage/imagesampler-bottom-2688/sage-imagesampler-bottom-0.3.7/000048b02d3ae335/1752760805327678949-sample.jpg,query_109,caption_failed,empty caption from provider,6,inserted_degraded,empty caption from provider
sage/imagesampler-mobotix-2727/sage-imagesampler-mobotix-0.3.7/000048b02dd3c427/1766607833653728559-sample.jpg,query_110,caption_failed,empty caption from provider,6,inserted_degraded,empty caption from provider
sage/imagesampler-mobotix-2727/sage-imagesampler-mobotix-0.3.7/000048b02dd3c427/1765101014643096047-sample.jpg,query_107,caption_failed,empty caption from provider,6,inserted_degraded,empty caption from provider
sage/imagesampler-left-1813/sage-imagesampler-left-0.3.0/00002cea7f56acf2/1714757711143794778-sample.jpg,query_111,caption_failed,empty caption from provider,6,inserted_degraded,empty caption from provider
sage/imagesampler-left-1739/sage-imagesampler-left-0.3.6/000048b02d3ae27a/1767081614512051876-sample.jpg,query_108,caption_failed,empty caption from provider,6,inserted_degraded,empty caption from provider
sage/imagesampler-left-1813/sage-imagesampler-left-0.3.0/00002cea7f56acf2/1728499806690270258-sample.jpg,query_111,caption_failed,empty caption from provider,6,inserted_degraded,empty caption from provider
sage/imagesampler-bottom-1971/sage-imagesampler-bottom-0.3.0/000048b02dd3c427/1718884814129190937-sample.jpg,query_110,caption_failed,empty caption from provider,6,inserted_degraded,empty caption from provider
sage/imagesampler-left-1738/sage-imagesampler-left-0.3.6/000048b02d15bc6d/1741726873872466062-sample.jpg,query_104,caption_failed,empty caption from provider,6,inserted_degraded,empty caption from provider
sage/imagesampler-right-1739/sage-imagesampler-right-0.3.6/000048b02d3ae27a/1766174413814554760-sample.jpg,query_111,caption_failed,empty caption from provider,6,inserted_degraded,empty caption from provider
sage/imagesampler-bottom-2726/sage-imagesampler-bottom-0.3.7/000048b02dd3c427/1752761410439554461-sample.jpg,query_111,caption_failed,empty caption from provider,6,inserted_degraded,empty caption from provider
sage/imagesampler-bottom-2933/sage-imagesampler-bottom-0.3.7/000048b02d15bc4c/1763805607834814655-sample.jpg,query_111,caption_failed,empty caption from provider,6,inserted_degraded,empty caption from provider
sage/imagesampler-bottom-2711/sage-imagesampler-bottom-0.3.7/000048b02d3ae2db/1743696007734417712-sample.jpg,query_112,caption_failed,empty caption from provider,6,inserted_degraded,empty caption from provider
sage/imagesampler-bottom-2726/sage-imagesampler-bottom-0.3.7/000048b02dd3c427/1741726566062112619-sample.jpg,query_111,caption_failed,empty caption from provider,6,inserted_degraded,empty caption from provider
sage/imagesampler-mobotix-2858/sage-imagesampler-mobotix-0.3.7/000048b02d15bc6d/1749873607414803396-sample.jpg,query_103,caption_failed,empty caption from provider,6,inserted_degraded,empty caption from provider
sage/imagesampler-left-1813/sage-imagesampler-left-0.3.5/00002cea7f56acf2/1740590718098664079-left_camera.jpg,query_113,caption_failed,empty caption from provider,6,inserted_degraded,empty caption from provider
sage/imagesampler-mobotix-2689/sage-imagesampler-mobotix-0.3.7/000048b02d3ae335/1749456012093256829-sample.jpg,query_104,caption_failed,empty caption from provider,6,inserted_degraded,empty caption from provider
sage/imagesampler-mobotix-2727/sage-imagesampler-mobotix-0.3.7/000048b02dd3c427/1765140704238864204-sample.jpg,query_110,caption_failed,empty caption from provider,6,inserted_degraded,empty caption from provider
sage/imagesampler-top-1274/sage-imagesampler-top-0.3.5/00004cd98fb56d33/1765382405940442117-sample.jpg,query_108,caption_failed,empty caption from provider,6,inserted_degraded,empty caption from provider
sage/imagesampler-left-1813/sage-imagesampler-left-0.3.5/00002cea7f56acf2/1752760822632600113-left_camera.jpg,query_113,caption_failed,empty caption from provider,6,inserted_degraded,empty caption from provider
sage/imagesampler-bottom-2726/sage-imagesampler-bottom-0.3.7/000048b02dd3c427/1759695012242898660-sample.jpg,query_112,caption_failed,empty caption from provider,6,inserted_degraded,empty caption from provider
sage/imagesampler-bottom-1971/sage-imagesampler-bottom-0.3.0/000048b02dd3c427/1730322011646636641-sample.jpg,query_112,caption_failed,empty caption from provider,6,inserted_degraded,empty caption from provider
sage/imagesampler-mobotix-2727/sage-imagesampler-mobotix-0.3.7/000048b02dd3c427/1765671803714450169-sample.jpg,query_110,caption_failed,empty caption from provider,6,inserted_degraded,empty caption from provider
sage/imagesampler-mobotix-2727/sage-imagesampler-mobotix-0.3.7/000048b02dd3c427/1765100454371643981-sample.jpg,query_110,caption_failed,empty caption from provider,6,inserted_degraded,empty caption from provider
sage/imagesampler-left-1813/sage-imagesampler-left-0.3.0/00002cea7f56acf2/1715118010993617837-sample.jpg,query_113,caption_failed,empty caption from provider,6,inserted_degraded,empty caption from provider
sage/imagesampler-mobotix-2727/sage-imagesampler-mobotix-0.3.7/000048b02dd3c427/1739955612887009830-sample.jpg,query_109,caption_failed,empty caption from provider,6,inserted_degraded,empty caption from provider
sage/imagesampler-bottom-2933/sage-imagesampler-bottom-0.3.7/000048b02d15bc4c/1759449605682216819-sample.jpg,query_112,caption_failed,empty caption from provider,6,inserted_degraded,empty caption from provider
sage/imagesampler-mobotix-1813/sage-imagesampler-mobotix-0.3.7/00002cea7f56acf2/1755611111441693310-sample.jpg,query_112,caption_failed,empty caption from provider,6,inserted_degraded,empty caption from provider
sage/imagesampler-bottom-1971/sage-imagesampler-bottom-0.3.0/000048b02dd3c427/1711573219506923833-sample.jpg,query_111,caption_failed,empty caption from provider,6,inserted_degraded,empty caption from provider
sage/imagesampler-mobotix-2727/sage-imagesampler-mobotix-0.3.7/000048b02dd3c427/1764123904784207716-sample.jpg,query_111,caption_failed,empty caption from provider,6,inserted_degraded,empty caption from provider
sage/imagesampler-top-1274/sage-imagesampler-top-0.3.5/00004cd98fb56d33/1756083605914109176-sample.jpg,query_109,caption_failed,empty caption from provider,6,inserted_degraded,empty caption from provider
sage/imagesampler-top-2701/sage-imagesampler-top-0.3.7/000048b02d3ae2f4/1739692808201208425-sample.jpg,query_114,caption_failed,empty caption from provider,6,inserted_degraded,empty caption from provider
sage/imagesampler-bottom-2711/sage-imagesampler-bottom-0.3.7/000048b02d3ae2db/1747476009891399567-sample.jpg,query_112,caption_failed,empty caption from provider,6,inserted_degraded,empty caption from provider
sage/imagesampler-bottom-1739/sage-imagesampler-bottom-0.3.0/000048b02d3ae27a/1730322018056007135-sample.jpg,query_113,caption_failed,empty caption from provider,6,inserted_degraded,empty caption from provider
sage/imagesampler-mobotix-1813/sage-imagesampler-mobotix-0.3.7/00002cea7f56acf2/1755478811673382001-sample.jpg,query_112,caption_failed,empty caption from provider,6,inserted_degraded,empty caption from provider
sage/imagesampler-bottom-2128/sage-imagesampler-bottom-0.3.4/000048b02dd3c637/1708601714821303377-sample.jpg,query_114,caption_failed,empty caption from provider,6,inserted_degraded,empty caption from provider
sage/imagesampler-left-1813/sage-imagesampler-left-0.3.5/00002cea7f56acf2/1749416712077122477-left_camera.jpg,query_115,caption_failed,empty caption from provider,6,inserted_degraded,empty caption from provider
sage/imagesampler-right-1739/sage-imagesampler-right-0.3.6/000048b02d3ae27a/1741820418979460845-sample.jpg,query_114,caption_failed,empty caption from provider,6,inserted_degraded,empty caption from provider
sage/imagesampler-bottom-446/sage-imagesampler-bottom-0.3.0/000048b02d35a9b2/1716525008795729426-sample.jpg,query_113,caption_failed,empty caption from provider,6,inserted_degraded,empty caption from provider
sage/imagesampler-top-1731/sage-imagesampler-top-0.3.5/000048b02d3b1313/1747476006546471254-top_camera.jpg,query_114,caption_failed,empty caption from provider,6,inserted_degraded,empty caption from provider
sage/imagesampler-left-1738/sage-imagesampler-left-0.3.4/000048b02d15bc6d/1717491612553755651-sample.jpg,query_110,caption_failed,empty caption from provider,6,inserted_degraded,empty caption from provider
sage/imagesampler-bottom-2711/sage-imagesampler-bottom-0.3.7/000048b02d3ae2db/1747476009891399567-sample.jpg,query_114,caption_failed,empty caption from provider,6,inserted_degraded,empty caption from provider
sage/imagesampler-bottom-2711/sage-imagesampler-bottom-0.3.7/000048b02d3ae2db/1760781613558951316-sample.jpg,query_115,caption_failed,empty caption from provider,6,inserted_degraded,empty caption from provider
sage/imagesampler-mobotix-2727/sage-imagesampler-mobotix-0.3.7/000048b02dd3c427/1767080483728206326-sample.jpg,query_113,caption_failed,empty caption from provider,6,inserted_degraded,empty caption from provider
sage/imagesampler-bottom-446/sage-imagesampler-bottom-0.3.0/000048b02d35a9b2/1717536615542698232-sample.jpg,query_114,caption_failed,empty caption from provider,6,inserted_degraded,empty caption from provider
sage/imagesampler-left-1813/sage-imagesampler-left-0.3.5/00002cea7f56acf2/1740591608116985330-left_camera.jpg,query_116,caption_failed,empty caption from provider,6,inserted_degraded,empty caption from provider
sage/imagesampler-mobotix-2727/sage-imagesampler-mobotix-0.3.7/000048b02dd3c427/1766608603139857924-sample.jpg,query_115,caption_failed,empty caption from provider,6,inserted_degraded,empty caption from provider
sage/imagesampler-mobotix-2727/sage-imagesampler-mobotix-0.3.7/000048b02dd3c427/1765382714421230725-sample.jpg,query_111,caption_failed,empty caption from provider,6,inserted_degraded,empty caption from provider
sage/imagesampler-bottom-2688/sage-imagesampler-bottom-0.3.7/000048b02d3ae335/1743696010628908778-sample.jpg,query_116,caption_failed,empty caption from provider,6,inserted_degraded,empty caption from provider
sage/imagesampler-bottom-2726/sage-imagesampler-bottom-0.3.7/000048b02dd3c427/1740591606515251691-sample.jpg,query_115,caption_failed,empty caption from provider,6,inserted_degraded,empty caption from provider
sage/imagesampler-bottom-8/sage-imagesampler-bottom-0.3.0/000048b02d3ae2f2/1719007211744065948-sample.jpg,query_115,caption_failed,empty caption from provider,6,inserted_degraded,empty caption from provider
sage/imagesampler-left-1739/sage-imagesampler-left-0.3.6/000048b02d3ae27a/1753869614909160578-sample.jpg,query_112,caption_failed,empty caption from provider,6,inserted_degraded,empty caption from provider
sage/imagesampler-bottom-2316/sage-imagesampler-bottom-0.3.5/000048b02d3ae337/1764374412314313918-bottom_camera.jpg,query_114,caption_failed,empty caption from provider,6,inserted_degraded,empty caption from provider
sage/imagesampler-mobotix-2727/sage-imagesampler-mobotix-0.3.7/000048b02dd3c427/1767080414244690796-sample.jpg,query_114,caption_failed,empty caption from provider,6,inserted_degraded,empty caption from provider
sage/imagesampler-bottom-2933/sage-imagesampler-bottom-0.3.7/000048b02d15bc4c/1753869612573260732-sample.jpg,query_116,caption_failed,empty caption from provider,6,inserted_degraded,empty caption from provider
sage/imagesampler-left-1813/sage-imagesampler-left-0.3.5/00002cea7f56acf2/1737401114540558729-left_camera.jpg,query_117,caption_failed,empty caption from provider,6,inserted_degraded,empty caption from provider
sage/imagesampler-left-1813/sage-imagesampler-left-0.3.5/00002cea7f56acf2/1748468412793586857-left_camera.jpg,query_117,caption_failed,empty caption from provider,6,inserted_degraded,empty caption from provider
sage/imagesampler-bottom-2726/sage-imagesampler-bottom-0.3.7/000048b02dd3c427/1741054446009144955-sample.jpg,query_116,caption_failed,empty caption from provider,6,inserted_degraded,empty caption from provider
sage/imagesampler-bottom-2726/sage-imagesampler-bottom-0.3.7/000048b02dd3c427/1739543412687500482-sample.jpg,query_116,caption_failed,empty caption from provider,6,inserted_degraded,empty caption from provider
sage/imagesampler-bottom-2726/sage-imagesampler-bottom-0.3.7/000048b02dd3c427/1741065245516643310-sample.jpg,query_116,caption_failed,empty caption from provider,6,inserted_degraded,empty caption from provider
sage/imagesampler-mobotix-2727/sage-imagesampler-mobotix-0.3.7/000048b02dd3c427/1765382783968536054-sample.jpg,query_114,caption_failed,empty caption from provider,6,inserted_degraded,empty caption from provider
sage/imagesampler-bottom-2726/sage-imagesampler-bottom-0.3.7/000048b02dd3c427/1741819445976034928-sample.jpg,query_116,caption_failed,empty caption from provider,6,inserted_degraded,empty caption from provider
sage/imagesampler-mobotix-2727/sage-imagesampler-mobotix-0.3.7/000048b02dd3c427/1765672432999174894-sample.jpg,query_116,caption_failed,empty caption from provider,6,inserted_degraded,empty caption from provider
sage/imagesampler-bottom-2681/sage-imagesampler-bottom-0.3.7/000048b02d3ae30a/1739486413171446524-sample.jpg,query_117,caption_failed,empty caption from provider,6,inserted_degraded,empty caption from provider
sage/imagesampler-left-1813/sage-imagesampler-left-0.3.0/00002cea7f56acf2/1726843206175828125-sample.jpg,query_118,caption_failed,empty caption from provider,6,inserted_degraded,empty caption from provider
sage/imagesampler-mobotix-2727/sage-imagesampler-mobotix-0.3.7/000048b02dd3c427/1765141474047418645-sample.jpg,query_115,caption_failed,empty caption from provider,6,inserted_degraded,empty caption from provider
sage/imagesampler-hanwhaptz-2956/sage-imagesampler-hanwhaptz-0.3.7/000048b02dd3c427/1756084811079874463-sample.jpg,query_118,caption_failed,empty caption from provider,6,inserted_degraded,empty caption from provider
sage/imagesampler-bottom-446/sage-imagesampler-bottom-0.3.0/000048b02d35a9b2/1717959615697621109-sample.jpg,query_116,caption_failed,empty caption from provider,6,inserted_degraded,empty caption from provider
sage/imagesampler-left-1813/sage-imagesampler-left-0.3.5/00002cea7f56acf2/1746969911687084389-left_camera.jpg,query_119,caption_failed,empty caption from provider,6,inserted_degraded,empty caption from provider
sage/imagesampler-bottom-2726/sage-imagesampler-bottom-0.3.7/000048b02dd3c427/1739692091867869426-sample.jpg,query_117,caption_failed,empty caption from provider,6,inserted_degraded,empty caption from provider
sage/imagesampler-left-1738/sage-imagesampler-left-0.3.4/000048b02d15bc6d/1710982810065473644-sample.jpg,query_112,caption_failed,empty caption from provider,6,inserted_degraded,empty caption from provider
sage/imagesampler-left-1813/sage-imagesampler-left-0.3.5/00002cea7f56acf2/1752688512687719168-left_camera.jpg,query_119,caption_failed,empty caption from provider,6,inserted_degraded,empty caption from provider
sage/imagesampler-bottom-1731/sage-imagesampler-bottom-0.3.5/000048b02d3b1313/1748696406213239074-bottom_camera.jpg,query_119,caption_failed,empty caption from provider,6,inserted_degraded,empty caption from provider
sage/imagesampler-mobotix-2727/sage-imagesampler-mobotix-0.3.7/000048b02dd3c427/1765382504538353028-sample.jpg,query_116,caption_failed,empty caption from provider,6,inserted_degraded,empty caption from provider
sage/imagesampler-bottom-2726/sage-imagesampler-bottom-0.3.7/000048b02dd3c427/1741389246064190806-sample.jpg,query_118,caption_failed,empty caption from provider,6,inserted_degraded,empty caption from provider
sage/imagesampler-bottom-1731/sage-imagesampler-bottom-0.3.0/000048b02dd3c5b3/1719007212654306825-sample.jpg,query_117,caption_failed,empty caption from provider,6,inserted_degraded,empty caption from provider
sage/imagesampler-bottom-2726/sage-imagesampler-bottom-0.3.7/000048b02dd3c427/1753683011258315238-sample.jpg,query_118,caption_failed,empty caption from provider,6,inserted_degraded,empty caption from provider
sage/imagesampler-mobotix-1813/sage-imagesampler-mobotix-0.3.7/00002cea7f56acf2/1759696212937342571-sample.jpg,query_115,caption_failed,empty caption from provider,6,inserted_degraded,empty caption from provider
sage/imagesampler-bottom-2726/sage-imagesampler-bottom-0.3.7/000048b02dd3c427/1741053606696359633-sample.jpg,query_118,caption_failed,empty caption from provider,6,inserted_degraded,empty caption from provider
sage/imagesampler-bottom-446/sage-imagesampler-bottom-0.3.0/000048b02d35a9b2/1726024517028612227-sample.jpg,query_116,caption_failed,empty caption from provider,6,inserted_degraded,empty caption from provider
sage/imagesampler-left-1813/sage-imagesampler-left-0.3.0/00002cea7f56acf2/1714252511622139234-sample.jpg,query_120,caption_failed,empty caption from provider,6,inserted_degraded,empty caption from provider
sage/imagesampler-bottom-2726/sage-imagesampler-bottom-0.3.7/000048b02dd3c427/1739955491627348292-sample.jpg,query_120,caption_failed,empty caption from provider,6,inserted_degraded,empty caption from provider
sage/sage/sage-imagesampler-bottom-0.2.5/000048b02d15c31a/1727143379366854516-sample.jpg,query_120,caption_failed,empty caption from provider,6,inserted_degraded,empty caption from provider
sage/imagesampler-left-486/sage-imagesampler-left-0.3.4/000048b02d3ae2f4/1714251614751779596-sample.jpg,query_120,caption_failed,empty caption from provider,6,inserted_degraded,empty caption from provider
sage/imagesampler-bottom-2628/sage-imagesampler-bottom-0.3.5/000048b02d3ae2e2/1770238812923852491-bottom_camera.jpg,query_120,caption_failed,empty caption from provider,6,inserted_degraded,empty caption from provider
sage/imagesampler-right-1274/sage-imagesampler-right-0.3.5/00004cd98fb56d33/1757181614707524689-sample.jpg,query_118,caption_failed,empty caption from provider,6,inserted_degraded,empty caption from provider
sage/imagesampler-mobotix-2858/sage-imagesampler-mobotix-0.3.7/000048b02d15bc6d/1748696405481783981-sample.jpg,query_114,caption_failed,empty caption from provider,6,inserted_degraded,empty caption from provider
sage/imagesampler-right-1274/sage-imagesampler-right-0.3.5/00004cd98fb56d33/1749456006017865661-sample.jpg,query_119,caption_failed,empty caption from provider,6,inserted_degraded,empty caption from provider
sage/imagesampler-bottom-446/sage-imagesampler-bottom-0.3.0/000048b02d35a9b2/1715574609214746665-sample.jpg,query_120,caption_failed,empty caption from provider,6,inserted_degraded,empty caption from provider
sage/imagesampler-bottom-1739/sage-imagesampler-bottom-0.3.5/000048b02d3ae27a/1761843611706876592-bottom_camera.jpg,query_120,caption_failed,empty caption from provider,6,inserted_degraded,empty caption from provider
sage/imagesampler-bottom-1739/sage-imagesampler-bottom-0.3.0/000048b02d3ae27a/1714251611822154578-sample.jpg,query_120,caption_failed,empty caption from provider,6,inserted_degraded,empty caption from provider
sage/imagesampler-bottom-446/sage-imagesampler-bottom-0.3.0/000048b02d35a9b2/1715282108627853424-sample.jpg,query_118,caption_failed,empty caption from provider,6,inserted_degraded,empty caption from provider
sage/imagesampler-mobotix-2727/sage-imagesampler-mobotix-0.3.7/000048b02dd3c427/1767080973858251805-sample.jpg,query_118,caption_failed,empty caption from provider,6,inserted_degraded,empty caption from provider
sage/imagesampler-mobotix-2727/sage-imagesampler-mobotix-0.3.7/000048b02dd3c427/1766172923237967829-sample.jpg,query_120,caption_failed,empty caption from provider,6,inserted_degraded,empty caption from provider
sage/imagesampler-mobotix-2727/sage-imagesampler-mobotix-0.3.7/000048b02dd3c427/1764375606006387476-sample.jpg,query_119,caption_failed,empty caption from provider,6,inserted_degraded,empty caption from provider
sage/imagesampler-mobotix-2715/sage-imagesampler-mobotix-0.3.7/000048b02d3ae2db/1741726807386947159-sample.jpg,query_120,caption_failed,empty caption from provider,6,inserted_degraded,empty caption from provider
sage/imagesampler-mobotix-2689/sage-imagesampler-mobotix-0.3.7/000048b02d3ae335/1753552813135858571-sample.jpg,query_119,caption_failed,empty caption from provider,6,inserted_degraded,empty caption from provider
