image_id,query_id,reason,error,attempts,final_status,last_error
figlib/HPWREN-FIgLib/20190716_FIRE_so-w-mobo-c/1563310883_2B02340.jpg,firebench_q001,caption_failed,empty caption from provider,6,inserted_degraded,empty caption from provider
figlib/HPWREN-FIgLib/20170520_FIRE_pi-s-mobo-c/1495304047_2B02220.jpg,firebench_q001,caption_failed,empty caption from provider,6,inserted_degraded,empty caption from provider
figlib/HPWREN-FIgLib/20170520_FIRE_pi-s-mobo-c/1495303147_2B01320.jpg,firebench_q001,caption_failed,empty caption from provider,6,inserted_degraded,empty caption from provider
figlib/HPWREN-FIgLib/20160619_FIRE_pi-s-mobo-c/1466359087_-00480.jpg,firebench_q001,caption_failed,empty caption from provider,6,inserted_degraded,empty caption from provider
figlib/HPWREN-FIgLib/20180726_FIRE_so-w-mobo-c/1532624363_2B00960.jpg,firebench_q001,caption_failed,empty caption from provider,6,inserted_degraded,empty caption from provider
figlib/HPWREN-FIgLib/20160604_FIRE_rm-n-mobo-c/1465063980_-01620.jpg,firebench_q001,caption_failed,empty caption from provider,6,inserted_degraded,empty caption from provider
figlib/HPWREN-FIgLib/20190829_FIRE_smer-tcs8-mobo-c/1567097696_-00841.jpg,firebench_q001,caption_failed,empty caption from provider,6,inserted_degraded,empty caption from provider
figlib/HPWREN-FIgLib/20160619_FIRE_pi-s-mobo-c/1466358427_-01140.jpg,firebench_q001,caption_failed,empty caption from provider,6,inserted_degraded,empty caption from provider
figlib/HPWREN-FIgLib/20180603_FIRE_rm-w-mobo-c/1528055166_-02160.jpg,firebench_q001,caption_failed,empty caption from provider,6,inserted_degraded,empty caption from provider
figlib/HPWREN-FIgLib/20241007_Posta3Fire_pi-e-mobo-c/1728335817_-00840.jpg,firebench_q001,caption_failed,empty caption from provider,6,inserted_degraded,empty caption from provider
figlib/HPWREN-FIgLib/20180614_FIRE_hp-s-mobo-c/1529011469_-00480.jpg,firebench_q001,caption_failed,empty caption from provider,6,inserted_degraded,empty caption from provider
figlib/HPWREN-FIgLib/20200205_FIRE_hp-w-mobo-c/1580925571_-01500.jpg,firebench_q001,caption_failed,empty caption from provider,6,inserted_degraded,empty caption from provider
figlib/HPWREN-FIgLib/20170627_FIRE_om-e-mobo-c/1498580197_2B01140.jpg,firebench_q001,caption_failed,empty caption from provider,6,inserted_degraded,empty caption from provider
figlib/HPWREN-FIgLib/20180726_FIRE_so-n-mobo-c/1532625377_2B01980.jpg,firebench_q001,caption_failed,empty caption from provider,6,inserted_degraded,empty caption from provider
figlib/HPWREN-FIgLib/20201216_ChaparralFire_lp-w-mobo-c/1608153787_-00660.jpg,firebench_q001,caption_failed,empty caption from provider,6,inserted_degraded,empty caption from provider
figlib/HPWREN-FIgLib/20180910_FIRE_smer-tcs8-mobo-c/1536612415_2B02340.jpg,firebench_q001,caption_failed,empty caption from provider,6,inserted_degraded,empty caption from provider
figlib/HPWREN-FIgLib/20180726_FIRE_so-n-mobo-c/1532621717_-01680.jpg,firebench_q001,caption_failed,empty caption from provider,6,inserted_degraded,empty caption from provider
figlib/HPWREN-FIgLib/20171207_FIRE_smer-tcs8-mobo-c/1512679675_-01500.jpg,firebench_q001,caption_failed,empty caption from provider,6,inserted_degraded,empty caption from provider
figlib/HPWREN-FIgLib/20180504_FIRE_rm-n-mobo-c/1525469040_-01080.jpg,firebench_q001,caption_failed,empty caption from provider,6,inserted_degraded,empty caption from provider
figlib/HPWREN-FIgLib/20190712_RockHouse_wc-e-mobo-c/1562961560_2B02219.jpg,firebench_q001,caption_failed,empty caption from provider,6,inserted_degraded,empty caption from provider
figlib/HPWREN-FIgLib/20240616_BuckmanFire_pi-s-mobo-c/1718563081_-02099.jpg,firebench_q001,caption_failed,empty caption from provider,6,inserted_degraded,empty caption from provider
figlib/HPWREN-FIgLib/20240616_BuckmanFire_pi-s-mobo-c/1718564341_-00839.jpg,firebench_q001,caption_failed,empty caption from provider,6,inserted_degraded,empty caption from provider
figlib/HPWREN-FIgLib/20180614_Hope_wc-e-mobo-c/1528998920_-02040.jpg,firebench_q001,caption_failed,empty caption from provider,6,inserted_degraded,empty caption from provider
figlib/HPWREN-FIgLib/20201216_ChaparralFire_om-n-mobo-c/1608154655_2B00180.jpg,firebench_q001,caption_failed,empty caption from provider,6,inserted_degraded,empty caption from provider
figlib/HPWREN-FIgLib/20171017_FIRE_smer-tcs3-mobo-c/1508276468_2B01140.jpg,firebench_q001,caption_failed,empty caption from provider,6,inserted_degraded,empty caption from provider
sage/W097/imagesampler-bottom-2726/sage-imagesampler-bottom-0.3.7/000048b02dd3c427/1765372206712555994-sample.jpg,firebench_q001,caption_failed,empty caption from provider,6,inserted_degraded,empty caption from provider
figlib/HPWREN-FIgLib/20201013_FIRE_cp-s-mobo-c/1602633176_2B00516.jpg,firebench_q001,caption_failed,empty caption from provider,6,inserted_degraded,empty caption from provider
figlib/HPWREN-FIgLib/20180720_Cinnamon_wc-e-mobo-c/1532116520_-00720.jpg,firebench_q001,caption_failed,empty caption from provider,6,inserted_degraded,empty caption from provider
figlib/HPWREN-FIgLib/20190620_FIRE_rm-w-mobo-c/1561065246_-00180.jpg,firebench_q002,caption_failed,empty caption from provider,6,inserted_degraded,empty caption from provider
figlib/HPWREN-FIgLib/20190924_FIRE_wc-e-mobo-c/1569360560_-01800.jpg,firebench_q001,caption_failed,empty caption from provider,6,inserted_degraded,empty caption from provider
figlib/HPWREN-FIgLib/20180603_FIRE_rm-w-mobo-c/1528056966_-00360.jpg,firebench_q002,caption_failed,empty caption from provider,6,inserted_degraded,empty caption from provider
figlib/HPWREN-FIgLib/20170519_FIRE_rm-w-mobo-c/1495226406_2B00120.jpg,firebench_q002,caption_failed,empty caption from provider,6,inserted_degraded,empty caption from provider
figlib/HPWREN-FIgLib/20180603_FIRE_rm-w-mobo-c/1528055166_-02160.jpg,firebench_q002,caption_failed,empty caption from provider,6,inserted_degraded,empty caption from provider
figlib/HPWREN-FIgLib/20170520_FIRE_pi-s-mobo-c/1495304047_2B02220.jpg,firebench_q002,caption_failed,empty caption from provider,6,inserted_degraded,empty caption from provider
figlib/HPWREN-FIgLib/20200529_StructFire_wc-e-mobo-c/1590795500_2B00600.jpg,firebench_q001,caption_failed,empty caption from provider,6,inserted_degraded,empty caption from provider
figlib/HPWREN-FIgLib/20160619_FIRE_pi-s-mobo-c/1466358427_-01140.jpg,firebench_q002,caption_failed,empty caption from provider,6,inserted_degraded,empty caption from provider
figlib/HPWREN-FIgLib/20180504_FIRE_rm-n-mobo-c/1525469040_-01080.jpg,firebench_q002,caption_failed,empty caption from provider,6,inserted_degraded,empty caption from provider
figlib/HPWREN-FIgLib/20180603_FIRE_bl-s-mobo-c/1528065413_-01980.jpg,firebench_q002,caption_failed,empty caption from provider,6,inserted_degraded,empty caption from provider
figlib/HPWREN-FIgLib/20190717_FIRE_lp-n-mobo-c/1563401941_-01740.jpg,firebench_q002,caption_failed,empty caption from provider,6,inserted_degraded,empty caption from provider
figlib/HPWREN-FIgLib/20171017_FIRE_smer-tcs3-mobo-c/1508277068_2B01740.jpg,firebench_q001,caption_failed,empty caption from provider,6,inserted_degraded,empty caption from provider
figlib/HPWREN-FIgLib/20160619_FIRE_pi-s-mobo-c/1466359087_-00480.jpg,firebench_q002,caption_failed,empty caption from provider,6,inserted_degraded,empty caption from provider
figlib/HPWREN-FIgLib/20180706_West_lp-n-mobo-c/1530901621_-00060.jpg,firebench_q002,caption_failed,empty caption from provider,6,inserted_degraded,empty caption from provider
figlib/HPWREN-FIgLib/20170520_FIRE_pi-s-mobo-c/1495303147_2B01320.jpg,firebench_q002,caption_failed,empty caption from provider,6,inserted_degraded,empty caption from provider
figlib/HPWREN-FIgLib/20191003_FIRE_om-s-mobo-c/1570142499_2B00058.jpg,firebench_q002,caption_failed,empty caption from provider,6,inserted_degraded,empty caption from provider
figlib/HPWREN-FIgLib/20200806_SpringsFire_om-n-mobo-c/1596762995_-01080.jpg,firebench_q002,caption_failed,empty caption from provider,6,inserted_degraded,empty caption from provider
figlib/HPWREN-FIgLib/20191005_FIRE_wc-n-mobo-c/1570307900_-02338.jpg,firebench_q002,caption_failed,empty caption from provider,6,inserted_degraded,empty caption from provider
wildfire/The-Wildfire-Dataset/fire/28963795860_47a7439e21_o.jpg,firebench_q001,caption_failed,empty caption from provider,6,inserted_degraded,empty caption from provider
figlib/HPWREN-FIgLib/20190924_FIRE_lp-n-mobo-c/1569361504_-00657.jpg,firebench_q002,caption_failed,empty caption from provider,6,inserted_degraded,empty caption from provider
figlib/HPWREN-FIgLib/20201216_ChaparralFire_om-n-mobo-c/1608154655_2B00180.jpg,firebench_q002,caption_failed,empty caption from provider,6,inserted_degraded,empty caption from provider
figlib/HPWREN-FIgLib/20180706_West_lp-n-mobo-c/1530899821_-01860.jpg,firebench_q002,caption_failed,empty caption from provider,6,inserted_degraded,empty caption from provider
figlib/HPWREN-FIgLib/20180614_Hope_wc-e-mobo-c/1528998920_-02040.jpg,firebench_q002,caption_failed,empty caption from provider,6,inserted_degraded,empty caption from provider
figlib/HPWREN-FIgLib/20180602_Alison_sp-s-mobo-c/1527972390_2B02400.jpg,firebench_q002,caption_failed,empty caption from provider,6,inserted_degraded,empty caption from provider
figlib/HPWREN-FIgLib/20190826_FIRE_rm-w-mobo-c/1566851226_2B02337.jpg,firebench_q002,caption_failed,empty caption from provider,6,inserted_degraded,empty caption from provider
figlib/HPWREN-FIgLib/20190813_Topanga_69bravo-n-mobo/1565729622_-01620.jpg,firebench_q002,caption_failed,empty caption from provider,6,inserted_degraded,empty caption from provider
figlib/HPWREN-FIgLib/20190728_FIRE_sp-n-mobo-c/1564343366_-01740.jpg,firebench_q002,caption_failed,empty caption from provider,6,inserted_degraded,empty caption from provider
figlib/HPWREN-FIgLib/20191001_FIRE_rm-w-mobo-c/1569953887_-01859.jpg,firebench_q002,caption_failed,empty caption from provider,6,inserted_degraded,empty caption from provider
figlib/HPWREN-FIgLib/20240616_BuckmanFire_pi-s-mobo-c/1718563081_-02099.jpg,firebench_q002,caption_failed,empty caption from provider,6,inserted_degraded,empty caption from provider
sage/W097/imagesampler-mobotix-2727/sage-imagesampler-mobotix-0.3.7/000048b02dd3c427/1765348343938381801-sample.jpg,firebench_q001,caption_failed,empty caption from provider,6,inserted_degraded,empty caption from provider
sage/W097/imagesampler-mobotix-2727/sage-imagesampler-mobotix-0.3.7/000048b02dd3c427/1765353944807987444-sample.jpg,firebench_q001,caption_failed,empty caption from provider,6,inserted_degraded,empty caption from provider
figlib/HPWREN-FIgLib/20180706_West_lp-n-mobo-c/1530900901_-00780.jpg,firebench_q002,caption_failed,empty caption from provider,6,inserted_degraded,empty caption from provider
figlib/HPWREN-FIgLib/20200812_LakeFire_dwpgm-n-mobo-c/1597270242_-01560.jpg,firebench_q002,caption_failed,empty caption from provider,6,inserted_degraded,empty caption from provider
figlib/HPWREN-FIgLib/20190717_FIRE_lp-n-mobo-c/1563402121_-01560.jpg,firebench_q002,caption_failed,empty caption from provider,6,inserted_degraded,empty caption from provider
figlib/HPWREN-FIgLib/20241007_Posta3Fire_ws-n-mobo-c/1728335880_-00840.jpg,firebench_q002,caption_failed,empty caption from provider,6,inserted_degraded,empty caption from provider
figlib/HPWREN-FIgLib/20171010_FIRE_rm-e-mobo-c/1507671662_-00960.jpg,firebench_q003,caption_failed,empty caption from provider,6,inserted_degraded,empty caption from provider
figlib/HPWREN-FIgLib/20200611_skyline_lp-n-mobo-c/1591899241_-01320.jpg,firebench_q002,caption_failed,empty caption from provider,6,inserted_degraded,empty caption from provider
figlib/HPWREN-FIgLib/20250107_EatonFire_wilson-s-mobo-c/1736304057_2B00778.jpg,firebench_q002,caption_failed,empty caption from provider,6,inserted_degraded,empty caption from provider
figlib/HPWREN-FIgLib/20200930_inMexico_om-e-mobo-c/1601493037_-00900.jpg,firebench_q003,caption_failed,empty caption from provider,6,inserted_degraded,empty caption from provider
figlib/HPWREN-FIgLib/20170711_FIRE_bm-s-mobo-c/1499787937_2B00540.jpg,firebench_q003,caption_failed,empty caption from provider,6,inserted_degraded,empty caption from provider
figlib/HPWREN-FIgLib/20190924_FIRE_wc-e-mobo-c/1569360560_-01800.jpg,firebench_q002,caption_failed,empty caption from provider,6,inserted_degraded,empty caption from provider
figlib/HPWREN-FIgLib/20180726_FIRE_so-w-mobo-c/1532625443_2B02040.jpg,firebench_q003,caption_failed,empty caption from provider,6,inserted_degraded,empty caption from provider
figlib/HPWREN-FIgLib/20241006_SaddlebackFire_stgo-w-mobo-c/1728242737_-01979.jpg,firebench_q003,caption_failed,empty caption from provider,6,inserted_degraded,empty caption from provider
wildfire/The-Wildfire-Dataset/fire/34914714076_92bbdf68dc_o.jpg,firebench_q002,caption_failed,empty caption from provider,6,inserted_degraded,empty caption from provider
figlib/HPWREN-FIgLib/20200808_OliveFire_wc-e-mobo-c/1596908241_-00299.jpg,firebench_q003,caption_failed,empty caption from provider,6,inserted_degraded,empty caption from provider
figlib/HPWREN-FIgLib/20180720_FIRE_syp-w-mobo-c/1532121289_-00300.jpg,firebench_q003,caption_failed,empty caption from provider,6,inserted_degraded,empty caption from provider
wildfire/The-Wildfire-Dataset/fire/37325120996_c0c698ae0f_o.jpg,firebench_q002,caption_failed,empty caption from provider,6,inserted_degraded,empty caption from provider
figlib/HPWREN-FIgLib/20240622_Border58Fire_om-w-mobo-c/1719092938_-00960.jpg,firebench_q003,caption_failed,empty caption from provider,6,inserted_degraded,empty caption from provider
figlib/HPWREN-FIgLib/20160604_FIRE_smer-tcs3-mobo-c/1465065368_-00300.jpg,firebench_q003,caption_failed,empty caption from provider,6,inserted_degraded,empty caption from provider
figlib/HPWREN-FIgLib/20190728_FIRE_om-n-mobo-c/1564363595_2B01200.jpg,firebench_q003,caption_failed,empty caption from provider,6,inserted_degraded,empty caption from provider
figlib/HPWREN-FIgLib/20241006_SaddlebackFire_stgo-w-mobo-c/1728243697_-01019.jpg,firebench_q003,caption_failed,empty caption from provider,6,inserted_degraded,empty caption from provider
figlib/HPWREN-FIgLib/20250123_Border2Fire_om-w-mobo-c/1737668337_2B00899.jpg,firebench_q003,caption_failed,empty caption from provider,6,inserted_degraded,empty caption from provider
figlib/HPWREN-FIgLib/20250501_FelipeFire_ml-n-mobo-c/1746132468_2B00541.jpg,firebench_q003,caption_failed,empty caption from provider,6,inserted_degraded,empty caption from provider
figlib/HPWREN-FIgLib/20190814_FIRE_om-e-mobo-c/1565821177_2B01500.jpg,firebench_q003,caption_failed,empty caption from provider,6,inserted_degraded,empty caption from provider
figlib/HPWREN-FIgLib/20200601_WILDLAND-DRILLS_om-e-mobo-c/1591043797_-00960.jpg,firebench_q003,caption_failed,empty caption from provider,6,inserted_degraded,empty caption from provider
figlib/HPWREN-FIgLib/20170711_FIRE_bm-s-mobo-c/1499785657_-01740.jpg,firebench_q003,caption_failed,empty caption from provider,6,inserted_degraded,empty caption from provider
figlib/HPWREN-FIgLib/20251102_ScissorsFire_tp-s-mobo-m/1762123967_2B01677.jpg,firebench_q003,caption_failed,empty caption from provider,6,inserted_degraded,empty caption from provider
figlib/HPWREN-FIgLib/20191001_FIRE_lp-s-mobo-c/1569952145_-00601.jpg,firebench_q003,caption_failed,empty caption from provider,6,inserted_degraded,empty caption from provider
figlib/HPWREN-FIgLib/20190829_FIRE_pi-e-mobo-c/1567118585_2B00600.jpg,firebench_q003,caption_failed,empty caption from provider,6,inserted_degraded,empty caption from provider
figlib/HPWREN-FIgLib/20200601_WILDLAND-DRILLS_om-e-mobo-c/1591045477_2B00720.jpg,firebench_q003,caption_failed,empty caption from provider,6,inserted_degraded,empty caption from provider
sage/W097/imagesampler-mobotix-2727/sage-imagesampler-mobotix-0.3.7/000048b02dd3c427/1765364654451773042-sample.jpg,firebench_q002,caption_failed,empty caption from provider,6,inserted_degraded,empty caption from provider
figlib/HPWREN-FIgLib/20251102_ScissorsFire_mp-n-mobo-c/1762120550_-01982.jpg,firebench_q003,caption_failed,empty caption from provider,6,inserted_degraded,empty caption from provider
figlib/HPWREN-FIgLib/20170722_FIRE_so-s-mobo-c/1500761841_2B00600.jpg,firebench_q004,caption_failed,empty caption from provider,6,inserted_degraded,empty caption from provider
figlib/HPWREN-FIgLib/20170711_FIRE_bl-e-mobo-c/1499807331_2B01200.jpg,firebench_q004,caption_failed,empty caption from provider,6,inserted_degraded,empty caption from provider
figlib/HPWREN-FIgLib/20180602_Alison_sp-s-mobo-c/1527972390_2B02400.jpg,firebench_q003,caption_failed,empty caption from provider,6,inserted_degraded,empty caption from provider
figlib/HPWREN-FIgLib/20250501_FelipeFire_ml-n-mobo-c/1746133187_2B01260.jpg,firebench_q003,caption_failed,empty caption from provider,6,inserted_degraded,empty caption from provider
figlib/HPWREN-FIgLib/20180725_Cranston_sp-e-mobo-c/1532543548_-01320.jpg,firebench_q003,caption_failed,empty caption from provider,6,inserted_degraded,empty caption from provider
figlib/HPWREN-FIgLib/20190728_Dehesa_lp-n-mobo/1564361221_-00600.jpg,firebench_q003,caption_failed,empty caption from provider,6,inserted_degraded,empty caption from provider
figlib/HPWREN-FIgLib/20200831_FIRE_wc-n-mobo-c/1598910558.jpg,firebench_q003,caption_failed,empty caption from provider,6,inserted_degraded,empty caption from provider
figlib/HPWREN-FIgLib/20190924_FIRE_wc-e-mobo-c/1569360560_-01800.jpg,firebench_q003,caption_failed,empty caption from provider,6,inserted_degraded,empty caption from provider
figlib/HPWREN-FIgLib/20241007_Posta3Fire_ws-n-mobo-c/1728339060_2B02340.jpg,firebench_q004,caption_failed,empty caption from provider,6,inserted_degraded,empty caption from provider
figlib/HPWREN-FIgLib/20240728_Border65Fire_pi-s-mobo-c/1722196321_-00120.jpg,firebench_q004,caption_failed,empty caption from provider,6,inserted_degraded,empty caption from provider
figlib/HPWREN-FIgLib/20171017_FIRE_smer-tcs3-mobo-c/1508277068_2B01740.jpg,firebench_q003,caption_failed,empty caption from provider,6,inserted_degraded,empty caption from provider
figlib/HPWREN-FIgLib/20241108_Pasqual4Fire_wc-n-mobo-c/1731098932_2B00599.jpg,firebench_q004,caption_failed,empty caption from provider,6,inserted_degraded,empty caption from provider
figlib/HPWREN-FIgLib/20200930_inMexico_lp-s-mobo-c/1601495225_2B01020.jpg,firebench_q004,caption_failed,empty caption from provider,6,inserted_degraded,empty caption from provider
figlib/HPWREN-FIgLib/20250226_PennyFire_ml-w-mobo-c/1740608028_2B01260.jpg,firebench_q004,caption_failed,empty caption from provider,6,inserted_degraded,empty caption from provider
wildfire/The-Wildfire-Dataset/fire/malachi-brooks-utCa3lcWQxg-unsplash.jpg,firebench_q002,caption_failed,empty caption from provider,6,inserted_degraded,empty caption from provider
figlib/HPWREN-FIgLib/20180809_FIRE_mg-w-mobo-c/1533845800_2B00360.jpg,firebench_q004,caption_failed,empty caption from provider,6,inserted_degraded,empty caption from provider
figlib/HPWREN-FIgLib/20240812_AnitaFire_sm-n-mobo-c/1723496418_2B02220.jpg,firebench_q004,caption_failed,empty caption from provider,6,inserted_degraded,empty caption from provider
figlib/HPWREN-FIgLib/20180504_FIRE_smer-tcs8-mobo-c/1525470475_2B00840.jpg,firebench_q004,caption_failed,empty caption from provider,6,inserted_degraded,empty caption from provider
figlib/HPWREN-FIgLib/20240701_Kitchenfire_ws-w-mobo-c/1719857580_2B02399.jpg,firebench_q004,caption_failed,empty caption from provider,6,inserted_degraded,empty caption from provider
figlib/HPWREN-FIgLib/20191005_FIRE_bm-e-mobo-c/1570311035_2B00780.jpg,firebench_q004,caption_failed,empty caption from provider,6,inserted_degraded,empty caption from provider
figlib/HPWREN-FIgLib/20180727_FIRE_wc-n-mobo-c/1532724558_2B01080.jpg,firebench_q004,caption_failed,empty caption from provider,6,inserted_degraded,empty caption from provider
wildfire/The-Wildfire-Dataset/fire/9598076793_f83b3e76bb_o.jpg,firebench_q003,caption_failed,empty caption from provider,6,inserted_degraded,empty caption from provider
figlib/HPWREN-FIgLib/20160619_FIRE_om-e-mobo-c/1466360137_2B00780.jpg,firebench_q004,caption_failed,empty caption from provider,6,inserted_degraded,empty caption from provider
figlib/HPWREN-FIgLib/20251009_RanchoFire_bm-s-mobo-c/1760041879_2B01501.jpg,firebench_q004,caption_failed,empty caption from provider,6,inserted_degraded,empty caption from provider
figlib/HPWREN-FIgLib/20251102_ScissorsFire_vo-e-mobo-m/1762123070_2B00780.jpg,firebench_q004,caption_failed,empty caption from provider,6,inserted_degraded,empty caption from provider
figlib/HPWREN-FIgLib/20210110_Borderfire_lp-s-mobo-c/1610306885_2B01799.jpg,firebench_q004,caption_failed,empty caption from provider,6,inserted_degraded,empty caption from provider
figlib/HPWREN-FIgLib/20240701_McCainfire_ws-e-mobo-c/1719875699_2B02400.jpg,firebench_q004,caption_failed,empty caption from provider,6,inserted_degraded,empty caption from provider
sage/W097/imagesampler-mobotix-2727/sage-imagesampler-mobotix-0.3.7/000048b02dd3c427/1765368714314903251-sample.jpg,firebench_q003,caption_failed,empty caption from provider,6,inserted_degraded,empty caption from provider
figlib/HPWREN-FIgLib/20200905_ValleyFire_sm-e-mobo-c/1599342809_2B01440.jpg,firebench_q004,caption_failed,empty caption from provider,6,inserted_degraded,empty caption from provider
sage/W097/imagesampler-bottom-2726/sage-imagesampler-bottom-0.3.7/000048b02dd3c427/1765390206171761415-sample.jpg,firebench_q004,caption_failed,empty caption from provider,6,inserted_degraded,empty caption from provider
figlib/HPWREN-FIgLib/20171026_FIRE_rm-n-mobo-c/1509045420_-00780.jpg,firebench_q005,caption_failed,empty caption from provider,6,inserted_degraded,empty caption from provider
figlib/HPWREN-FIgLib/20240724_GroveFire_hp-e-mobo-c/1721851475_2B00330.jpg,firebench_q004,caption_failed,empty caption from provider,6,inserted_degraded,empty caption from provider
figlib/HPWREN-FIgLib/20250101_Fire_dwpgm-s-mobo-c/1735719152_2B00059.jpg,firebench_q004,caption_failed,empty caption from provider,6,inserted_degraded,empty caption from provider
figlib/HPWREN-FIgLib/20180603_FIRE_rm-w-mobo-c/1528055106_-02220.jpg,firebench_q005,caption_failed,empty caption from provider,6,inserted_degraded,empty caption from provider
figlib/HPWREN-FIgLib/20170520_FIRE_pi-s-mobo-c/1495304047_2B02220.jpg,firebench_q005,caption_failed,empty caption from provider,6,inserted_degraded,empty caption from provider
figlib/HPWREN-FIgLib/20170722_FIRE_so-s-mobo-c/1500758961_-02280.jpg,firebench_q005,caption_failed,empty caption from provider,6,inserted_degraded,empty caption from provider
sage/W097/imagesampler-bottom-2726/sage-imagesampler-bottom-0.3.7/000048b02dd3c427/1764997805402441080-sample.jpg,firebench_q004,caption_failed,empty caption from provider,6,inserted_degraded,empty caption from provider
figlib/HPWREN-FIgLib/20171010_FIRE_hp-w-mobo-c/1507670371_-02100.jpg,firebench_q005,caption_failed,empty caption from provider,6,inserted_degraded,empty caption from provider
figlib/HPWREN-FIgLib/20191003_FIRE_rm-w-mobo-c/1570124166_-01860.jpg,firebench_q005,caption_failed,empty caption from provider,6,inserted_degraded,empty caption from provider
figlib/HPWREN-FIgLib/20190716_FIRE_so-w-mobo-c/1563310883_2B02340.jpg,firebench_q005,caption_failed,empty caption from provider,6,inserted_degraded,empty caption from provider
figlib/HPWREN-FIgLib/20180605_FIRE_smer-tcs9-mobo-c/1528233357_2B02100.jpg,firebench_q004,caption_failed,empty caption from provider,6,inserted_degraded,empty caption from provider
figlib/HPWREN-FIgLib/20190829_FIRE_rm-w-mobo-c/1567098606_-02400.jpg,firebench_q005,caption_failed,empty caption from provider,6,inserted_degraded,empty caption from provider
figlib/HPWREN-FIgLib/20200205_FIRE_hp-w-mobo-c/1580925571_-01500.jpg,firebench_q005,caption_failed,empty caption from provider,6,inserted_degraded,empty caption from provider
figlib/HPWREN-FIgLib/20170609_FIRE_sm-n-mobo-c/1497048267_-01380.jpg,firebench_q005,caption_failed,empty caption from provider,6,inserted_degraded,empty caption from provider
figlib/HPWREN-FIgLib/20160619_FIRE_pi-s-mobo-c/1466358427_-01140.jpg,firebench_q005,caption_failed,empty caption from provider,6,inserted_degraded,empty caption from provider
figlib/HPWREN-FIgLib/20240616_BuckmanFire_pi-s-mobo-c/1718563081_-02099.jpg,firebench_q005,caption_failed,empty caption from provider,6,inserted_degraded,empty caption from provider
figlib/HPWREN-FIgLib/20180504_FIRE_rm-n-mobo-c/1525469040_-01080.jpg,firebench_q005,caption_failed,empty caption from provider,6,inserted_degraded,empty caption from provider
sage/W097/imagesampler-mobotix-2727/sage-imagesampler-mobotix-0.3.7/000048b02dd3c427/1765354083922851071-sample.jpg,firebench_q004,caption_failed,empty caption from provider,6,inserted_degraded,empty caption from provider
figlib/HPWREN-FIgLib/20240616_BuckmanFire_pi-s-mobo-c/1718564341_-00839.jpg,firebench_q005,caption_failed,empty caption from provider,6,inserted_degraded,empty caption from provider
sage/W097/imagesampler-mobotix-2727/sage-imagesampler-mobotix-0.3.7/000048b02dd3c427/1765405183899668125-sample.jpg,firebench_q004,caption_failed,empty caption from provider,6,inserted_degraded,empty caption from provider
figlib/HPWREN-FIgLib/20180603_FIRE_bl-s-mobo-c/1528066973_-00420.jpg,firebench_q005,caption_failed,empty caption from provider,6,inserted_degraded,empty caption from provider
figlib/HPWREN-FIgLib/20180614_FIRE_hp-s-mobo-c/1529011469_-00480.jpg,firebench_q005,caption_failed,empty caption from provider,6,inserted_degraded,empty caption from provider
figlib/HPWREN-FIgLib/20170613_FIRE_bh-w-mobo-c/1497386716_2B01620.jpg,firebench_q005,caption_failed,empty caption from provider,6,inserted_degraded,empty caption from provider
figlib/HPWREN-FIgLib/20170713_FIRE_smer-tcs8-mobo-c/1499978695_-02340.jpg,firebench_q005,caption_failed,empty caption from provider,6,inserted_degraded,empty caption from provider
figlib/HPWREN-FIgLib/20240616_BuckmanFire_pi-s-mobo-c/1718567101_2B01921.jpg,firebench_q005,caption_failed,empty caption from provider,6,inserted_degraded,empty caption from provider
figlib/HPWREN-FIgLib/20180602_Alison_sp-w-mobo-c/1527967772_-02220.jpg,firebench_q005,caption_failed,empty caption from provider,6,inserted_degraded,empty caption from provider
sage/W097/imagesampler-mobotix-2727/sage-imagesampler-mobotix-0.3.7/000048b02dd3c427/1765352894269652874-sample.jpg,firebench_q004,caption_failed,empty caption from provider,6,inserted_degraded,empty caption from provider
figlib/HPWREN-FIgLib/20190620_FIRE_smer-tcs9-mobo-c/1561065357_-00240.jpg,firebench_q005,caption_failed,empty caption from provider,6,inserted_degraded,empty caption from provider
figlib/HPWREN-FIgLib/20171207_FIRE_smer-tcs8-mobo-c/1512679675_-01500.jpg,firebench_q005,caption_failed,empty caption from provider,6,inserted_degraded,empty caption from provider
sage/W097/imagesampler-mobotix-2727/sage-imagesampler-mobotix-0.3.7/000048b02dd3c427/1765400914882049403-sample.jpg,firebench_q004,caption_failed,empty caption from provider,6,inserted_degraded,empty caption from provider
wildfire/The-Wildfire-Dataset/nofire/olivier-mesnage-qj8ujkhbLfc-unsplash.jpg,firebench_q004,caption_failed,empty caption from provider,6,inserted_degraded,empty caption from provider
figlib/HPWREN-FIgLib/20180614_Hope_wc-e-mobo-c/1528998920_-02040.jpg,firebench_q005,caption_failed,empty caption from provider,6,inserted_degraded,empty caption from provider
sage/W097/imagesampler-bottom-2726/sage-imagesampler-bottom-0.3.7/000048b02dd3c427/1765354205217748211-sample.jpg,firebench_q005,caption_failed,empty caption from provider,6,inserted_degraded,empty caption from provider
figlib/HPWREN-FIgLib/20240802_WarnersFire_sojr-s-mobo-c/1722632308_2B00660.jpg,firebench_q005,caption_failed,empty caption from provider,6,inserted_degraded,empty caption from provider
figlib/HPWREN-FIgLib/20190827_FIRE_so-w-mobo-c/1566928463_2B01620.jpg,firebench_q006,caption_failed,empty caption from provider,6,inserted_degraded,empty caption from provider
figlib/HPWREN-FIgLib/20200608_FIRE_rm-w-mobo-c/1591636866_2B00600.jpg,firebench_q006,caption_failed,empty caption from provider,6,inserted_degraded,empty caption from provider
figlib/HPWREN-FIgLib/20200202_FIRE_hp-w-mobo-c/1580666851_-01140.jpg,firebench_q006,caption_failed,empty caption from provider,6,inserted_degraded,empty caption from provider
figlib/HPWREN-FIgLib/20200807_AppleFire-backfire-operation_hp-n-mobo-c/1596818125_-00360.jpg,firebench_q006,caption_failed,empty caption from provider,6,inserted_degraded,empty caption from provider
figlib/HPWREN-FIgLib/20200205_FIRE_hp-w-mobo-c/1580925811_-01260.jpg,firebench_q006,caption_failed,empty caption from provider,6,inserted_degraded,empty caption from provider
figlib/HPWREN-FIgLib/20171017_FIRE_smer-tcs3-mobo-c/1508276468_2B01140.jpg,firebench_q005,caption_failed,empty caption from provider,6,inserted_degraded,empty caption from provider
figlib/HPWREN-FIgLib/20180504_FIRE_rm-n-mobo-c/1525469040_-01080.jpg,firebench_q006,caption_failed,empty caption from provider,6,inserted_degraded,empty caption from provider
figlib/HPWREN-FIgLib/20180603_FIRE_bl-s-mobo-c/1528065353_-02040.jpg,firebench_q006,caption_failed,empty caption from provider,6,inserted_degraded,empty caption from provider
figlib/HPWREN-FIgLib/20180612_FIRE_smer-tcs9-mobo-c/1528840197_-00960.jpg,firebench_q005,caption_failed,empty caption from provider,6,inserted_degraded,empty caption from provider
figlib/HPWREN-FIgLib/20200608_FIRE_rm-w-mobo-c/1591635966_-00300.jpg,firebench_q006,caption_failed,empty caption from provider,6,inserted_degraded,empty caption from provider
figlib/HPWREN-FIgLib/20180614_FIRE_hp-s-mobo-c/1529011469_-00480.jpg,firebench_q006,caption_failed,empty caption from provider,6,inserted_degraded,empty caption from provider
figlib/HPWREN-FIgLib/20170520_FIRE_pi-s-mobo-c/1495304047_2B02220.jpg,firebench_q006,caption_failed,empty caption from provider,6,inserted_degraded,empty caption from provider
figlib/HPWREN-FIgLib/20240616_BuckmanFire_pi-s-mobo-c/1718564341_-00839.jpg,firebench_q006,caption_failed,empty caption from provider,6,inserted_degraded,empty caption from provider
figlib/HPWREN-FIgLib/20240616_BuckmanFire_pi-s-mobo-c/1718563081_-02099.jpg,firebench_q006,caption_failed,empty caption from provider,6,inserted_degraded,empty caption from provider
figlib/HPWREN-FIgLib/20180614_Hope_wc-e-mobo-c/1528999940_-01020.jpg,firebench_q006,caption_failed,empty caption from provider,6,inserted_degraded,empty caption from provider
figlib/HPWREN-FIgLib/20170711_FIRE_bm-s-mobo-c/1499787937_2B00540.jpg,firebench_q006,caption_failed,empty caption from provider,6,inserted_degraded,empty caption from provider
figlib/HPWREN-FIgLib/20191005_FIRE_wc-e-mobo-c/1570310240_-00061.jpg,firebench_q006,caption_failed,empty caption from provider,6,inserted_degraded,empty caption from provider
figlib/HPWREN-FIgLib/20180602_Alison_sp-s-mobo-c/1527969450_-00540.jpg,firebench_q006,caption_failed,empty caption from provider,6,inserted_degraded,empty caption from provider
figlib/HPWREN-FIgLib/20200529_StructFire_wc-e-mobo-c/1590795500_2B00600.jpg,firebench_q006,caption_failed,empty caption from provider,6,inserted_degraded,empty caption from provider
wildfire/The-Wildfire-Dataset/fire/52530727340_ed07f21da3_o.jpg,firebench_q005,caption_failed,empty caption from provider,6,inserted_degraded,empty caption from provider
figlib/HPWREN-FIgLib/20210711_FIRE_wc-e-mobo-c/1626024654_-01500.jpg,firebench_q006,caption_failed,empty caption from provider,6,inserted_degraded,empty caption from provider
figlib/HPWREN-FIgLib/20241007_Posta3Fire_pi-e-mobo-c/1728336297_-00360.jpg,firebench_q006,caption_failed,empty caption from provider,6,inserted_degraded,empty caption from provider
figlib/HPWREN-FIgLib/20191006_FIRE_lo-w-mobo-c/1570384946_2B00661.jpg,firebench_q007,caption_failed,empty caption from provider,6,inserted_degraded,empty caption from provider
figlib/HPWREN-FIgLib/20190924_FIRE_wc-e-mobo-c/1569360560_-01800.jpg,firebench_q006,caption_failed,empty caption from provider,6,inserted_degraded,empty caption from provider
figlib/HPWREN-FIgLib/20200521_VEGMGMT_ml-w-mobo-c/1590082217_2B01560.jpg,firebench_q007,caption_failed,empty caption from provider,6,inserted_degraded,empty caption from provider
figlib/HPWREN-FIgLib/20191005_FIRE_vo-n-mobo-c/1570310561_2B00660.jpg,firebench_q007,caption_failed,empty caption from provider,6,inserted_degraded,empty caption from provider
figlib/HPWREN-FIgLib/20180612_FIRE_smer-tcs9-mobo-c/1528839717_-01440.jpg,firebench_q006,caption_failed,empty caption from provider,6,inserted_degraded,empty caption from provider
figlib/HPWREN-FIgLib/20190803_OtaySouth_lp-s-mobo/1564868465_-00960.jpg,firebench_q006,caption_failed,empty caption from provider,6,inserted_degraded,empty caption from provider
figlib/HPWREN-FIgLib/20191001_FIRE_bh-w-mobo-c/1569963796_2B01440.jpg,firebench_q007,caption_failed,empty caption from provider,6,inserted_degraded,empty caption from provider
figlib/HPWREN-FIgLib/20180720_Cinnamon_wc-e-mobo-c/1532116520_-00720.jpg,firebench_q006,caption_failed,empty caption from provider,6,inserted_degraded,empty caption from provider
figlib/HPWREN-FIgLib/20250823_Clubfire_starr-n-mobo-c/1755962974_-01861.jpg,firebench_q006,caption_failed,empty caption from provider,6,inserted_degraded,empty caption from provider
wildfire/The-Wildfire-Dataset/fire/42983576304_1e385a0831_o.jpg,firebench_q003,caption_failed,empty caption from provider,6,inserted_degraded,empty caption from provider
figlib/HPWREN-FIgLib/20171207_FIRE_smer-tcs8-mobo-c/1512679675_-01500.jpg,firebench_q006,caption_failed,empty caption from provider,6,inserted_degraded,empty caption from provider
figlib/HPWREN-FIgLib/20200911_FIRE_lp-e-mobo-c/1599854163_2B00120.jpg,firebench_q007,caption_failed,empty caption from provider,6,inserted_degraded,empty caption from provider
figlib/HPWREN-FIgLib/20170722_FIRE_mg-n-iqeye/1500763160_2B01800.jpg,firebench_q007,caption_failed,empty caption from provider,6,inserted_degraded,empty caption from provider
wildfire/The-Wildfire-Dataset/nofire/ruben-marques-DUxJSaANcWs-unsplash.jpg,firebench_q004,caption_failed,empty caption from provider,6,inserted_degraded,empty caption from provider
figlib/HPWREN-FIgLib/20170627_FIRE_om-e-mobo-c/1498581277_2B02220.jpg,firebench_q007,caption_failed,empty caption from provider,6,inserted_degraded,empty caption from provider
figlib/HPWREN-FIgLib/20190825_FIRE_sm-w-mobo-c/1566769113_2B00780.jpg,firebench_q007,caption_failed,empty caption from provider,6,inserted_degraded,empty caption from provider
figlib/HPWREN-FIgLib/20200930_inMexico_om-e-mobo-c/1601494297_2B00360.jpg,firebench_q007,caption_failed,empty caption from provider,6,inserted_degraded,empty caption from provider
figlib/HPWREN-FIgLib/20200911_FIRE_lp-e-mobo-c/1599856023_2B01980.jpg,firebench_q007,caption_failed,empty caption from provider,6,inserted_degraded,empty caption from provider
figlib/HPWREN-FIgLib/20161113_FIRE_bm-w-mobo-c/1479064839_2B00420.jpg,firebench_q007,caption_failed,empty caption from provider,6,inserted_degraded,empty caption from provider
figlib/HPWREN-FIgLib/20170625_BBM_bm-n-mobo/1498417653_2B01260.jpg,firebench_q007,caption_failed,empty caption from provider,6,inserted_degraded,empty caption from provider
figlib/HPWREN-FIgLib/20200807_AppleFire-backfire-operation_hp-n-mobo-c/1596820828_2B02343.jpg,firebench_q007,caption_failed,empty caption from provider,6,inserted_degraded,empty caption from provider
figlib/HPWREN-FIgLib/20200828_BorderFire_sm-s-mobo-c/1598630251_2B01080.jpg,firebench_q007,caption_failed,empty caption from provider,6,inserted_degraded,empty caption from provider
wildfire/The-Wildfire-Dataset/fire/9570771389_92a0929ef1_o.jpg,firebench_q006,caption_failed,empty caption from provider,6,inserted_degraded,empty caption from provider
figlib/HPWREN-FIgLib/20170625_BBM_bm-n-mobo/1498418073_2B01680.jpg,firebench_q007,caption_failed,empty caption from provider,6,inserted_degraded,empty caption from provider
sage/W097/imagesampler-mobotix-2727/sage-imagesampler-mobotix-0.3.7/000048b02dd3c427/1765428563727261188-sample.jpg,firebench_q006,caption_failed,empty caption from provider,6,inserted_degraded,empty caption from provider
figlib/HPWREN-FIgLib/20240701_Kitchenfire_mlo-s-mobo-c/1719856851_2B01801.jpg,firebench_q007,caption_failed,empty caption from provider,6,inserted_degraded,empty caption from provider
figlib/HPWREN-FIgLib/20240728_Border65Fire_lp-s-mobo-c/1722197380_2B00901.jpg,firebench_q008,caption_failed,empty caption from provider,6,inserted_degraded,empty caption from provider
figlib/HPWREN-FIgLib/20190620_FIRE_smer-tcs9-mobo-c/1561066257_2B00660.jpg,firebench_q007,caption_failed,empty caption from provider,6,inserted_degraded,empty caption from provider
figlib/HPWREN-FIgLib/20191006_FIRE_lp-n-mobo-c/1570384441_2B00360.jpg,firebench_q007,caption_failed,empty caption from provider,6,inserted_degraded,empty caption from provider
figlib/HPWREN-FIgLib/20180720_FIRE_syp-w-mobo-c/1532123269_2B01680.jpg,firebench_q007,caption_failed,empty caption from provider,6,inserted_degraded,empty caption from provider
figlib/HPWREN-FIgLib/20180809_FIRE_bl-e-mobo-c/1533846051_2B00480.jpg,firebench_q008,caption_failed,empty caption from provider,6,inserted_degraded,empty caption from provider
figlib/HPWREN-FIgLib/20200521_VEGMGMT_ml-w-mobo-c/1590082757_2B02100.jpg,firebench_q008,caption_failed,empty caption from provider,6,inserted_degraded,empty caption from provider
figlib/HPWREN-FIgLib/20200822_SloaneFire_lp-n-mobo-c/1598130061_2B00180.jpg,firebench_q008,caption_failed,empty caption from provider,6,inserted_degraded,empty caption from provider
figlib/HPWREN-FIgLib/20180612_FIRE_smer-tcs9-mobo-c/1528842717_2B01560.jpg,firebench_q007,caption_failed,empty caption from provider,6,inserted_degraded,empty caption from provider
wildfire/The-Wildfire-Dataset/fire/52149116460_a76bf7aaf8_o.jpg,firebench_q006,caption_failed,empty caption from provider,6,inserted_degraded,empty caption from provider
figlib/HPWREN-FIgLib/20191006_FIRE_ml-w-mobo-c/1570385837_2B01800.jpg,firebench_q008,caption_failed,empty caption from provider,6,inserted_degraded,empty caption from provider
figlib/HPWREN-FIgLib/20171207_FIRE_smer-tcs8-mobo-c/1512681475_2B00300.jpg,firebench_q007,caption_failed,empty caption from provider,6,inserted_degraded,empty caption from provider
figlib/HPWREN-FIgLib/20191006_FIRE_ml-w-mobo-c/1570384462_2B00425.jpg,firebench_q008,caption_failed,empty caption from provider,6,inserted_degraded,empty caption from provider
figlib/HPWREN-FIgLib/20241031_QuarryFire_sm-w-mobo-c/1730402844_2B01140.jpg,firebench_q008,caption_failed,empty caption from provider,6,inserted_degraded,empty caption from provider
figlib/HPWREN-FIgLib/20171207_FIRE_smer-tcs8-mobo-c/1512682435_2B01260.jpg,firebench_q008,caption_failed,empty caption from provider,6,inserted_degraded,empty caption from provider
figlib/HPWREN-FIgLib/20200829_inside-Mexico_om-e-mobo-c/1598724157_2B00720.jpg,firebench_q008,caption_failed,empty caption from provider,6,inserted_degraded,empty caption from provider
figlib/HPWREN-FIgLib/20201216_ChaparralFire_om-n-mobo-c/1608155615_2B01140.jpg,firebench_q008,caption_failed,empty caption from provider,6,inserted_degraded,empty caption from provider
wildfire/The-Wildfire-Dataset/fire/43874926204_2a187404a2_o.jpg,firebench_q005,caption_failed,empty caption from provider,6,inserted_degraded,empty caption from provider
figlib/HPWREN-FIgLib/20240718_EggStructureFire_bm-s-mobo-c/1721350818_2B02161.jpg,firebench_q008,caption_failed,empty caption from provider,6,inserted_degraded,empty caption from provider
wildfire/The-Wildfire-Dataset/nofire/pramod-tiwari--uVQYYD5qco-unsplash.jpg,firebench_q007,caption_failed,empty caption from provider,6,inserted_degraded,empty caption from provider
figlib/HPWREN-FIgLib/20200521_VEGMGMT_ml-w-mobo-c/1590082217_2B01560.jpg,firebench_q008,caption_failed,empty caption from provider,6,inserted_degraded,empty caption from provider
figlib/HPWREN-FIgLib/20191001_FIRE_bh-w-mobo-c/1569964577_2B02221.jpg,firebench_q008,caption_failed,empty caption from provider,6,inserted_degraded,empty caption from provider
figlib/HPWREN-FIgLib/20200822_SloaneFire_lp-n-mobo-c/1598127721_-02160.jpg,firebench_q008,caption_failed,empty caption from provider,6,inserted_degraded,empty caption from provider
figlib/HPWREN-FIgLib/20170722_FIRE_bm-n-mobo-c/1500762993_2B01680.jpg,firebench_q008,caption_failed,empty caption from provider,6,inserted_degraded,empty caption from provider
figlib/HPWREN-FIgLib/20200911_FIRE_lp-e-mobo-c/1599851943_-02100.jpg,firebench_q008,caption_failed,empty caption from provider,6,inserted_degraded,empty caption from provider
figlib/HPWREN-FIgLib/20170711_FIRE_bl-s-mobo-c/1499807633_2B01440.jpg,firebench_q008,caption_failed,empty caption from provider,6,inserted_degraded,empty caption from provider
figlib/HPWREN-FIgLib/20180706_FIRE_wc-e-mobo-c/1530903080_2B01200.jpg,firebench_q008,caption_failed,empty caption from provider,6,inserted_degraded,empty caption from provider
figlib/HPWREN-FIgLib/20180726_FIRE_so-w-mobo-c/1532622983_-00420.jpg,firebench_q009,caption_failed,empty caption from provider,6,inserted_degraded,empty caption from provider
figlib/HPWREN-FIgLib/20171026_FIRE_smer-tcs8-mobo-c/1509046375_2B00300.jpg,firebench_q008,caption_failed,empty caption from provider,6,inserted_degraded,empty caption from provider
figlib/HPWREN-FIgLib/20180612_FIRE_smer-tcs9-mobo-c/1528842717_2B01560.jpg,firebench_q008,caption_failed,empty caption from provider,6,inserted_degraded,empty caption from provider
figlib/HPWREN-FIgLib/20190712_RockHouse_wc-e-mobo-c/1562959760_2B00419.jpg,firebench_q008,caption_failed,empty caption from provider,6,inserted_degraded,empty caption from provider
figlib/HPWREN-FIgLib/20160619_FIRE_pi-s-mobo-c/1466359087_-00480.jpg,firebench_q009,caption_failed,empty caption from provider,6,inserted_degraded,empty caption from provider
figlib/HPWREN-FIgLib/20191001_FIRE_bh-w-mobo-c/1569963916_2B01560.jpg,firebench_q008,caption_failed,empty caption from provider,6,inserted_degraded,empty caption from provider
figlib/HPWREN-FIgLib/20190924_FIRE_wc-e-mobo-c/1569363680_2B01320.jpg,firebench_q008,caption_failed,empty caption from provider,6,inserted_degraded,empty caption from provider
figlib/HPWREN-FIgLib/20180605_FIRE_smer-tcs9-mobo-c/1528233537_2B02280.jpg,firebench_q008,caption_failed,empty caption from provider,6,inserted_degraded,empty caption from provider
figlib/HPWREN-FIgLib/20160619_FIRE_pi-s-mobo-c/1466358427_-01140.jpg,firebench_q009,caption_failed,empty caption from provider,6,inserted_degraded,empty caption from provider
figlib/HPWREN-FIgLib/20180727_FIRE_mg-w-mobo-c/1532724340_2B00180.jpg,firebench_q008,caption_failed,empty caption from provider,6,inserted_degraded,empty caption from provider
figlib/HPWREN-FIgLib/20190826_FIRE_smer-tcs9-mobo-c/1566847617_-01500.jpg,firebench_q009,caption_failed,empty caption from provider,6,inserted_degraded,empty caption from provider
figlib/HPWREN-FIgLib/20170722_FIRE_so-s-mobo-c/1500759861_-01380.jpg,firebench_q009,caption_failed,empty caption from provider,6,inserted_degraded,empty caption from provider
figlib/HPWREN-FIgLib/20191001_FIRE_rm-w-mobo-c/1569955568_-00178.jpg,firebench_q009,caption_failed,empty caption from provider,6,inserted_degraded,empty caption from provider
figlib/HPWREN-FIgLib/20170713_FIRE_smer-tcs8-mobo-c/1499982775_2B01740.jpg,firebench_q009,caption_failed,empty caption from provider,6,inserted_degraded,empty caption from provider
figlib/HPWREN-FIgLib/20171207_FIRE_smer-tcs8-mobo-c/1512679675_-01500.jpg,firebench_q009,caption_failed,empty caption from provider,6,inserted_degraded,empty caption from provider
wildfire/The-Wildfire-Dataset/nofire/josh-withers-aCTMWTlqiEQ-unsplash.jpg,firebench_q007,caption_failed,empty caption from provider,6,inserted_degraded,empty caption from provider
figlib/HPWREN-FIgLib/20200202_FIRE_hp-w-mobo-c/1580667931_-00060.jpg,firebench_q009,caption_failed,empty caption from provider,6,inserted_degraded,empty caption from provider
figlib/HPWREN-FIgLib/20190825_FIRE-smer-tcs8-mobo-c/1566753835_-02400.jpg,firebench_q009,caption_failed,empty caption from provider,6,inserted_degraded,empty caption from provider
figlib/HPWREN-FIgLib/20160604_FIRE_rm-n-mobo-c/1465064280_-01320.jpg,firebench_q009,caption_failed,empty caption from provider,6,inserted_degraded,empty caption from provider
wildfire/The-Wildfire-Dataset/nofire/tamara-bitter-rEbBI6jbs3A-unsplash.jpg,firebench_q008,caption_failed,empty caption from provider,6,inserted_degraded,empty caption from provider
figlib/HPWREN-FIgLib/20180910_FIRE_smer-tcs8-mobo-c/1536612415_2B02340.jpg,firebench_q009,caption_failed,empty caption from provider,6,inserted_degraded,empty caption from provider
wildfire/The-Wildfire-Dataset/nofire/mathieu-odin-DOHfIUK8Dl4-unsplash.jpg,firebench_q008,caption_failed,empty caption from provider,6,inserted_degraded,empty caption from provider
figlib/HPWREN-FIgLib/20180504_FIRE_rm-n-mobo-c/1525469040_-01080.jpg,firebench_q009,caption_failed,empty caption from provider,6,inserted_degraded,empty caption from provider
wildfire/The-Wildfire-Dataset/nofire/52452049280_49b1b711b6_o.jpg,firebench_q008,caption_failed,empty caption from provider,6,inserted_degraded,empty caption from provider
figlib/HPWREN-FIgLib/20190629_FIRE_hp-n-mobo-c/1561832965_-00360.jpg,firebench_q009,caption_failed,empty caption from provider,6,inserted_degraded,empty caption from provider
figlib/HPWREN-FIgLib/20200205_FIRE_hp-w-mobo-c/1580925811_-01260.jpg,firebench_q009,caption_failed,empty caption from provider,6,inserted_degraded,empty caption from provider
figlib/HPWREN-FIgLib/20240616_BuckmanFire_pi-s-mobo-c/1718563081_-02099.jpg,firebench_q009,caption_failed,empty caption from provider,6,inserted_degraded,empty caption from provider
figlib/HPWREN-FIgLib/20180603_FIRE_bl-s-mobo-c/1528065353_-02040.jpg,firebench_q009,caption_failed,empty caption from provider,6,inserted_degraded,empty caption from provider
wildfire/The-Wildfire-Dataset/nofire/aaron-burden-zAffziey-50-unsplash.jpg,firebench_q008,caption_failed,empty caption from provider,6,inserted_degraded,empty caption from provider
figlib/HPWREN-FIgLib/20190825_FIRE-smer-tcs8-mobo-c/1566757195_2B00960.jpg,firebench_q009,caption_failed,empty caption from provider,6,inserted_degraded,empty caption from provider
wildfire/The-Wildfire-Dataset/fire/28431966447_1533de1d5f_o.jpg,firebench_q006,caption_failed,empty caption from provider,6,inserted_degraded,empty caption from provider
figlib/HPWREN-FIgLib/20191003_FIRE_smer-tcs9-mobo-c/1570125117_-00900.jpg,firebench_q009,caption_failed,empty caption from provider,6,inserted_degraded,empty caption from provider
figlib/HPWREN-FIgLib/20190712_RockHouse_wc-e-mobo-c/1562961560_2B02219.jpg,firebench_q009,caption_failed,empty caption from provider,6,inserted_degraded,empty caption from provider
figlib/HPWREN-FIgLib/20170711_FIRE_bm-s-mobo-c/1499787937_2B00540.jpg,firebench_q009,caption_failed,empty caption from provider,6,inserted_degraded,empty caption from provider
figlib/HPWREN-FIgLib/20180614_Hope_wc-e-mobo-c/1528999940_-01020.jpg,firebench_q009,caption_failed,empty caption from provider,6,inserted_degraded,empty caption from provider
figlib/HPWREN-FIgLib/20180720_Cinnamon_wc-e-mobo-c/1532116520_-00720.jpg,firebench_q009,caption_failed,empty caption from provider,6,inserted_degraded,empty caption from provider
figlib/HPWREN-FIgLib/20180612_FIRE_smer-tcs9-mobo-c/1528841037_-00120.jpg,firebench_q009,caption_failed,empty caption from provider,6,inserted_degraded,empty caption from provider
figlib/HPWREN-FIgLib/20210711_FIRE_wc-e-mobo-c/1626024654_-01500.jpg,firebench_q009,caption_failed,empty caption from provider,6,inserted_degraded,empty caption from provider
figlib/HPWREN-FIgLib/20200529_StructFire_wc-e-mobo-c/1590795500_2B00600.jpg,firebench_q009,caption_failed,empty caption from provider,6,inserted_degraded,empty caption from provider
figlib/HPWREN-FIgLib/20190924_FIRE_wc-e-mobo-c/1569360501_-01859.jpg,firebench_q009,caption_failed,empty caption from provider,6,inserted_degraded,empty caption from provider
figlib/HPWREN-FIgLib/20190924_FIRE_wc-e-mobo-c/1569360980_-01380.jpg,firebench_q009,caption_failed,empty caption from provider,6,inserted_degraded,empty caption from provider
figlib/HPWREN-FIgLib/20180806_FIRE_vo-w-mobo-c/1533577247_2B00780.jpg,firebench_q010,caption_failed,empty caption from provider,6,inserted_degraded,empty caption from provider
figlib/HPWREN-FIgLib/20180612_FIRE_smer-tcs9-mobo-c/1528839717_-01440.jpg,firebench_q009,caption_failed,empty caption from provider,6,inserted_degraded,empty caption from provider
wildfire/The-Wildfire-Dataset/nofire/ben-den-engelsen-DKkR5GAyd9I-unsplash.jpg,firebench_q008,caption_failed,empty caption from provider,6,inserted_degraded,empty caption from provider
figlib/HPWREN-FIgLib/20190925_FIRE_wc-e-mobo-c/1569444560_2B02160.jpg,firebench_q009,caption_failed,empty caption from provider,6,inserted_degraded,empty caption from provider
figlib/HPWREN-FIgLib/20191006_FIRE_ml-w-mobo-c/1570384462_2B00425.jpg,firebench_q010,caption_failed,empty caption from provider,6,inserted_degraded,empty caption from provider
figlib/HPWREN-FIgLib/20190620_FIRE_smer-tcs9-mobo-c/1561065357_-00240.jpg,firebench_q009,caption_failed,empty caption from provider,6,inserted_degraded,empty caption from provider
figlib/HPWREN-FIgLib/20180612_FIRE_smer-tcs9-mobo-c/1528840197_-00960.jpg,firebench_q009,caption_failed,empty caption from provider,6,inserted_degraded,empty caption from provider
figlib/HPWREN-FIgLib/20201216_ChaparralFire_om-n-mobo-c/1608155615_2B01140.jpg,firebench_q010,caption_failed,empty caption from provider,6,inserted_degraded,empty caption from provider
figlib/HPWREN-FIgLib/20170711_FIRE_sdsc-e-mobo-c/1499808951_2B02340.jpg,firebench_q010,caption_failed,empty caption from provider,6,inserted_degraded,empty caption from provider
figlib/HPWREN-FIgLib/20170520_FIRE_pi-w-mobo-c/1495306449_2B01980.jpg,firebench_q010,caption_failed,empty caption from provider,6,inserted_degraded,empty caption from provider
figlib/HPWREN-FIgLib/20201216_ChaparralFire_om-n-mobo-c/1608155555_2B01080.jpg,firebench_q010,caption_failed,empty caption from provider,6,inserted_degraded,empty caption from provider
figlib/HPWREN-FIgLib/20160619_FIRE_om-e-mobo-c/1466360137_2B00780.jpg,firebench_q010,caption_failed,empty caption from provider,6,inserted_degraded,empty caption from provider
figlib/HPWREN-FIgLib/20170722_FIRE_bm-n-mobo-c/1500762993_2B01680.jpg,firebench_q010,caption_failed,empty caption from provider,6,inserted_degraded,empty caption from provider
figlib/HPWREN-FIgLib/20201216_ChaparralFire_om-n-mobo-c/1608155495_2B01020.jpg,firebench_q010,caption_failed,empty caption from provider,6,inserted_degraded,empty caption from provider
figlib/HPWREN-FIgLib/20180806_FIRE_mg-s-mobo-c/1533577238_2B00780.jpg,firebench_q010,caption_failed,empty caption from provider,6,inserted_degraded,empty caption from provider
figlib/HPWREN-FIgLib/20250724_PostaFire_mlo-s-mobo-c/1753384308_2B01081.jpg,firebench_q010,caption_failed,empty caption from provider,6,inserted_degraded,empty caption from provider
figlib/HPWREN-FIgLib/20170625_BBM_bm-n-mobo/1498416933_2B00540.jpg,firebench_q010,caption_failed,empty caption from provider,6,inserted_degraded,empty caption from provider
sage/W097/imagesampler-mobotix-2727/sage-imagesampler-mobotix-0.3.7/000048b02dd3c427/1765388594378164091-sample.jpg,firebench_q010,caption_failed,empty caption from provider,6,inserted_degraded,empty caption from provider
figlib/HPWREN-FIgLib/20191001_FIRE_bh-w-mobo-c/1569964577_2B02221.jpg,firebench_q010,caption_failed,empty caption from provider,6,inserted_degraded,empty caption from provider
sage/W097/imagesampler-mobotix-2727/sage-imagesampler-mobotix-0.3.7/000048b02dd3c427/1765405814904711330-sample.jpg,firebench_q010,caption_failed,empty caption from provider,6,inserted_degraded,empty caption from provider
sage/W097/imagesampler-mobotix-2727/sage-imagesampler-mobotix-0.3.7/000048b02dd3c427/1765389433929921155-sample.jpg,firebench_q010,caption_failed,empty caption from provider,6,inserted_degraded,empty caption from provider
wildfire/The-Wildfire-Dataset/fire/52530727100_85c15724f7_o.jpg,firebench_q009,caption_failed,empty caption from provider,6,inserted_degraded,empty caption from provider
figlib/HPWREN-FIgLib/20180612_FIRE_smer-tcs9-mobo-c/1528842717_2B01560.jpg,firebench_q010,caption_failed,empty caption from provider,6,inserted_degraded,empty caption from provider
figlib/HPWREN-FIgLib/20191005_FIRE_vo-n-mobo-c/1570310561_2B00660.jpg,firebench_q010,caption_failed,empty caption from provider,6,inserted_degraded,empty caption from provider
figlib/HPWREN-FIgLib/20191005_FIRE_vo-n-mobo-c/1570307561_-02340.jpg,firebench_q011,caption_failed,empty caption from provider,6,inserted_degraded,empty caption from provider
sage/W097/imagesampler-mobotix-2727/sage-imagesampler-mobotix-0.3.7/000048b02dd3c427/1765399164042750937-sample.jpg,firebench_q010,caption_failed,empty caption from provider,6,inserted_degraded,empty caption from provider
figlib/HPWREN-FIgLib/20240701_Kitchenfire_lp-e-mobo-c/1719857078_2B01860.jpg,firebench_q010,caption_failed,empty caption from provider,6,inserted_degraded,empty caption from provider
figlib/HPWREN-FIgLib/20200828_BorderFire_sm-s-mobo-c/1598630251_2B01080.jpg,firebench_q010,caption_failed,empty caption from provider,6,inserted_degraded,empty caption from provider
figlib/HPWREN-FIgLib/20191006_FIRE_lo-w-mobo-c/1570384946_2B00661.jpg,firebench_q010,caption_failed,empty caption from provider,6,inserted_degraded,empty caption from provider
figlib/HPWREN-FIgLib/20180605_FIRE_smer-tcs9-mobo-c/1528233537_2B02280.jpg,firebench_q010,caption_failed,empty caption from provider,6,inserted_degraded,empty caption from provider
figlib/HPWREN-FIgLib/20191005_FIRE_vo-n-mobo-c/1570309781_-00120.jpg,firebench_q011,caption_failed,empty caption from provider,6,inserted_degraded,empty caption from provider
figlib/HPWREN-FIgLib/20241108_ResortFire_mg-n-mobo-c/1731110626_2B01380.jpg,firebench_q010,caption_failed,empty caption from provider,6,inserted_degraded,empty caption from provider
figlib/HPWREN-FIgLib/20170722_FIRE_mg-n-iqeye/1500763160_2B01800.jpg,firebench_q010,caption_failed,empty caption from provider,6,inserted_degraded,empty caption from provider
figlib/HPWREN-FIgLib/20240806_Border68FireMayBeHardToFind_om-w-mobo-c/1722934317_2B00540.jpg,firebench_q010,caption_failed,empty caption from provider,6,inserted_degraded,empty caption from provider
figlib/HPWREN-FIgLib/20191005_FIRE_vo-n-mobo-c/1570311941_2B02040.jpg,firebench_q011,caption_failed,empty caption from provider,6,inserted_degraded,empty caption from provider
figlib/HPWREN-FIgLib/20180806_FIRE_vo-w-mobo-c/1533576047_-00420.jpg,firebench_q011,caption_failed,empty caption from provider,6,inserted_degraded,empty caption from provider
figlib/HPWREN-FIgLib/20180813_FIRE_mg-w-mobo-c/1534196080_-01320.jpg,firebench_q011,caption_failed,empty caption from provider,6,inserted_degraded,empty caption from provider
figlib/HPWREN-FIgLib/20171026_FIRE_rm-n-mobo-c/1509045240_-00960.jpg,firebench_q011,caption_failed,empty caption from provider,6,inserted_degraded,empty caption from provider
figlib/HPWREN-FIgLib/20241108_ResortFire_mg-n-mobo-c/1731107266_-01980.jpg,firebench_q011,caption_failed,empty caption from provider,6,inserted_degraded,empty caption from provider
figlib/HPWREN-FIgLib/20240903_NavajoFire_cp-n-mobo-c/1725407730_-01560.jpg,firebench_q011,caption_failed,empty caption from provider,6,inserted_degraded,empty caption from provider
figlib/HPWREN-FIgLib/20180813_FIRE_mg-w-mobo-c/1534195480_-01920.jpg,firebench_q011,caption_failed,empty caption from provider,6,inserted_degraded,empty caption from provider
sage/W097/imagesampler-bottom-2726/sage-imagesampler-bottom-0.3.7/000048b02dd3c427/1764969005030465582-sample.jpg,firebench_q011,caption_failed,empty caption from provider,6,inserted_degraded,empty caption from provider
figlib/HPWREN-FIgLib/20200601_WILDLAND-DRILLS_mlo-e-mobo-c/1591046121_2B01380.jpg,firebench_q011,caption_failed,empty caption from provider,6,inserted_degraded,empty caption from provider
wildfire/The-Wildfire-Dataset/fire/tim-mossholder-qmk3g1MpqiA-unsplash.jpg,firebench_q006,caption_failed,empty caption from provider,6,inserted_degraded,empty caption from provider
sage/W097/imagesampler-mobotix-2727/sage-imagesampler-mobotix-0.3.7/000048b02dd3c427/1765403294732257840-sample.jpg,firebench_q010,caption_failed,empty caption from provider,6,inserted_degraded,empty caption from provider
figlib/HPWREN-FIgLib/20190716_FIRE_mg-n-mobo-c/1563305494_-01920.jpg,firebench_q011,caption_failed,empty caption from provider,6,inserted_degraded,empty caption from provider
figlib/HPWREN-FIgLib/20191006_FIRE_om-s-mobo-c/1570383099_-00786.jpg,firebench_q012,caption_failed,empty caption from provider,6,inserted_degraded,empty caption from provider
figlib/HPWREN-FIgLib/20200829_inside-Mexico_om-e-mobo-c/1598723557_2B00120.jpg,firebench_q012,caption_failed,empty caption from provider,6,inserted_degraded,empty caption from provider
figlib/HPWREN-FIgLib/20250914_HenshawFire_mg-n-mobo-c/1757891563_2B02339.jpg,firebench_q011,caption_failed,empty caption from provider,6,inserted_degraded,empty caption from provider
figlib/HPWREN-FIgLib/20250724_PostaFire_mlo-s-mobo-c/1753383347_2B00120.jpg,firebench_q011,caption_failed,empty caption from provider,6,inserted_degraded,empty caption from provider
figlib/HPWREN-FIgLib/20180727_FIRE_mg-w-mobo-c/1532724280_2B00120.jpg,firebench_q011,caption_failed,empty caption from provider,6,inserted_degraded,empty caption from provider
figlib/HPWREN-FIgLib/20251102_ScissorsFire_vo-e-mobo-m/1762119890_-02400.jpg,firebench_q011,caption_failed,empty caption from provider,6,inserted_degraded,empty caption from provider
figlib/HPWREN-FIgLib/20200806_BorderFire_lp-s-mobo-c/1596730865_2B01500.jpg,firebench_q012,caption_failed,empty caption from provider,6,inserted_degraded,empty caption from provider
figlib/HPWREN-FIgLib/20170722_FIRE_mg-n-iqeye/1500761480_2B00120.jpg,firebench_q011,caption_failed,empty caption from provider,6,inserted_degraded,empty caption from provider
figlib/HPWREN-FIgLib/20200306_FIRE_mlo-n-mobo-c/1583515939_2B00060.jpg,firebench_q011,caption_failed,empty caption from provider,6,inserted_degraded,empty caption from provider
figlib/HPWREN-FIgLib/20200806_BorderFire_lp-s-mobo-c/1596731465_2B02100.jpg,firebench_q012,caption_failed,empty caption from provider,6,inserted_degraded,empty caption from provider
figlib/HPWREN-FIgLib/20240828_KeysFire_bh-w-mobo-c/1724878690_2B00119.jpg,firebench_q012,caption_failed,empty caption from provider,6,inserted_degraded,empty caption from provider
wildfire/The-Wildfire-Dataset/nofire/nic-y-c-_uQqjtLk_Cs-unsplash.jpg,firebench_q010,caption_failed,empty caption from provider,6,inserted_degraded,empty caption from provider
figlib/HPWREN-FIgLib/20180725_FIRE_smer-tcs10-mobo-c/1532530979_-00900.jpg,firebench_q012,caption_failed,empty caption from provider,6,inserted_degraded,empty caption from provider
sage/W097/imagesampler-mobotix-2727/sage-imagesampler-mobotix-0.3.7/000048b02dd3c427/1765348764679267219-sample.jpg,firebench_q011,caption_failed,empty caption from provider,6,inserted_degraded,empty caption from provider
wildfire/The-Wildfire-Dataset/nofire/pat-whelen-RgRbnwcvhDo-unsplash.jpg,firebench_q011,caption_failed,empty caption from provider,6,inserted_degraded,empty caption from provider
wildfire/The-Wildfire-Dataset/fire/9570754421_0abd220137_o.jpg,firebench_q011,caption_failed,empty caption from provider,6,inserted_degraded,empty caption from provider
figlib/HPWREN-FIgLib/20240909_BridgeFire_starr-n-mobo-c/1725912813_2B00601.jpg,firebench_q012,caption_failed,empty caption from provider,6,inserted_degraded,empty caption from provider
sage/W097/imagesampler-mobotix-2727/sage-imagesampler-mobotix-0.3.7/000048b02dd3c427/1765348343938381801-sample.jpg,firebench_q011,caption_failed,empty caption from provider,6,inserted_degraded,empty caption from provider
figlib/HPWREN-FIgLib/20190712_RockHouse_wc-e-mobo-c/1562959760_2B00419.jpg,firebench_q012,caption_failed,empty caption from provider,6,inserted_degraded,empty caption from provider
figlib/HPWREN-FIgLib/20180725_FIRE_smer-tcs10-mobo-c/1532534279_2B02400.jpg,firebench_q012,caption_failed,empty caption from provider,6,inserted_degraded,empty caption from provider
figlib/HPWREN-FIgLib/20200521_FIRE_om-s-mobo-c/1590081159_2B01920.jpg,firebench_q012,caption_failed,empty caption from provider,6,inserted_degraded,empty caption from provider
wildfire/The-Wildfire-Dataset/nofire/francesco-ungaro-m1DjXxqwgMY-unsplash.jpg,firebench_q011,caption_failed,empty caption from provider,6,inserted_degraded,empty caption from provider
figlib/HPWREN-FIgLib/20200806_BorderFire_lp-s-mobo-c/1596729245_-00120.jpg,firebench_q012,caption_failed,empty caption from provider,6,inserted_degraded,empty caption from provider
figlib/HPWREN-FIgLib/20200828_BorderFire_sm-s-mobo-c/1598631151_2B01980.jpg,firebench_q012,caption_failed,empty caption from provider,6,inserted_degraded,empty caption from provider
wildfire/The-Wildfire-Dataset/nofire/alec-krum-3sAs5_G3-Hs-unsplash.jpg,firebench_q012,caption_failed,empty caption from provider,6,inserted_degraded,empty caption from provider
figlib/HPWREN-FIgLib/20180725_Cranston_sp-e-mobo-c/1532545768_2B00900.jpg,firebench_q013,caption_failed,empty caption from provider,6,inserted_degraded,empty caption from provider
wildfire/The-Wildfire-Dataset/fire/28431976157_b75441158f_o.jpg,firebench_q009,caption_failed,empty caption from provider,6,inserted_degraded,empty caption from provider
figlib/HPWREN-FIgLib/20180725_Cranston_sp-e-mobo-c/1532544388_-00480.jpg,firebench_q013,caption_failed,empty caption from provider,6,inserted_degraded,empty caption from provider
wildfire/The-Wildfire-Dataset/nofire/malik-skydsgaard-zNwXhNeqqgI-unsplash.jpg,firebench_q012,caption_failed,empty caption from provider,6,inserted_degraded,empty caption from provider
wildfire/The-Wildfire-Dataset/nofire/kevin-fitzgerald-8ji8O5uHE1U-unsplash.jpg,firebench_q012,caption_failed,empty caption from provider,6,inserted_degraded,empty caption from provider
figlib/HPWREN-FIgLib/20190717_FIRE_lp-n-mobo-c/1563402301_-01380.jpg,firebench_q013,caption_failed,empty caption from provider,6,inserted_degraded,empty caption from provider
figlib/HPWREN-FIgLib/20170711_FIRE_sm-n-mobo-c/1499804787_-01680.jpg,firebench_q013,caption_failed,empty caption from provider,6,inserted_degraded,empty caption from provider
wildfire/The-Wildfire-Dataset/fire/11875858055_b291d73a36_o.jpg,firebench_q012,caption_failed,empty caption from provider,6,inserted_degraded,empty caption from provider
figlib/HPWREN-FIgLib/20180725_Cranston_sp-e-mobo-c/1532543548_-01320.jpg,firebench_q013,caption_failed,empty caption from provider,6,inserted_degraded,empty caption from provider
wildfire/The-Wildfire-Dataset/nofire/cameron-stow-IknUlhvcpV0-unsplash.jpg,firebench_q010,caption_failed,empty caption from provider,6,inserted_degraded,empty caption from provider
figlib/HPWREN-FIgLib/20201216_ChaparralFire_om-n-mobo-c/1608154055_-00420.jpg,firebench_q013,caption_failed,empty caption from provider,6,inserted_degraded,empty caption from provider
figlib/HPWREN-FIgLib/20200521_FIRE_om-s-mobo-c/1590077259_-01980.jpg,firebench_q013,caption_failed,empty caption from provider,6,inserted_degraded,empty caption from provider
figlib/HPWREN-FIgLib/20190805_FIRE_sp-e-mobo-c/1565037868_-02340.jpg,firebench_q013,caption_failed,empty caption from provider,6,inserted_degraded,empty caption from provider
wildfire/The-Wildfire-Dataset/nofire/ales-krivec-vMwcWBEB-Pg-unsplash.jpg,firebench_q012,caption_failed,empty caption from provider,6,inserted_degraded,empty caption from provider
wildfire/The-Wildfire-Dataset/nofire/andy-wright-aQ0S_jhEm0w-unsplash.jpg,firebench_q012,caption_failed,empty caption from provider,6,inserted_degraded,empty caption from provider
figlib/HPWREN-FIgLib/20160604_FIRE_smer-tcs3-mobo-c/1465065368_-00300.jpg,firebench_q013,caption_failed,empty caption from provider,6,inserted_degraded,empty caption from provider
figlib/HPWREN-FIgLib/20190805_FIRE_sp-e-mobo-c/1565038948_-01260.jpg,firebench_q013,caption_failed,empty caption from provider,6,inserted_degraded,empty caption from provider
figlib/HPWREN-FIgLib/20190717_FIRE_lp-n-mobo-c/1563402121_-01560.jpg,firebench_q013,caption_failed,empty caption from provider,6,inserted_degraded,empty caption from provider
wildfire/The-Wildfire-Dataset/nofire/52358606891_9216660b61_o.jpg,firebench_q012,caption_failed,empty caption from provider,6,inserted_degraded,empty caption from provider
figlib/HPWREN-FIgLib/20240802_WarnersFire_sojr-s-mobo-c/1722631528_-00120.jpg,firebench_q013,caption_failed,empty caption from provider,6,inserted_degraded,empty caption from provider
figlib/HPWREN-FIgLib/20210113_Borderfire_pi-s-mobo-c/1610571367_-00840.jpg,firebench_q013,caption_failed,empty caption from provider,6,inserted_degraded,empty caption from provider
figlib/HPWREN-FIgLib/20200521_FIRE_om-s-mobo-c/1590081579_2B02340.jpg,firebench_q013,caption_failed,empty caption from provider,6,inserted_degraded,empty caption from provider
wildfire/The-Wildfire-Dataset/nofire/florian-pinkert-DVG2XcY3HPc-unsplash.jpg,firebench_q012,caption_failed,empty caption from provider,6,inserted_degraded,empty caption from provider
wildfire/The-Wildfire-Dataset/nofire/michail-dementiev-E0LpPXeHGAM-unsplash.jpg,firebench_q012,caption_failed,empty caption from provider,6,inserted_degraded,empty caption from provider
figlib/HPWREN-FIgLib/20241108_Pasqual4Fire_wc-n-mobo-c/1731097672_-00661.jpg,firebench_q013,caption_failed,empty caption from provider,6,inserted_degraded,empty caption from provider
figlib/HPWREN-FIgLib/20190712_CottonwoodFire_lp-s-mobo-c/1562939165_-02100.jpg,firebench_q013,caption_failed,empty caption from provider,6,inserted_degraded,empty caption from provider
figlib/HPWREN-FIgLib/20170519_FIRE_rm-w-mobo-c/1495227186_2B00900.jpg,firebench_q013,caption_failed,empty caption from provider,6,inserted_degraded,empty caption from provider
wildfire/The-Wildfire-Dataset/nofire/23862743953_9107eb402a_o.png,firebench_q010,caption_failed,empty caption from provider,6,abandoned,empty caption from provider
figlib/HPWREN-FIgLib/20171207_FIRE_bh-n-mobo-c/1512681370_-00240.jpg,firebench_q013,caption_failed,empty caption from provider,6,inserted_degraded,empty caption from provider
figlib/HPWREN-FIgLib/20190814_Border_lp-s-mobo/1565819045_-00840.jpg,firebench_q013,caption_failed,empty caption from provider,6,inserted_degraded,empty caption from provider
wildfire/The-Wildfire-Dataset/nofire/43048398825_ae99361954_o.jpg,firebench_q012,caption_failed,empty caption from provider,6,inserted_degraded,empty caption from provider
figlib/HPWREN-FIgLib/20190728_FIRE_sp-n-mobo-c/1564342766_-02340.jpg,firebench_q013,caption_failed,empty caption from provider,6,inserted_degraded,empty caption from provider
figlib/HPWREN-FIgLib/20190814_Border_lp-s-mobo/1565820005_2B00120.jpg,firebench_q013,caption_failed,empty caption from provider,6,inserted_degraded,empty caption from provider
wildfire/The-Wildfire-Dataset/fire/52530251491_1f884e89f7_o.jpg,firebench_q012,caption_failed,empty caption from provider,6,inserted_degraded,empty caption from provider
figlib/HPWREN-FIgLib/20190805_FIRE_sp-e-mobo-c/1565040508_2B00300.jpg,firebench_q013,caption_failed,empty caption from provider,6,inserted_degraded,empty caption from provider
wildfire/The-Wildfire-Dataset/nofire/24830440510_98c034d1de_o.jpg,firebench_q011,caption_failed,empty caption from provider,6,inserted_degraded,empty caption from provider
figlib/HPWREN-FIgLib/20190712_CottonwoodFire_lp-s-mobo-c/1562942645_2B01380.jpg,firebench_q013,caption_failed,empty caption from provider,6,inserted_degraded,empty caption from provider
figlib/HPWREN-FIgLib/20190814_FIRE_om-e-mobo-c/1565820457_2B00780.jpg,firebench_q014,caption_failed,empty caption from provider,6,inserted_degraded,empty caption from provider
figlib/HPWREN-FIgLib/20200813_SkylineFire_sp-n-mobo-c/1597356686_2B00600.jpg,firebench_q013,caption_failed,empty caption from provider,6,inserted_degraded,empty caption from provider
figlib/HPWREN-FIgLib/20170722_FIRE_so-s-mobo-c/1500758961_-02280.jpg,firebench_q014,caption_failed,empty caption from provider,6,inserted_degraded,empty caption from provider
figlib/HPWREN-FIgLib/20200831_FIRE_wc-n-mobo-c/1598901558.jpg,firebench_q014,caption_failed,empty caption from provider,6,inserted_degraded,empty caption from provider
wildfire/The-Wildfire-Dataset/nofire/ozark-drones-97WaZhEg0Hg-unsplash.jpg,firebench_q012,caption_failed,empty caption from provider,6,inserted_degraded,empty caption from provider
wildfire/The-Wildfire-Dataset/fire/36114718993_02a17ebac8_o.jpg,firebench_q012,caption_failed,empty caption from provider,6,inserted_degraded,empty caption from provider
figlib/HPWREN-FIgLib/20201216_ChaparralFire_pi-w-mobo-c/1608154029_-00420.jpg,firebench_q014,caption_failed,empty caption from provider,6,inserted_degraded,empty caption from provider
figlib/HPWREN-FIgLib/20191003_FIRE_smer-tcs9-mobo-c/1570125117_-00900.jpg,firebench_q014,caption_failed,empty caption from provider,6,inserted_degraded,empty caption from provider
figlib/HPWREN-FIgLib/20170711_FIRE_bm-s-mobo-c/1499787937_2B00540.jpg,firebench_q014,caption_failed,empty caption from provider,6,inserted_degraded,empty caption from provider
figlib/HPWREN-FIgLib/20170927_FIRE_smer-tcs9-mobo-c/1506548277_-00420.jpg,firebench_q014,caption_failed,empty caption from provider,6,inserted_degraded,empty caption from provider
figlib/HPWREN-FIgLib/20180504_FIRE_rm-n-mobo-c/1525469040_-01080.jpg,firebench_q014,caption_failed,empty caption from provider,6,inserted_degraded,empty caption from provider
figlib/HPWREN-FIgLib/20200205_FIRE_hp-w-mobo-c/1580925811_-01260.jpg,firebench_q014,caption_failed,empty caption from provider,6,inserted_degraded,empty caption from provider
figlib/HPWREN-FIgLib/20180726_FIRE_so-w-mobo-c/1532625443_2B02040.jpg,firebench_q014,caption_failed,empty caption from provider,6,inserted_degraded,empty caption from provider
figlib/HPWREN-FIgLib/20250520_CrossingFire_hp-n-mobo-c/1747773513_2B00238.jpg,firebench_q014,caption_failed,empty caption from provider,6,inserted_degraded,empty caption from provider
figlib/HPWREN-FIgLib/20180726_FIRE_so-w-mobo-c/1532622983_-00420.jpg,firebench_q014,caption_failed,empty caption from provider,6,inserted_degraded,empty caption from provider
figlib/HPWREN-FIgLib/20250501_FelipeFire_ml-n-mobo-c/1746133187_2B01260.jpg,firebench_q014,caption_failed,empty caption from provider,6,inserted_degraded,empty caption from provider
figlib/HPWREN-FIgLib/20170826_FIRE_tp-s-mobo-c/1503772153_-00780.jpg,firebench_q014,caption_failed,empty caption from provider,6,inserted_degraded,empty caption from provider
sage/W097/imagesampler-mobotix-2727/sage-imagesampler-mobotix-0.3.7/000048b02dd3c427/1765378163904756717-sample.jpg,firebench_q013,caption_failed,empty caption from provider,6,inserted_degraded,empty caption from provider
figlib/HPWREN-FIgLib/20190814_FIRE_om-e-mobo-c/1565820217_2B00540.jpg,firebench_q014,caption_failed,empty caption from provider,6,inserted_degraded,empty caption from provider
wildfire/The-Wildfire-Dataset/fire/50230975677_c9cf065951_o.jpg,firebench_q011,caption_failed,empty caption from provider,6,inserted_degraded,empty caption from provider
figlib/HPWREN-FIgLib/20190728_Dehesa_lp-n-mobo/1564361221_-00600.jpg,firebench_q014,caption_failed,empty caption from provider,6,inserted_degraded,empty caption from provider
figlib/HPWREN-FIgLib/20190813_FIRE_69bravo-e-mobo-c/1565731124_-00060.jpg,firebench_q014,caption_failed,empty caption from provider,6,inserted_degraded,empty caption from provider
figlib/HPWREN-FIgLib/20170722_FIRE_so-s-mobo-c/1500761841_2B00600.jpg,firebench_q015,caption_failed,empty caption from provider,6,inserted_degraded,empty caption from provider
figlib/HPWREN-FIgLib/20180719_Skyline_sp-n-mobo-c/1532042006_2B02340.jpg,firebench_q014,caption_failed,empty caption from provider,6,inserted_degraded,empty caption from provider
figlib/HPWREN-FIgLib/20200601_WILDLAND-DRILLS_om-e-mobo-c/1591046857_2B02100.jpg,firebench_q014,caption_failed,empty caption from provider,6,inserted_degraded,empty caption from provider
figlib/HPWREN-FIgLib/20191001_FIRE_lp-s-mobo-c/1569951065_-01681.jpg,firebench_q014,caption_failed,empty caption from provider,6,inserted_degraded,empty caption from provider
figlib/HPWREN-FIgLib/20180614_Hope_wc-e-mobo-c/1528999940_-01020.jpg,firebench_q014,caption_failed,empty caption from provider,6,inserted_degraded,empty caption from provider
figlib/HPWREN-FIgLib/20200812_LakeFire_dwpgm-n-mobo-c/1597270242_-01560.jpg,firebench_q014,caption_failed,empty caption from provider,6,inserted_degraded,empty caption from provider
figlib/HPWREN-FIgLib/20251009_RanchoFire_bm-s-mobo-c/1760041879_2B01501.jpg,firebench_q015,caption_failed,empty caption from provider,6,inserted_degraded,empty caption from provider
figlib/HPWREN-FIgLib/20240718_EggStructureFire_bm-s-mobo-c/1721348959_2B00302.jpg,firebench_q015,caption_failed,empty caption from provider,6,inserted_degraded,empty caption from provider
figlib/HPWREN-FIgLib/20171010_FIRE_rm-e-mobo-c/1507673342_2B00720.jpg,firebench_q015,caption_failed,empty caption from provider,6,inserted_degraded,empty caption from provider
figlib/HPWREN-FIgLib/20170711_FIRE_bl-e-mobo-c/1499807331_2B01200.jpg,firebench_q015,caption_failed,empty caption from provider,6,inserted_degraded,empty caption from provider
figlib/HPWREN-FIgLib/20190620_FIRE_smer-tcs9-mobo-c/1561065357_-00240.jpg,firebench_q014,caption_failed,empty caption from provider,6,inserted_degraded,empty caption from provider
figlib/HPWREN-FIgLib/20190924_FIRE_lp-n-mobo-c/1569363542_2B01381.jpg,firebench_q015,caption_failed,empty caption from provider,6,inserted_degraded,empty caption from provider
wildfire/The-Wildfire-Dataset/fire/35532185633_2477844982_o.jpg,firebench_q012,caption_failed,empty caption from provider,6,inserted_degraded,empty caption from provider
figlib/HPWREN-FIgLib/20180605_FIRE_smer-tcs9-mobo-c/1528233357_2B02100.jpg,firebench_q015,caption_failed,empty caption from provider,6,inserted_degraded,empty caption from provider
figlib/HPWREN-FIgLib/20240927_86Fire_tp-e-mobo-c/1727485603_2B01794.jpg,firebench_q015,caption_failed,empty caption from provider,6,inserted_degraded,empty caption from provider
figlib/HPWREN-FIgLib/20240728_Border65Fire_pi-s-mobo-c/1722196321_-00120.jpg,firebench_q015,caption_failed,empty caption from provider,6,inserted_degraded,empty caption from provider
figlib/HPWREN-FIgLib/20240728_Border65Fire_pi-s-mobo-c/1722194762_-01679.jpg,firebench_q015,caption_failed,empty caption from provider,6,inserted_degraded,empty caption from provider
figlib/HPWREN-FIgLib/20200521_VEGMGMT_wc-e-mobo-c/1590081560_2B00600.jpg,firebench_q015,caption_failed,empty caption from provider,6,inserted_degraded,empty caption from provider
figlib/HPWREN-FIgLib/20180614_Hope_wc-e-mobo-c/1529001380_2B00420.jpg,firebench_q015,caption_failed,empty caption from provider,6,inserted_degraded,empty caption from provider
figlib/HPWREN-FIgLib/20241108_Pasqual4Fire_wc-n-mobo-c/1731098932_2B00599.jpg,firebench_q015,caption_failed,empty caption from provider,6,inserted_degraded,empty caption from provider
figlib/HPWREN-FIgLib/20240812_AnitaFire_sm-n-mobo-c/1723496418_2B02220.jpg,firebench_q015,caption_failed,empty caption from provider,6,inserted_degraded,empty caption from provider
figlib/HPWREN-FIgLib/20160619_FIRE_om-e-mobo-c/1466360137_2B00780.jpg,firebench_q015,caption_failed,empty caption from provider,6,inserted_degraded,empty caption from provider
sage/W097/imagesampler-mobotix-2727/sage-imagesampler-mobotix-0.3.7/000048b02dd3c427/1765430034366071383-sample.jpg,firebench_q014,caption_failed,empty caption from provider,6,inserted_degraded,empty caption from provider
figlib/HPWREN-FIgLib/20240907_ChurchFire_ws-w-mobo-c/1725734161_2B00360.jpg,firebench_q015,caption_failed,empty caption from provider,6,inserted_degraded,empty caption from provider
figlib/HPWREN-FIgLib/20201205_typical-range-fire_sclm-e-mobo-c/1607193268_2B01136.jpg,firebench_q015,caption_failed,empty caption from provider,6,inserted_degraded,empty caption from provider
figlib/HPWREN-FIgLib/20240724_GroveFire_hp-e-mobo-c/1721851475_2B00330.jpg,firebench_q015,caption_failed,empty caption from provider,6,inserted_degraded,empty caption from provider
figlib/HPWREN-FIgLib/20250724_PostaFire_ws-w-mobo-c/1753384203_2B00901.jpg,firebench_q015,caption_failed,empty caption from provider,6,inserted_degraded,empty caption from provider
figlib/HPWREN-FIgLib/20180504_FIRE_smer-tcs8-mobo-c/1525470475_2B00840.jpg,firebench_q015,caption_failed,empty caption from provider,6,inserted_degraded,empty caption from provider
figlib/HPWREN-FIgLib/20240701_Kitchenfire_pi-e-mobo-c/1719856319_2B01261.jpg,firebench_q015,caption_failed,empty caption from provider,6,inserted_degraded,empty caption from provider
figlib/HPWREN-FIgLib/20180605_FIRE_smer-tcs9-mobo-c/1528233537_2B02280.jpg,firebench_q015,caption_failed,empty caption from provider,6,inserted_degraded,empty caption from provider
figlib/HPWREN-FIgLib/20200930_BoundaryFire_wc-e-mobo-c/1601488580_2B00540.jpg,firebench_q015,caption_failed,empty caption from provider,6,inserted_degraded,empty caption from provider
wildfire/The-Wildfire-Dataset/nofire/adrian-n-0OHyXKW56No-unsplash.jpg,firebench_q012,caption_failed,empty caption from provider,6,inserted_degraded,empty caption from provider
figlib/HPWREN-FIgLib/20180706_West_lp-n-mobo-c/1530903841_2B02160.jpg,firebench_q015,caption_failed,empty caption from provider,6,inserted_degraded,empty caption from provider
figlib/HPWREN-FIgLib/20180806_Holy_sp-s-mobo-c/1533585870_2B00120.jpg,firebench_q016,caption_failed,empty caption from provider,6,inserted_degraded,empty caption from provider
figlib/HPWREN-FIgLib/20170711_FIRE_bl-e-mobo-c/1499803731_-02400.jpg,firebench_q016,caption_failed,empty caption from provider,6,inserted_degraded,empty caption from provider
figlib/HPWREN-FIgLib/20190924_FIRE_wc-e-mobo-c/1569363680_2B01320.jpg,firebench_q015,caption_failed,empty caption from provider,6,inserted_degraded,empty caption from provider
figlib/HPWREN-FIgLib/20200521_VEGMGMT_ml-w-mobo-c/1590081197_2B00540.jpg,firebench_q016,caption_failed,empty caption from provider,6,inserted_degraded,empty caption from provider
figlib/HPWREN-FIgLib/20240825_TenajaFire_buff-n-mobo-c/1724612721_2B01320.jpg,firebench_q015,caption_failed,empty caption from provider,6,inserted_degraded,empty caption from provider
figlib/HPWREN-FIgLib/20251102_ScissorsFire_mp-n-mobo-c/1762121330_-01202.jpg,firebench_q016,caption_failed,empty caption from provider,6,inserted_degraded,empty caption from provider
figlib/HPWREN-FIgLib/20200905_ValleyFire_sm-e-mobo-c/1599339869_-01500.jpg,firebench_q016,caption_failed,empty caption from provider,6,inserted_degraded,empty caption from provider
figlib/HPWREN-FIgLib/20190529_94Fire_om-n-mobo-c/1559167595_2B00240.jpg,firebench_q016,caption_failed,empty caption from provider,6,inserted_degraded,empty caption from provider
figlib/HPWREN-FIgLib/20200601_WILDLAND-DRILLS_om-e-mobo-c/1591043797_-00960.jpg,firebench_q016,caption_failed,empty caption from provider,6,inserted_degraded,empty caption from provider
figlib/HPWREN-FIgLib/20190925_FIRE_wc-s-mobo-c/1569442222_-00180.jpg,firebench_q016,caption_failed,empty caption from provider,6,inserted_degraded,empty caption from provider
figlib/HPWREN-FIgLib/20191006_FIRE_om-n-mobo-c/1570384956_2B00781.jpg,firebench_q016,caption_failed,empty caption from provider,6,inserted_degraded,empty caption from provider
wildfire/The-Wildfire-Dataset/fire/52465134334_ef86f31730_o.jpg,firebench_q014,caption_failed,empty caption from provider,6,inserted_degraded,empty caption from provider
figlib/HPWREN-FIgLib/20170711_FIRE_bm-s-mobo-c/1499787937_2B00540.jpg,firebench_q016,caption_failed,empty caption from provider,6,inserted_degraded,empty caption from provider
figlib/HPWREN-FIgLib/20190728_FIRE_om-n-mobo-c/1564363595_2B01200.jpg,firebench_q016,caption_failed,empty caption from provider,6,inserted_degraded,empty caption from provider
figlib/HPWREN-FIgLib/20251102_ScissorsFire_mp-n-mobo-c/1762120550_-01982.jpg,firebench_q016,caption_failed,empty caption from provider,6,inserted_degraded,empty caption from provider
figlib/HPWREN-FIgLib/20190924_FIRE_wc-s-mobo-c/1569361402_-00783.jpg,firebench_q016,caption_failed,empty caption from provider,6,inserted_degraded,empty caption from provider
figlib/HPWREN-FIgLib/20180726_FIRE_so-w-mobo-c/1532625443_2B02040.jpg,firebench_q016,caption_failed,empty caption from provider,6,inserted_degraded,empty caption from provider
figlib/HPWREN-FIgLib/20180719_Skyline_sp-n-mobo-c/1532042006_2B02340.jpg,firebench_q016,caption_failed,empty caption from provider,6,inserted_degraded,empty caption from provider
figlib/HPWREN-FIgLib/20241031_QuarryFire_sm-w-mobo-c/1730400084_-01620.jpg,firebench_q016,caption_failed,empty caption from provider,6,inserted_degraded,empty caption from provider
figlib/HPWREN-FIgLib/20190728_Dehesa_lp-n-mobo/1564361221_-00600.jpg,firebench_q016,caption_failed,empty caption from provider,6,inserted_degraded,empty caption from provider
figlib/HPWREN-FIgLib/20180602_Alison_sp-s-mobo-c/1527969450_-00540.jpg,firebench_q016,caption_failed,empty caption from provider,6,inserted_degraded,empty caption from provider
figlib/HPWREN-FIgLib/20240701_Kitchenfire_lp-e-mobo-c/1719854258_-00960.jpg,firebench_q016,caption_failed,empty caption from provider,6,inserted_degraded,empty caption from provider
figlib/HPWREN-FIgLib/20210110_Borderfire_lp-s-mobo-c/1610304305_-00781.jpg,firebench_q016,caption_failed,empty caption from provider,6,inserted_degraded,empty caption from provider
figlib/HPWREN-FIgLib/20170711_FIRE_bm-s-mobo-c/1499785657_-01740.jpg,firebench_q016,caption_failed,empty caption from provider,6,inserted_degraded,empty caption from provider
figlib/HPWREN-FIgLib/20200806_SpringsFire_om-n-mobo-c/1596762095_-01980.jpg,firebench_q016,caption_failed,empty caption from provider,6,inserted_degraded,empty caption from provider
wildfire/The-Wildfire-Dataset/fire/sippakorn-yamkasikorn-nVYEechGqqM-unsplash.jpg,firebench_q013,caption_failed,empty caption from provider,6,inserted_degraded,empty caption from provider
wildfire/The-Wildfire-Dataset/fire/50622842921_74c0c9bf16_o.jpg,firebench_q015,caption_failed,empty caption from provider,6,inserted_degraded,empty caption from provider
figlib/HPWREN-FIgLib/20190805_FIRE_sp-e-mobo-c/1565038528_-01680.jpg,firebench_q016,caption_failed,empty caption from provider,6,inserted_degraded,empty caption from provider
figlib/HPWREN-FIgLib/20180602_Alison_sp-s-mobo-c/1527972390_2B02400.jpg,firebench_q016,caption_failed,empty caption from provider,6,inserted_degraded,empty caption from provider
figlib/HPWREN-FIgLib/20190805_FIRE_sp-e-mobo-c/1565038948_-01260.jpg,firebench_q016,caption_failed,empty caption from provider,6,inserted_degraded,empty caption from provider
figlib/HPWREN-FIgLib/20170520_FIRE_pi-s-mobo-c/1495304047_2B02220.jpg,firebench_q017,caption_failed,empty caption from provider,6,inserted_degraded,empty caption from provider
figlib/HPWREN-FIgLib/20250724_PostaFire_mlo-s-mobo-c/1753383948_2B00721.jpg,firebench_q016,caption_failed,empty caption from provider,6,inserted_degraded,empty caption from provider
figlib/HPWREN-FIgLib/20200608_FIRE_rm-w-mobo-c/1591636866_2B00600.jpg,firebench_q017,caption_failed,empty caption from provider,6,inserted_degraded,empty caption from provider
figlib/HPWREN-FIgLib/20180725_Cranston_sp-e-mobo-c/1532543548_-01320.jpg,firebench_q016,caption_failed,empty caption from provider,6,inserted_degraded,empty caption from provider
figlib/HPWREN-FIgLib/20180603_FIRE_smer-tcs8-mobo-c/1528056475_-00780.jpg,firebench_q016,caption_failed,empty caption from provider,6,inserted_degraded,empty caption from provider
figlib/HPWREN-FIgLib/20190814_FIRE_om-e-mobo-c/1565821177_2B01500.jpg,firebench_q016,caption_failed,empty caption from provider,6,inserted_degraded,empty caption from provider
wildfire/The-Wildfire-Dataset/nofire/52357657587_395efe019d_o.jpg,firebench_q015,caption_failed,empty caption from provider,6,inserted_degraded,empty caption from provider
figlib/HPWREN-FIgLib/20200205_FIRE_hp-w-mobo-c/1580925811_-01260.jpg,firebench_q017,caption_failed,empty caption from provider,6,inserted_degraded,empty caption from provider
figlib/HPWREN-FIgLib/20191005_FIRE_wc-e-mobo-c/1570310240_-00061.jpg,firebench_q017,caption_failed,empty caption from provider,6,inserted_degraded,empty caption from provider
figlib/HPWREN-FIgLib/20180504_FIRE_rm-n-mobo-c/1525469040_-01080.jpg,firebench_q017,caption_failed,empty caption from provider,6,inserted_degraded,empty caption from provider
figlib/HPWREN-FIgLib/20190829_FIRE_rm-w-mobo-c/1567099146_-01860.jpg,firebench_q017,caption_failed,empty caption from provider,6,inserted_degraded,empty caption from provider
figlib/HPWREN-FIgLib/20161113_FIRE_bm-n-mobo-c/1479064533_-02400.jpg,firebench_q017,caption_failed,empty caption from provider,6,inserted_degraded,empty caption from provider
figlib/HPWREN-FIgLib/20180614_FIRE_hp-s-mobo-c/1529011469_-00480.jpg,firebench_q017,caption_failed,empty caption from provider,6,inserted_degraded,empty caption from provider
figlib/HPWREN-FIgLib/20200808_OliveFire_wc-e-mobo-c/1596908241_-00299.jpg,firebench_q016,caption_failed,empty caption from provider,6,inserted_degraded,empty caption from provider
figlib/HPWREN-FIgLib/20160604_FIRE_smer-tcs3-mobo-c/1465065368_-00300.jpg,firebench_q017,caption_failed,empty caption from provider,6,inserted_degraded,empty caption from provider
figlib/HPWREN-FIgLib/20240616_BuckmanFire_pi-s-mobo-c/1718563081_-02099.jpg,firebench_q017,caption_failed,empty caption from provider,6,inserted_degraded,empty caption from provider
figlib/HPWREN-FIgLib/20240616_BuckmanFire_pi-s-mobo-c/1718564341_-00839.jpg,firebench_q017,caption_failed,empty caption from provider,6,inserted_degraded,empty caption from provider
figlib/HPWREN-FIgLib/20170711_FIRE_sm-n-mobo-c/1499804787_-01680.jpg,firebench_q017,caption_failed,empty caption from provider,6,inserted_degraded,empty caption from provider
figlib/HPWREN-FIgLib/20180603_FIRE_bl-s-mobo-c/1528065353_-02040.jpg,firebench_q017,caption_failed,empty caption from provider,6,inserted_degraded,empty caption from provider
wildfire/The-Wildfire-Dataset/nofire/christian-regg-o7LDdRDIYiY-unsplash.jpg,firebench_q013,caption_failed,empty caption from provider,6,inserted_degraded,empty caption from provider
figlib/HPWREN-FIgLib/20241006_SaddlebackFire_stgo-w-mobo-c/1728243697_-01019.jpg,firebench_q017,caption_failed,empty caption from provider,6,inserted_degraded,empty caption from provider
figlib/HPWREN-FIgLib/20190924_FIRE_wc-e-mobo-c/1569360560_-01800.jpg,firebench_q017,caption_failed,empty caption from provider,6,inserted_degraded,empty caption from provider
figlib/HPWREN-FIgLib/20170711_FIRE_bm-s-mobo-c/1499787937_2B00540.jpg,firebench_q017,caption_failed,empty caption from provider,6,inserted_degraded,empty caption from provider
figlib/HPWREN-FIgLib/20241007_Posta3Fire_pi-e-mobo-c/1728335817_-00840.jpg,firebench_q017,caption_failed,empty caption from provider,6,inserted_degraded,empty caption from provider
figlib/HPWREN-FIgLib/20180603_FIRE_smer-tcs8-mobo-c/1528056475_-00780.jpg,firebench_q017,caption_failed,empty caption from provider,6,inserted_degraded,empty caption from provider
figlib/HPWREN-FIgLib/20200831_FIRE_wc-n-mobo-c/1598910558.jpg,firebench_q017,caption_failed,empty caption from provider,6,inserted_degraded,empty caption from provider
figlib/HPWREN-FIgLib/20241007_Posta3Fire_pi-e-mobo-c/1728336357_-00300.jpg,firebench_q017,caption_failed,empty caption from provider,6,inserted_degraded,empty caption from provider
figlib/HPWREN-FIgLib/20240616_BuckmanFire_pi-s-mobo-c/1718567101_2B01921.jpg,firebench_q017,caption_failed,empty caption from provider,6,inserted_degraded,empty caption from provider
figlib/HPWREN-FIgLib/20180602_Alison_sp-s-mobo-c/1527969450_-00540.jpg,firebench_q017,caption_failed,empty caption from provider,6,inserted_degraded,empty caption from provider
figlib/HPWREN-FIgLib/20170722_FIRE_so-s-mobo-c/1500761841_2B00600.jpg,firebench_q018,caption_failed,empty caption from provider,6,inserted_degraded,empty caption from provider
figlib/HPWREN-FIgLib/20170711_FIRE_bl-e-mobo-c/1499807331_2B01200.jpg,firebench_q018,caption_failed,empty caption from provider,6,inserted_degraded,empty caption from provider
figlib/HPWREN-FIgLib/20170722_FIRE_hp-e-mobo-c/1500762207_2B00960.jpg,firebench_q018,caption_failed,empty caption from provider,6,inserted_degraded,empty caption from provider
figlib/HPWREN-FIgLib/20240728_Border65Fire_pi-s-mobo-c/1722196321_-00120.jpg,firebench_q018,caption_failed,empty caption from provider,6,inserted_degraded,empty caption from provider
figlib/HPWREN-FIgLib/20200813_Ranch2Fire_sjh-n-mobo-c/1597358498_2B02280.jpg,firebench_q017,caption_failed,empty caption from provider,6,inserted_degraded,empty caption from provider
figlib/HPWREN-FIgLib/20191005_FIRE_bm-e-mobo-c/1570311035_2B00780.jpg,firebench_q018,caption_failed,empty caption from provider,6,inserted_degraded,empty caption from provider
sage/W097/imagesampler-bottom-2726/sage-imagesampler-bottom-0.3.7/000048b02dd3c427/1765390206171761415-sample.jpg,firebench_q018,caption_failed,empty caption from provider,6,inserted_degraded,empty caption from provider
figlib/HPWREN-FIgLib/20171017_FIRE_smer-tcs3-mobo-c/1508277068_2B01740.jpg,firebench_q017,caption_failed,empty caption from provider,6,inserted_degraded,empty caption from provider
figlib/HPWREN-FIgLib/20240728_Border65Fire_pi-s-mobo-c/1722194762_-01679.jpg,firebench_q018,caption_failed,empty caption from provider,6,inserted_degraded,empty caption from provider
figlib/HPWREN-FIgLib/20170722_FIRE_so-s-mobo-c/1500762381_2B01140.jpg,firebench_q018,caption_failed,empty caption from provider,6,inserted_degraded,empty caption from provider
figlib/HPWREN-FIgLib/20180504_FIRE_smer-tcs8-mobo-c/1525470475_2B00840.jpg,firebench_q018,caption_failed,empty caption from provider,6,inserted_degraded,empty caption from provider
sage/W097/imagesampler-mobotix-2727/sage-imagesampler-mobotix-0.3.7/000048b02dd3c427/1765366894070350595-sample.jpg,firebench_q017,caption_failed,empty caption from provider,6,inserted_degraded,empty caption from provider
figlib/HPWREN-FIgLib/20240701_McCainfire_ws-e-mobo-c/1719875699_2B02400.jpg,firebench_q018,caption_failed,empty caption from provider,6,inserted_degraded,empty caption from provider
figlib/HPWREN-FIgLib/20190717_FIRE_lp-n-mobo-c/1563404041_2B00360.jpg,firebench_q018,caption_failed,empty caption from provider,6,inserted_degraded,empty caption from provider
figlib/HPWREN-FIgLib/20240718_EggStructureFire_bm-s-mobo-c/1721348959_2B00302.jpg,firebench_q018,caption_failed,empty caption from provider,6,inserted_degraded,empty caption from provider
figlib/HPWREN-FIgLib/20240907_ChurchFire_ws-w-mobo-c/1725734161_2B00360.jpg,firebench_q018,caption_failed,empty caption from provider,6,inserted_degraded,empty caption from provider
figlib/HPWREN-FIgLib/20191006_FIRE_lp-s-mobo-c/1570387745_2B01680.jpg,firebench_q018,caption_failed,empty caption from provider,6,inserted_degraded,empty caption from provider
wildfire/The-Wildfire-Dataset/fire/29325398052_e2e665bfca_o.jpg,firebench_q014,caption_failed,empty caption from provider,6,inserted_degraded,empty caption from provider
sage/W097/imagesampler-mobotix-2727/sage-imagesampler-mobotix-0.3.7/000048b02dd3c427/1765364654451773042-sample.jpg,firebench_q017,caption_failed,empty caption from provider,6,inserted_degraded,empty caption from provider
figlib/HPWREN-FIgLib/20180605_FIRE_smer-tcs9-mobo-c/1528233357_2B02100.jpg,firebench_q018,caption_failed,empty caption from provider,6,inserted_degraded,empty caption from provider
figlib/HPWREN-FIgLib/20180727_FIRE_wc-n-mobo-c/1532724558_2B01080.jpg,firebench_q018,caption_failed,empty caption from provider,6,inserted_degraded,empty caption from provider
figlib/HPWREN-FIgLib/20200905_ValleyFire_sm-e-mobo-c/1599342809_2B01440.jpg,firebench_q018,caption_failed,empty caption from provider,6,inserted_degraded,empty caption from provider
figlib/HPWREN-FIgLib/20180727_FIRE_wc-n-mobo-c/1532725098_2B01620.jpg,firebench_q018,caption_failed,empty caption from provider,6,inserted_degraded,empty caption from provider
figlib/HPWREN-FIgLib/20250905_LodgeFire_sm-n-mobo-c/1757106741_2B01020.jpg,firebench_q018,caption_failed,empty caption from provider,6,inserted_degraded,empty caption from provider
figlib/HPWREN-FIgLib/20241007_Posta3Fire_ws-n-mobo-c/1728339060_2B02340.jpg,firebench_q018,caption_failed,empty caption from provider,6,inserted_degraded,empty caption from provider
figlib/HPWREN-FIgLib/20200521_VEGMGMT_bm-s-mobo-c/1590079477_-01500.jpg,firebench_q019,caption_failed,empty caption from provider,6,inserted_degraded,empty caption from provider
sage/W097/imagesampler-mobotix-2727/sage-imagesampler-mobotix-0.3.7/000048b02dd3c427/1765405183899668125-sample.jpg,firebench_q018,caption_failed,empty caption from provider,6,inserted_degraded,empty caption from provider
figlib/HPWREN-FIgLib/20251009_RanchoFire_bm-s-mobo-c/1760041879_2B01501.jpg,firebench_q018,caption_failed,empty caption from provider,6,inserted_degraded,empty caption from provider
figlib/HPWREN-FIgLib/20241007_Posta3Fire_pi-e-mobo-c/1728336297_-00360.jpg,firebench_q019,caption_failed,empty caption from provider,6,inserted_degraded,empty caption from provider
figlib/HPWREN-FIgLib/20190716_FIRE_so-w-mobo-c/1563310883_2B02340.jpg,firebench_q019,caption_failed,empty caption from provider,6,inserted_degraded,empty caption from provider
figlib/HPWREN-FIgLib/20200226_FIRE_rm-e-mobo-c/1582743242_2B00660.jpg,firebench_q019,caption_failed,empty caption from provider,6,inserted_degraded,empty caption from provider
figlib/HPWREN-FIgLib/20200615_Rainbow_rm-e-mobo-c/1592253182_-00300.jpg,firebench_q019,caption_failed,empty caption from provider,6,inserted_degraded,empty caption from provider
sage/W097/imagesampler-mobotix-2727/sage-imagesampler-mobotix-0.3.7/000048b02dd3c427/1765400914882049403-sample.jpg,firebench_q018,caption_failed,empty caption from provider,6,inserted_degraded,empty caption from provider
figlib/HPWREN-FIgLib/20170625_BBM_bm-n-mobo/1498416813_2B00420.jpg,firebench_q019,caption_failed,empty caption from provider,6,inserted_degraded,empty caption from provider
figlib/HPWREN-FIgLib/20170520_FIRE_pi-s-mobo-c/1495303147_2B01320.jpg,firebench_q019,caption_failed,empty caption from provider,6,inserted_degraded,empty caption from provider
figlib/HPWREN-FIgLib/20161113_FIRE_bm-n-mobo-c/1479068793_2B01860.jpg,firebench_q019,caption_failed,empty caption from provider,6,inserted_degraded,empty caption from provider
figlib/HPWREN-FIgLib/20190716_FIRE_so-w-mobo-c/1563307103_-01440.jpg,firebench_q019,caption_failed,empty caption from provider,6,inserted_degraded,empty caption from provider
figlib/HPWREN-FIgLib/20240718_EggStructureFire_bm-s-mobo-c/1721347639_-01018.jpg,firebench_q019,caption_failed,empty caption from provider,6,inserted_degraded,empty caption from provider
figlib/HPWREN-FIgLib/20210113_Borderfire_pi-s-mobo-c/1610572207_2B00000.jpg,firebench_q019,caption_failed,empty caption from provider,6,inserted_degraded,empty caption from provider
wildfire/The-Wildfire-Dataset/fire/matt-howard-eAKDzK4lo4o-unsplash.jpg,firebench_q016,caption_failed,empty caption from provider,6,inserted_degraded,empty caption from provider
sage/W097/imagesampler-mobotix-2727/sage-imagesampler-mobotix-0.3.7/000048b02dd3c427/1765354083922851071-sample.jpg,firebench_q018,caption_failed,empty caption from provider,6,inserted_degraded,empty caption from provider
wildfire/The-Wildfire-Dataset/nofire/egor-vikhrev-E_edycnsz_E-unsplash.jpg,firebench_q018,caption_failed,empty caption from provider,6,inserted_degraded,empty caption from provider
figlib/HPWREN-FIgLib/20240616_BuckmanFire_pi-s-mobo-c/1718563081_-02099.jpg,firebench_q019,caption_failed,empty caption from provider,6,inserted_degraded,empty caption from provider
figlib/HPWREN-FIgLib/20180602_Alison_sp-s-mobo-c/1527972390_2B02400.jpg,firebench_q019,caption_failed,empty caption from provider,6,inserted_degraded,empty caption from provider
sage/W097/imagesampler-mobotix-2727/sage-imagesampler-mobotix-0.3.7/000048b02dd3c427/1765407704268624823-sample.jpg,firebench_q018,caption_failed,empty caption from provider,6,inserted_degraded,empty caption from provider
sage/W097/imagesampler-mobotix-2727/sage-imagesampler-mobotix-0.3.7/000048b02dd3c427/1765352894269652874-sample.jpg,firebench_q018,caption_failed,empty caption from provider,6,inserted_degraded,empty caption from provider
figlib/HPWREN-FIgLib/20240616_BuckmanFire_pi-s-mobo-c/1718564341_-00839.jpg,firebench_q019,caption_failed,empty caption from provider,6,inserted_degraded,empty caption from provider
figlib/HPWREN-FIgLib/20171017_FIRE_smer-tcs3-mobo-c/1508277068_2B01740.jpg,firebench_q019,caption_failed,empty caption from provider,6,inserted_degraded,empty caption from provider
figlib/HPWREN-FIgLib/20180614_FIRE_hp-s-mobo-c/1529011469_-00480.jpg,firebench_q019,caption_failed,empty caption from provider,6,inserted_degraded,empty caption from provider
figlib/HPWREN-FIgLib/20170711_FIRE_bm-s-mobo-c/1499785657_-01740.jpg,firebench_q019,caption_failed,empty caption from provider,6,inserted_degraded,empty caption from provider
figlib/HPWREN-FIgLib/20170711_FIRE_bm-s-mobo-c/1499787937_2B00540.jpg,firebench_q019,caption_failed,empty caption from provider,6,inserted_degraded,empty caption from provider
figlib/HPWREN-FIgLib/20180504_FIRE_rm-n-mobo-c/1525469040_-01080.jpg,firebench_q019,caption_failed,empty caption from provider,6,inserted_degraded,empty caption from provider
figlib/HPWREN-FIgLib/20200529_StructFire_wc-e-mobo-c/1590795500_2B00600.jpg,firebench_q019,caption_failed,empty caption from provider,6,inserted_degraded,empty caption from provider
figlib/HPWREN-FIgLib/20240616_BuckmanFire_pi-s-mobo-c/1718567101_2B01921.jpg,firebench_q019,caption_failed,empty caption from provider,6,inserted_degraded,empty caption from provider
wildfire/The-Wildfire-Dataset/nofire/taneli-lahtinen-RVL_gA9dz6o-unsplash.jpg,firebench_q018,caption_failed,empty caption from provider,6,inserted_degraded,empty caption from provider
figlib/HPWREN-FIgLib/20171017_FIRE_smer-tcs3-mobo-c/1508276468_2B01140.jpg,firebench_q019,caption_failed,empty caption from provider,6,inserted_degraded,empty caption from provider
figlib/HPWREN-FIgLib/20180602_Alison_sp-s-mobo-c/1527969450_-00540.jpg,firebench_q019,caption_failed,empty caption from provider,6,inserted_degraded,empty caption from provider
figlib/HPWREN-FIgLib/20200905_ValleyFire_lp-n-mobo-c/1599340801_-00420.jpg,firebench_q019,caption_failed,empty caption from provider,6,inserted_degraded,empty caption from provider
figlib/HPWREN-FIgLib/20190728_FIRE_om-n-mobo-c/1564363595_2B01200.jpg,firebench_q019,caption_failed,empty caption from provider,6,inserted_degraded,empty caption from provider
figlib/HPWREN-FIgLib/20180504_FIRE_rm-n-mobo-c/1525469040_-01080.jpg,firebench_q020,caption_failed,empty caption from provider,6,inserted_degraded,empty caption from provider
figlib/HPWREN-FIgLib/20241031_QuarryFire_sm-w-mobo-c/1730400084_-01620.jpg,firebench_q019,caption_failed,empty caption from provider,6,inserted_degraded,empty caption from provider
figlib/HPWREN-FIgLib/20200205_FIRE_hp-w-mobo-c/1580925811_-01260.jpg,firebench_q020,caption_failed,empty caption from provider,6,inserted_degraded,empty caption from provider
figlib/HPWREN-FIgLib/20161113_FIRE_bm-n-mobo-c/1479064533_-02400.jpg,firebench_q020,caption_failed,empty caption from provider,6,inserted_degraded,empty caption from provider
figlib/HPWREN-FIgLib/20180706_West_lp-n-mobo-c/1530901621_-00060.jpg,firebench_q019,caption_failed,empty caption from provider,6,inserted_degraded,empty caption from provider
figlib/HPWREN-FIgLib/20200601_WILDLAND-DRILLS_om-e-mobo-c/1591046857_2B02100.jpg,firebench_q020,caption_failed,empty caption from provider,6,inserted_degraded,empty caption from provider
figlib/HPWREN-FIgLib/20191005_FIRE_wc-e-mobo-c/1570310240_-00061.jpg,firebench_q020,caption_failed,empty caption from provider,6,inserted_degraded,empty caption from provider
figlib/HPWREN-FIgLib/20180603_FIRE_smer-tcs8-mobo-c/1528056475_-00780.jpg,firebench_q020,caption_failed,empty caption from provider,6,inserted_degraded,empty caption from provider
figlib/HPWREN-FIgLib/20160619_FIRE_pi-s-mobo-c/1466358427_-01140.jpg,firebench_q020,caption_failed,empty caption from provider,6,inserted_degraded,empty caption from provider
figlib/HPWREN-FIgLib/20180910_FIRE_smer-tcs8-mobo-c/1536608635_-01440.jpg,firebench_q020,caption_failed,empty caption from provider,6,inserted_degraded,empty caption from provider
figlib/HPWREN-FIgLib/20170722_FIRE_so-s-mobo-c/1500759861_-01380.jpg,firebench_q020,caption_failed,empty caption from provider,6,inserted_degraded,empty caption from provider
figlib/HPWREN-FIgLib/20161113_FIRE_bl-n-mobo-c/1479064609_2B00240.jpg,firebench_q020,caption_failed,empty caption from provider,6,inserted_degraded,empty caption from provider
sage/W097/imagesampler-mobotix-2727/sage-imagesampler-mobotix-0.3.7/000048b02dd3c427/1765428563727261188-sample.jpg,firebench_q019,caption_failed,empty caption from provider,6,inserted_degraded,empty caption from provider
figlib/HPWREN-FIgLib/20160619_FIRE_pi-s-mobo-c/1466359087_-00480.jpg,firebench_q020,caption_failed,empty caption from provider,6,inserted_degraded,empty caption from provider
figlib/HPWREN-FIgLib/20180726_FIRE_so-n-mobo-c/1532625377_2B01980.jpg,firebench_q020,caption_failed,empty caption from provider,6,inserted_degraded,empty caption from provider
figlib/HPWREN-FIgLib/20161113_FIRE_bm-n-mobo-c/1479069093_2B02160.jpg,firebench_q020,caption_failed,empty caption from provider,6,inserted_degraded,empty caption from provider
figlib/HPWREN-FIgLib/20180726_FIRE_so-w-mobo-c/1532622983_-00420.jpg,firebench_q020,caption_failed,empty caption from provider,6,inserted_degraded,empty caption from provider
wildfire/The-Wildfire-Dataset/fire/37325120996_c0c698ae0f_o.jpg,firebench_q019,caption_failed,empty caption from provider,6,inserted_degraded,empty caption from provider
figlib/HPWREN-FIgLib/20240907_FIRE_ws-s-mobo-c/1725731821_2B00121.jpg,firebench_q020,caption_failed,empty caption from provider,6,inserted_degraded,empty caption from provider
wildfire/The-Wildfire-Dataset/fire/26522932166_35e042ca06_o.jpg,firebench_q015,caption_failed,empty caption from provider,6,inserted_degraded,empty caption from provider
figlib/HPWREN-FIgLib/20200812_LakeFire_dwpgm-n-mobo-c/1597270602_-01200.jpg,firebench_q020,caption_failed,empty caption from provider,6,inserted_degraded,empty caption from provider
figlib/HPWREN-FIgLib/20170713_FIRE_smer-tcs8-mobo-c/1499979895_-01140.jpg,firebench_q020,caption_failed,empty caption from provider,6,inserted_degraded,empty caption from provider
figlib/HPWREN-FIgLib/20190825_FIRE-smer-tcs8-mobo-c/1566753835_-02400.jpg,firebench_q020,caption_failed,empty caption from provider,6,inserted_degraded,empty caption from provider
figlib/HPWREN-FIgLib/20190712_RockHouse_wc-e-mobo-c/1562961560_2B02219.jpg,firebench_q020,caption_failed,empty caption from provider,6,inserted_degraded,empty caption from provider
figlib/HPWREN-FIgLib/20171017_FIRE_smer-tcs3-mobo-c/1508276468_2B01140.jpg,firebench_q020,caption_failed,empty caption from provider,6,inserted_degraded,empty caption from provider
figlib/HPWREN-FIgLib/20240907_ChurchFire_ws-w-mobo-c/1725731641_-02160.jpg,firebench_q020,caption_failed,empty caption from provider,6,inserted_degraded,empty caption from provider
figlib/HPWREN-FIgLib/20190826_FIRE_smer-tcs9-mobo-c/1566847617_-01500.jpg,firebench_q020,caption_failed,empty caption from provider,6,inserted_degraded,empty caption from provider
figlib/HPWREN-FIgLib/20191001_FIRE_smer-tcs9-mobo-c/1569950697_-02220.jpg,firebench_q020,caption_failed,empty caption from provider,6,inserted_degraded,empty caption from provider
figlib/HPWREN-FIgLib/20200813_Ranch2Fire_marconi-n-mobo-c/1597359082_2B01200.jpg,firebench_q020,caption_failed,empty caption from provider,6,inserted_degraded,empty caption from provider
figlib/HPWREN-FIgLib/20241021_PalomarRidge_hp-s-mobo-c/1729518333_2B02398.jpg,firebench_q021,caption_failed,empty caption from provider,6,inserted_degraded,empty caption from provider
figlib/HPWREN-FIgLib/20191001_FIRE_smer-tcs9-mobo-c/1569955197_2B02280.jpg,firebench_q020,caption_failed,empty caption from provider,6,inserted_degraded,empty caption from provider
figlib/HPWREN-FIgLib/20180910_FIRE_smer-tcs8-mobo-c/1536612415_2B02340.jpg,firebench_q020,caption_failed,empty caption from provider,6,inserted_degraded,empty caption from provider
figlib/HPWREN-FIgLib/20200727_Border11Fire_om-e-mobo-c/1595907217_2B00480.jpg,firebench_q021,caption_failed,empty caption from provider,6,inserted_degraded,empty caption from provider
figlib/HPWREN-FIgLib/20200727_Border11Fire_om-e-mobo-c/1595907037_2B00300.jpg,firebench_q021,caption_failed,empty caption from provider,6,inserted_degraded,empty caption from provider
figlib/HPWREN-FIgLib/20170711_FIRE_bm-s-mobo-c/1499785657_-01740.jpg,firebench_q021,caption_failed,empty caption from provider,6,inserted_degraded,empty caption from provider
figlib/HPWREN-FIgLib/20240908_RiceFire_rm-e-mobo-c/1725848286_-00360.jpg,firebench_q021,caption_failed,empty caption from provider,6,inserted_degraded,empty caption from provider
wildfire/The-Wildfire-Dataset/nofire/irina-iriser-FfmUE-cVHN8-unsplash.jpg,firebench_q018,caption_failed,empty caption from provider,6,inserted_degraded,empty caption from provider
figlib/HPWREN-FIgLib/20170711_FIRE_bm-s-mobo-c/1499787937_2B00540.jpg,firebench_q021,caption_failed,empty caption from provider,6,inserted_degraded,empty caption from provider
sage/W097/imagesampler-mobotix-2727/sage-imagesampler-mobotix-0.3.7/000048b02dd3c427/1765380194484038143-sample.jpg,firebench_q020,caption_failed,empty caption from provider,6,inserted_degraded,empty caption from provider
wildfire/The-Wildfire-Dataset/fire/21292365472_7045d2f1bc_o.jpg,firebench_q020,caption_failed,empty caption from provider,6,inserted_degraded,empty caption from provider
wildfire/The-Wildfire-Dataset/nofire/leslie-cross-hO9CKGCnB-M-unsplash.jpg,firebench_q021,caption_failed,empty caption from provider,6,inserted_degraded,empty caption from provider
figlib/HPWREN-FIgLib/20190814_FIRE_om-e-mobo-c/1565821177_2B01500.jpg,firebench_q021,caption_failed,empty caption from provider,6,inserted_degraded,empty caption from provider
wildfire/The-Wildfire-Dataset/nofire/marek-piwnicki-nxL_enz7A1A-unsplash.jpg,firebench_q021,caption_failed,empty caption from provider,6,inserted_degraded,empty caption from provider
wildfire/The-Wildfire-Dataset/nofire/52359036280_5557dd08e2_o.jpg,firebench_q021,caption_failed,empty caption from provider,6,inserted_degraded,empty caption from provider
figlib/HPWREN-FIgLib/20241021_PalomarRidge_hp-s-mobo-c/1729516113_2B00178.jpg,firebench_q021,caption_failed,empty caption from provider,6,inserted_degraded,empty caption from provider
figlib/HPWREN-FIgLib/20191001_FIRE_smer-tcs9-mobo-c/1569955138_2B02221.jpg,firebench_q021,caption_failed,empty caption from provider,6,inserted_degraded,empty caption from provider
figlib/HPWREN-FIgLib/20201216_ChaparralFire_pi-w-mobo-c/1608152769_-01680.jpg,firebench_q021,caption_failed,empty caption from provider,6,inserted_degraded,empty caption from provider
figlib/HPWREN-FIgLib/20190913_FIRE_lp-n-mobo-c/1568417821_-01921.jpg,firebench_q021,caption_failed,empty caption from provider,6,inserted_degraded,empty caption from provider
wildfire/The-Wildfire-Dataset/nofire/52998989513_61a0e7a756_o.jpg,firebench_q021,caption_failed,empty caption from provider,6,inserted_degraded,empty caption from provider
figlib/HPWREN-FIgLib/20170722_FIRE_bm-n-mobo-c/1500761073_-00240.jpg,firebench_q021,caption_failed,empty caption from provider,6,inserted_degraded,empty caption from provider
wildfire/The-Wildfire-Dataset/nofire/kym-mackinnon-oegVwnc5YFA-unsplash.jpg,firebench_q021,caption_failed,empty caption from provider,6,inserted_degraded,empty caption from provider
wildfire/The-Wildfire-Dataset/fire/28015042694_dcc7244bfd_o.jpg,firebench_q021,caption_failed,empty caption from provider,6,inserted_degraded,empty caption from provider
figlib/HPWREN-FIgLib/20180726_FIRE_so-w-mobo-c/1532625443_2B02040.jpg,firebench_q021,caption_failed,empty caption from provider,6,inserted_degraded,empty caption from provider
figlib/HPWREN-FIgLib/20190728_Dehesa_lp-n-mobo/1564361221_-00600.jpg,firebench_q021,caption_failed,empty caption from provider,6,inserted_degraded,empty caption from provider
figlib/HPWREN-FIgLib/20170520_FIRE_pi-w-mobo-c/1495304889_2B00420.jpg,firebench_q022,caption_failed,empty caption from provider,6,inserted_degraded,empty caption from provider
figlib/HPWREN-FIgLib/20200813_Ranch2Fire_sjh-n-mobo-c/1597358498_2B02280.jpg,firebench_q022,caption_failed,empty caption from provider,6,inserted_degraded,empty caption from provider
wildfire/The-Wildfire-Dataset/nofire/kym-mackinnon-U4h6qSZyHDw-unsplash.jpg,firebench_q021,caption_failed,empty caption from provider,6,inserted_degraded,empty caption from provider
figlib/HPWREN-FIgLib/20201205_typical-range-fire_sclm-e-mobo-c/1607193268_2B01136.jpg,firebench_q022,caption_failed,empty caption from provider,6,inserted_degraded,empty caption from provider
wildfire/The-Wildfire-Dataset/nofire/yang-song-8zZCbPprSMk-unsplash.jpg,firebench_q018,caption_failed,empty caption from provider,6,inserted_degraded,empty caption from provider
wildfire/The-Wildfire-Dataset/nofire/luc-tribolet-aBe82hRak8w-unsplash.jpg,firebench_q021,caption_failed,empty caption from provider,6,inserted_degraded,empty caption from provider
figlib/HPWREN-FIgLib/20170625_BBM_bm-n-mobo/1498417653_2B01260.jpg,firebench_q022,caption_failed,empty caption from provider,6,inserted_degraded,empty caption from provider
figlib/HPWREN-FIgLib/20161113_FIRE_bm-w-mobo-c/1479065499_2B01080.jpg,firebench_q022,caption_failed,empty caption from provider,6,inserted_degraded,empty caption from provider
figlib/HPWREN-FIgLib/20190829_FIRE_pi-e-mobo-c/1567119665_2B01680.jpg,firebench_q022,caption_failed,empty caption from provider,6,inserted_degraded,empty caption from provider
figlib/HPWREN-FIgLib/20190924_FIRE_wc-e-mobo-c/1569363680_2B01320.jpg,firebench_q022,caption_failed,empty caption from provider,6,inserted_degraded,empty caption from provider
figlib/HPWREN-FIgLib/20200521_VEGMGMT_ml-w-mobo-c/1590082217_2B01560.jpg,firebench_q022,caption_failed,empty caption from provider,6,inserted_degraded,empty caption from provider
wildfire/The-Wildfire-Dataset/fire/29431349738_46e59567ea_o.jpg,firebench_q019,caption_failed,empty caption from provider,6,inserted_degraded,empty caption from provider
figlib/HPWREN-FIgLib/20200911_FIRE_lp-e-mobo-c/1599851943_-02100.jpg,firebench_q022,caption_failed,empty caption from provider,6,inserted_degraded,empty caption from provider
figlib/HPWREN-FIgLib/20180727_FIRE_mg-w-mobo-c/1532722480_-01680.jpg,firebench_q022,caption_failed,empty caption from provider,6,inserted_degraded,empty caption from provider
wildfire/The-Wildfire-Dataset/fire/37342504922_ed222fb8fa_o.jpg,firebench_q021,caption_failed,empty caption from provider,6,inserted_degraded,empty caption from provider
figlib/HPWREN-FIgLib/20190620_FIRE_smer-tcs9-mobo-c/1561066257_2B00660.jpg,firebench_q022,caption_failed,empty caption from provider,6,inserted_degraded,empty caption from provider
wildfire/The-Wildfire-Dataset/nofire/marek-piwnicki-G_6kPyje9Lk-unsplash.jpg,firebench_q021,caption_failed,empty caption from provider,6,inserted_degraded,empty caption from provider
figlib/HPWREN-FIgLib/20191005_FIRE_vo-n-mobo-c/1570310561_2B00660.jpg,firebench_q022,caption_failed,empty caption from provider,6,inserted_degraded,empty caption from provider
figlib/HPWREN-FIgLib/20200521_VEGMGMT_wc-e-mobo-c/1590080120_-00840.jpg,firebench_q022,caption_failed,empty caption from provider,6,inserted_degraded,empty caption from provider
figlib/HPWREN-FIgLib/20180727_FIRE_mg-w-mobo-c/1532726320_2B02160.jpg,firebench_q022,caption_failed,empty caption from provider,6,inserted_degraded,empty caption from provider
wildfire/The-Wildfire-Dataset/fire/40052135590_ff281a560c_o.jpg,firebench_q017,caption_failed,empty caption from provider,6,inserted_degraded,empty caption from provider
figlib/HPWREN-FIgLib/20180605_FIRE_smer-tcs9-mobo-c/1528230357_-00900.jpg,firebench_q022,caption_failed,empty caption from provider,6,inserted_degraded,empty caption from provider
wildfire/The-Wildfire-Dataset/nofire/levi-bare-xCfHL21VpDk-unsplash.jpg,firebench_q021,caption_failed,empty caption from provider,6,inserted_degraded,empty caption from provider
figlib/HPWREN-FIgLib/20200611_skyline_lp-n-mobo-c/1591901161_2B00600.jpg,firebench_q022,caption_failed,empty caption from provider,6,inserted_degraded,empty caption from provider
figlib/HPWREN-FIgLib/20180727_FIRE_mg-w-mobo-c/1532724340_2B00180.jpg,firebench_q022,caption_failed,empty caption from provider,6,inserted_degraded,empty caption from provider
figlib/HPWREN-FIgLib/20190829_FIRE_pi-e-mobo-c/1567118585_2B00600.jpg,firebench_q022,caption_failed,empty caption from provider,6,inserted_degraded,empty caption from provider
figlib/HPWREN-FIgLib/20170826_FIRE_tp-s-mobo-c/1503772993_2B00060.jpg,firebench_q022,caption_failed,empty caption from provider,6,inserted_degraded,empty caption from provider
figlib/HPWREN-FIgLib/20200813_VictoriaFire_lp-n-mobo-c/1597363741_2B02160.jpg,firebench_q022,caption_failed,empty caption from provider,6,inserted_degraded,empty caption from provider
figlib/HPWREN-FIgLib/20201105_Roundfire_om-e-mobo-c/1604616517_2B01920.jpg,firebench_q022,caption_failed,empty caption from provider,6,inserted_degraded,empty caption from provider
figlib/HPWREN-FIgLib/20161113_FIRE_bm-n-mobo-c/1479069093_2B02160.jpg,firebench_q022,caption_failed,empty caption from provider,6,inserted_degraded,empty caption from provider
wildfire/The-Wildfire-Dataset/nofire/maciek-sulkowski-43gFXiPsMbY-unsplash.jpg,firebench_q021,caption_failed,empty caption from provider,6,inserted_degraded,empty caption from provider
figlib/HPWREN-FIgLib/20160619_FIRE_pi-s-mobo-c/1466358427_-01140.jpg,firebench_q023,caption_failed,empty caption from provider,6,inserted_degraded,empty caption from provider
figlib/HPWREN-FIgLib/20200705_FIRE_bm-w-mobo-c/1593982539_-00720.jpg,firebench_q022,caption_failed,empty caption from provider,6,inserted_degraded,empty caption from provider
wildfire/The-Wildfire-Dataset/fire/7866653824_b0569ba0a0_o.jpg,firebench_q022,caption_failed,empty caption from provider,6,inserted_degraded,empty caption from provider
figlib/HPWREN-FIgLib/20160619_FIRE_pi-s-mobo-c/1466359087_-00480.jpg,firebench_q023,caption_failed,empty caption from provider,6,inserted_degraded,empty caption from provider
figlib/HPWREN-FIgLib/20170722_FIRE_so-s-mobo-c/1500759861_-01380.jpg,firebench_q023,caption_failed,empty caption from provider,6,inserted_degraded,empty caption from provider
figlib/HPWREN-FIgLib/20191003_FIRE_rm-w-mobo-c/1570124166_-01860.jpg,firebench_q023,caption_failed,empty caption from provider,6,inserted_degraded,empty caption from provider
figlib/HPWREN-FIgLib/20170520_FIRE_pi-s-mobo-c/1495304047_2B02220.jpg,firebench_q023,caption_failed,empty caption from provider,6,inserted_degraded,empty caption from provider
figlib/HPWREN-FIgLib/20170713_FIRE_smer-tcs8-mobo-c/1499979895_-01140.jpg,firebench_q022,caption_failed,empty caption from provider,6,inserted_degraded,empty caption from provider
figlib/HPWREN-FIgLib/20240616_BuckmanFire_pi-s-mobo-c/1718563081_-02099.jpg,firebench_q023,caption_failed,empty caption from provider,6,inserted_degraded,empty caption from provider
wildfire/The-Wildfire-Dataset/nofire/casey-horner-RakULpn7Vns-unsplash.jpg,firebench_q021,caption_failed,empty caption from provider,6,inserted_degraded,empty caption from provider
figlib/HPWREN-FIgLib/20160604_FIRE_rm-n-mobo-c/1465064280_-01320.jpg,firebench_q023,caption_failed,empty caption from provider,6,inserted_degraded,empty caption from provider
figlib/HPWREN-FIgLib/20170722_FIRE_so-s-mobo-c/1500758961_-02280.jpg,firebench_q023,caption_failed,empty caption from provider,6,inserted_degraded,empty caption from provider
sage/W097/imagesampler-mobotix-2727/sage-imagesampler-mobotix-0.3.7/000048b02dd3c427/1765379984415046744-sample.jpg,firebench_q022,caption_failed,empty caption from provider,6,inserted_degraded,empty caption from provider
wildfire/The-Wildfire-Dataset/fire/52038492755_cb909d2e08_o.jpg,firebench_q020,caption_failed,empty caption from provider,6,inserted_degraded,empty caption from provider
figlib/HPWREN-FIgLib/20240616_BuckmanFire_pi-s-mobo-c/1718564341_-00839.jpg,firebench_q023,caption_failed,empty caption from provider,6,inserted_degraded,empty caption from provider
figlib/HPWREN-FIgLib/20170609_FIRE_sm-n-mobo-c/1497048267_-01380.jpg,firebench_q023,caption_failed,empty caption from provider,6,inserted_degraded,empty caption from provider
figlib/HPWREN-FIgLib/20171026_FIRE_rm-n-mobo-c/1509045420_-00780.jpg,firebench_q023,caption_failed,empty caption from provider,6,inserted_degraded,empty caption from provider
figlib/HPWREN-FIgLib/20161113_FIRE_bl-n-mobo-c/1479064609_2B00240.jpg,firebench_q023,caption_failed,empty caption from provider,6,inserted_degraded,empty caption from provider
wildfire/The-Wildfire-Dataset/fire/49785368728_0babc970df_o.jpg,firebench_q021,caption_failed,empty caption from provider,6,inserted_degraded,empty caption from provider
figlib/HPWREN-FIgLib/20170711_FIRE_bl-s-mobo-c/1499804153_-02040.jpg,firebench_q023,caption_failed,empty caption from provider,6,inserted_degraded,empty caption from provider
figlib/HPWREN-FIgLib/20170613_FIRE_bh-w-mobo-c/1497386716_2B01620.jpg,firebench_q023,caption_failed,empty caption from provider,6,inserted_degraded,empty caption from provider
figlib/HPWREN-FIgLib/20170520_FIRE_pi-s-mobo-c/1495303147_2B01320.jpg,firebench_q023,caption_failed,empty caption from provider,6,inserted_degraded,empty caption from provider
figlib/HPWREN-FIgLib/20180602_Alison_sp-w-mobo-c/1527967772_-02220.jpg,firebench_q023,caption_failed,empty caption from provider,6,inserted_degraded,empty caption from provider
figlib/HPWREN-FIgLib/20240909_BridgeFire_marconi-n-mobo-c/1725912219_-01139.jpg,firebench_q023,caption_failed,empty caption from provider,6,inserted_degraded,empty caption from provider
figlib/HPWREN-FIgLib/20190826_FIRE_rm-w-mobo-c/1566850026_2B01137.jpg,firebench_q023,caption_failed,empty caption from provider,6,inserted_degraded,empty caption from provider
figlib/HPWREN-FIgLib/20190829_FIRE_rm-w-mobo-c/1567101186_2B00180.jpg,firebench_q023,caption_failed,empty caption from provider,6,inserted_degraded,empty caption from provider
figlib/HPWREN-FIgLib/20171026_FIRE_rm-n-mobo-c/1509045240_-00960.jpg,firebench_q023,caption_failed,empty caption from provider,6,inserted_degraded,empty caption from provider
figlib/HPWREN-FIgLib/20180612_FIRE_smer-tcs9-mobo-c/1528840197_-00960.jpg,firebench_q023,caption_failed,empty caption from provider,6,inserted_degraded,empty caption from provider
figlib/HPWREN-FIgLib/20190620_FIRE_smer-tcs9-mobo-c/1561065357_-00240.jpg,firebench_q023,caption_failed,empty caption from provider,6,inserted_degraded,empty caption from provider
figlib/HPWREN-FIgLib/20171026_FIRE_rm-n-mobo-c/1509045240_-00960.jpg,firebench_q024,caption_failed,empty caption from provider,6,inserted_degraded,empty caption from provider
figlib/HPWREN-FIgLib/20190829_FIRE_rm-w-mobo-c/1567101186_2B00180.jpg,firebench_q024,caption_failed,empty caption from provider,6,inserted_degraded,empty caption from provider
figlib/HPWREN-FIgLib/20240701_McCainfire_ws-e-mobo-c/1719872818_-00481.jpg,firebench_q023,caption_failed,empty caption from provider,6,inserted_degraded,empty caption from provider
figlib/HPWREN-FIgLib/20190826_FIRE_smer-tcs9-mobo-c/1566847617_-01500.jpg,firebench_q023,caption_failed,empty caption from provider,6,inserted_degraded,empty caption from provider
wildfire/The-Wildfire-Dataset/fire/9573555526_ca9322b143_o.jpg,firebench_q022,caption_failed,empty caption from provider,6,inserted_degraded,empty caption from provider
figlib/HPWREN-FIgLib/20170520_FIRE_pi-w-mobo-c/1495304169_-00300.jpg,firebench_q024,caption_failed,empty caption from provider,6,inserted_degraded,empty caption from provider
wildfire/The-Wildfire-Dataset/nofire/sante-capobianco-kcKJodlQSxg-unsplash.jpg,firebench_q021,caption_failed,empty caption from provider,6,inserted_degraded,empty caption from provider
figlib/HPWREN-FIgLib/20200226_FIRE_rm-e-mobo-c/1582743242_2B00660.jpg,firebench_q024,caption_failed,empty caption from provider,6,inserted_degraded,empty caption from provider
figlib/HPWREN-FIgLib/20180910_FIRE_smer-tcs8-mobo-c/1536612415_2B02340.jpg,firebench_q023,caption_failed,empty caption from provider,6,inserted_degraded,empty caption from provider
figlib/HPWREN-FIgLib/20240902_GabrielFire_wilson-e-mobo-c/1725318592_2B01559.jpg,firebench_q024,caption_failed,empty caption from provider,6,inserted_degraded,empty caption from provider
figlib/HPWREN-FIgLib/20240828_KeysFire_bh-w-mobo-c/1724876351_-02220.jpg,firebench_q024,caption_failed,empty caption from provider,6,inserted_degraded,empty caption from provider
figlib/HPWREN-FIgLib/20170520_FIRE_pi-s-mobo-c/1495303147_2B01320.jpg,firebench_q024,caption_failed,empty caption from provider,6,inserted_degraded,empty caption from provider
figlib/HPWREN-FIgLib/20170613_FIRE_bh-w-mobo-c/1497383896_-01200.jpg,firebench_q024,caption_failed,empty caption from provider,6,inserted_degraded,empty caption from provider
figlib/HPWREN-FIgLib/20180504_FIRE_bh-n-mobo-c/1525471090_2B00660.jpg,firebench_q024,caption_failed,empty caption from provider,6,inserted_degraded,empty caption from provider
figlib/HPWREN-FIgLib/20170520_FIRE_pi-s-mobo-c/1495304047_2B02220.jpg,firebench_q024,caption_failed,empty caption from provider,6,inserted_degraded,empty caption from provider
figlib/HPWREN-FIgLib/20240802_WarnersFire_sojr-s-mobo-c/1722632308_2B00660.jpg,firebench_q024,caption_failed,empty caption from provider,6,inserted_degraded,empty caption from provider
figlib/HPWREN-FIgLib/20240701_McCainfire_ws-e-mobo-c/1719871138_-02161.jpg,firebench_q024,caption_failed,empty caption from provider,6,inserted_degraded,empty caption from provider
figlib/HPWREN-FIgLib/20180602_Alison_sp-s-mobo-c/1527972390_2B02400.jpg,firebench_q024,caption_failed,empty caption from provider,6,inserted_degraded,empty caption from provider
figlib/HPWREN-FIgLib/20240701_McCainfire_ws-e-mobo-c/1719872398_-00901.jpg,firebench_q024,caption_failed,empty caption from provider,6,inserted_degraded,empty caption from provider
wildfire/The-Wildfire-Dataset/fire/michael-held-Of-NXuECJbE-unsplash.jpg,firebench_q022,caption_failed,empty caption from provider,6,inserted_degraded,empty caption from provider
figlib/HPWREN-FIgLib/20240616_BuckmanFire_pi-s-mobo-c/1718563081_-02099.jpg,firebench_q024,caption_failed,empty caption from provider,6,inserted_degraded,empty caption from provider
figlib/HPWREN-FIgLib/20180504_FIRE_bh-n-mobo-c/1525470970_2B00540.jpg,firebench_q024,caption_failed,empty caption from provider,6,inserted_degraded,empty caption from provider
figlib/HPWREN-FIgLib/20180706_West_lp-n-mobo-c/1530900901_-00780.jpg,firebench_q024,caption_failed,empty caption from provider,6,inserted_degraded,empty caption from provider
figlib/HPWREN-FIgLib/20240828_KeysFire_bh-w-mobo-c/1724876291_-02280.jpg,firebench_q024,caption_failed,empty caption from provider,6,inserted_degraded,empty caption from provider
wildfire/The-Wildfire-Dataset/fire/35943831620_2f3e25830c_o.jpg,firebench_q021,caption_failed,empty caption from provider,6,inserted_degraded,empty caption from provider
figlib/HPWREN-FIgLib/20240701_Kitchenfire_ws-w-mobo-c/1719853680_-01501.jpg,firebench_q024,caption_failed,empty caption from provider,6,inserted_degraded,empty caption from provider
figlib/HPWREN-FIgLib/20170722_FIRE_bm-n-mobo-c/1500761073_-00240.jpg,firebench_q024,caption_failed,empty caption from provider,6,inserted_degraded,empty caption from provider
figlib/HPWREN-FIgLib/20200813_Ranch2Fire_wilson-e-mobo-c/1597354252_-01741.jpg,firebench_q024,caption_failed,empty caption from provider,6,inserted_degraded,empty caption from provider
figlib/HPWREN-FIgLib/20180603_FIRE_bl-s-mobo-c/1528065413_-01980.jpg,firebench_q024,caption_failed,empty caption from provider,6,inserted_degraded,empty caption from provider
figlib/HPWREN-FIgLib/20240902_GabrielFire_wilson-e-mobo-c/1725314992_-02041.jpg,firebench_q024,caption_failed,empty caption from provider,6,inserted_degraded,empty caption from provider
figlib/HPWREN-FIgLib/20180603_FIRE_bl-s-mobo-c/1528065353_-02040.jpg,firebench_q024,caption_failed,empty caption from provider,6,inserted_degraded,empty caption from provider
figlib/HPWREN-FIgLib/20241007_Posta3Fire_ws-n-mobo-c/1728335880_-00840.jpg,firebench_q024,caption_failed,empty caption from provider,6,inserted_degraded,empty caption from provider
figlib/HPWREN-FIgLib/20190924_FIRE_lp-n-mobo-c/1569361504_-00657.jpg,firebench_q024,caption_failed,empty caption from provider,6,inserted_degraded,empty caption from provider
figlib/HPWREN-FIgLib/20190717_FIRE_lp-n-mobo-c/1563401941_-01740.jpg,firebench_q024,caption_failed,empty caption from provider,6,inserted_degraded,empty caption from provider
figlib/HPWREN-FIgLib/20180602_Alison_sp-s-mobo-c/1527969450_-00540.jpg,firebench_q024,caption_failed,empty caption from provider,6,inserted_degraded,empty caption from provider
wildfire/The-Wildfire-Dataset/nofire/pawan-thapa-qEJRVTbDpTQ-unsplash.jpg,firebench_q021,caption_failed,empty caption from provider,6,inserted_degraded,empty caption from provider
figlib/HPWREN-FIgLib/20240908_RiceFire_rm-e-mobo-c/1725850686_2B02040.jpg,firebench_q025,caption_failed,empty caption from provider,6,inserted_degraded,empty caption from provider
sage/W097/imagesampler-bottom-2726/sage-imagesampler-bottom-0.3.7/000048b02dd3c427/1765379405304958972-sample.jpg,firebench_q025,caption_failed,empty caption from provider,6,inserted_degraded,empty caption from provider
figlib/HPWREN-FIgLib/20201202_WillowFire-nightime-near-CDF-HQ_om-n-mobo-c/1606976315_2B00480.jpg,firebench_q025,caption_failed,empty caption from provider,6,inserted_degraded,empty caption from provider
sage/W097/imagesampler-bottom-2726/sage-imagesampler-bottom-0.3.7/000048b02dd3c427/1765347005847791627-sample.jpg,firebench_q025,caption_failed,empty caption from provider,6,inserted_degraded,empty caption from provider
figlib/HPWREN-FIgLib/20240625_OtayFire_om-s-mobo-c/1719374758_2B00541.jpg,firebench_q025,caption_failed,empty caption from provider,6,inserted_degraded,empty caption from provider
figlib/HPWREN-FIgLib/20171017_FIRE_smer-tcs3-mobo-c/1508276468_2B01140.jpg,firebench_q024,caption_failed,empty caption from provider,6,inserted_degraded,empty caption from provider
sage/W097/imagesampler-mobotix-2727/sage-imagesampler-mobotix-0.3.7/000048b02dd3c427/1765380404597933298-sample.jpg,firebench_q024,caption_failed,empty caption from provider,6,inserted_degraded,empty caption from provider
wildfire/The-Wildfire-Dataset/fire/50163809252_54b7daedd2_o.jpg,firebench_q024,caption_failed,empty caption from provider,6,inserted_degraded,empty caption from provider
sage/W097/imagesampler-mobotix-2727/sage-imagesampler-mobotix-0.3.7/000048b02dd3c427/1765376415123571468-sample.jpg,firebench_q025,caption_failed,empty caption from provider,6,inserted_degraded,empty caption from provider
figlib/HPWREN-FIgLib/20201003_structurefire_bh-w-mobo-c/1601719996_2B01740.jpg,firebench_q025,caption_failed,empty caption from provider,6,inserted_degraded,empty caption from provider
sage/W097/imagesampler-mobotix-2727/sage-imagesampler-mobotix-0.3.7/000048b02dd3c427/1765376134415819565-sample.jpg,firebench_q025,caption_failed,empty caption from provider,6,inserted_degraded,empty caption from provider
sage/W097/imagesampler-mobotix-2727/sage-imagesampler-mobotix-0.3.7/000048b02dd3c427/1765427513987844432-sample.jpg,firebench_q025,caption_failed,empty caption from provider,6,inserted_degraded,empty caption from provider
wildfire/The-Wildfire-Dataset/fire/21445932255_5c5391fcc5_o.jpg,firebench_q023,caption_failed,empty caption from provider,6,inserted_degraded,empty caption from provider
sage/W097/imagesampler-mobotix-2727/sage-imagesampler-mobotix-0.3.7/000048b02dd3c427/1765377254633246218-sample.jpg,firebench_q025,caption_failed,empty caption from provider,6,inserted_degraded,empty caption from provider
wildfire/The-Wildfire-Dataset/fire/51786302469_8793cda1f4_o.jpg,firebench_q023,caption_failed,empty caption from provider,6,inserted_degraded,empty caption from provider
sage/W097/imagesampler-mobotix-2727/sage-imagesampler-mobotix-0.3.7/000048b02dd3c427/1765365704207767771-sample.jpg,firebench_q025,caption_failed,empty caption from provider,6,inserted_degraded,empty caption from provider
figlib/HPWREN-FIgLib/20201202_BondFire-nightime_sp-w-mobo-c/1606974992_-01380.jpg,firebench_q025,caption_failed,empty caption from provider,6,inserted_degraded,empty caption from provider
sage/W097/imagesampler-mobotix-2727/sage-imagesampler-mobotix-0.3.7/000048b02dd3c427/1765366824470980135-sample.jpg,firebench_q025,caption_failed,empty caption from provider,6,inserted_degraded,empty caption from provider
sage/W097/imagesampler-mobotix-2727/sage-imagesampler-mobotix-0.3.7/000048b02dd3c427/1765378163904756717-sample.jpg,firebench_q025,caption_failed,empty caption from provider,6,inserted_degraded,empty caption from provider
sage/W097/imagesampler-mobotix-2727/sage-imagesampler-mobotix-0.3.7/000048b02dd3c427/1765363464850024652-sample.jpg,firebench_q025,caption_failed,empty caption from provider,6,inserted_degraded,empty caption from provider
figlib/HPWREN-FIgLib/20210110_Borderfire_lp-s-mobo-c/1610304725_-00361.jpg,firebench_q026,caption_failed,empty caption from provider,6,inserted_degraded,empty caption from provider
sage/W097/imagesampler-mobotix-2727/sage-imagesampler-mobotix-0.3.7/000048b02dd3c427/1765363043982833014-sample.jpg,firebench_q025,caption_failed,empty caption from provider,6,inserted_degraded,empty caption from provider
sage/W097/imagesampler-mobotix-2727/sage-imagesampler-mobotix-0.3.7/000048b02dd3c427/1765376904473721336-sample.jpg,firebench_q025,caption_failed,empty caption from provider,6,inserted_degraded,empty caption from provider
figlib/HPWREN-FIgLib/20250107_EatonFire_wilson-s-mobo-c/1736301475_-01804.jpg,firebench_q025,caption_failed,empty caption from provider,6,inserted_degraded,empty caption from provider
sage/W097/imagesampler-mobotix-2727/sage-imagesampler-mobotix-0.3.7/000048b02dd3c427/1765358634528773120-sample.jpg,firebench_q025,caption_failed,empty caption from provider,6,inserted_degraded,empty caption from provider
sage/W097/imagesampler-mobotix-2727/sage-imagesampler-mobotix-0.3.7/000048b02dd3c427/1765379424324416278-sample.jpg,firebench_q025,caption_failed,empty caption from provider,6,inserted_degraded,empty caption from provider
figlib/HPWREN-FIgLib/20210110_Borderfire_lp-s-mobo-c/1610304305_-00781.jpg,firebench_q026,caption_failed,empty caption from provider,6,inserted_degraded,empty caption from provider
figlib/HPWREN-FIgLib/20210302_FIRE_lp-e-mobo-m/1614678899_-00660.jpg,firebench_q025,caption_failed,empty caption from provider,6,inserted_degraded,empty caption from provider
figlib/HPWREN-FIgLib/20210110_Borderfire_lp-s-mobo-c/1610303045_-02041.jpg,firebench_q026,caption_failed,empty caption from provider,6,inserted_degraded,empty caption from provider
wildfire/The-Wildfire-Dataset/nofire/annie-spratt-u1kaDeY1adw-unsplash.jpg,firebench_q024,caption_failed,empty caption from provider,6,inserted_degraded,empty caption from provider
sage/W097/imagesampler-mobotix-2727/sage-imagesampler-mobotix-0.3.7/000048b02dd3c427/1765372774567436309-sample.jpg,firebench_q025,caption_failed,empty caption from provider,6,inserted_degraded,empty caption from provider
figlib/HPWREN-FIgLib/20200930_BoundaryFire_wc-e-mobo-c/1601486780_-01260.jpg,firebench_q026,caption_failed,empty caption from provider,6,inserted_degraded,empty caption from provider
figlib/HPWREN-FIgLib/20200601_WILDLAND-DRILLS_om-e-mobo-c/1591047097_2B02340.jpg,firebench_q026,caption_failed,empty caption from provider,6,inserted_degraded,empty caption from provider
figlib/HPWREN-FIgLib/20210110_Borderfire_lp-s-mobo-c/1610303165_-01921.jpg,firebench_q026,caption_failed,empty caption from provider,6,inserted_degraded,empty caption from provider
figlib/HPWREN-FIgLib/20190924_FIRE_ml-w-mobo-c/1569361877_-00480.jpg,firebench_q026,caption_failed,empty caption from provider,6,inserted_degraded,empty caption from provider
figlib/HPWREN-FIgLib/20160711_FIRE_ml-n-mobo-c/1468266611_2B00540.jpg,firebench_q026,caption_failed,empty caption from provider,6,inserted_degraded,empty caption from provider
figlib/HPWREN-FIgLib/20171010_FIRE_hp-n-mobo-c/1507675045_2B02220.jpg,firebench_q026,caption_failed,empty caption from provider,6,inserted_degraded,empty caption from provider
sage/W097/imagesampler-mobotix-2727/sage-imagesampler-mobotix-0.3.7/000048b02dd3c427/1765376484676709874-sample.jpg,firebench_q025,caption_failed,empty caption from provider,6,inserted_degraded,empty caption from provider
wildfire/The-Wildfire-Dataset/nofire/craig-bradford-9bUkEBeXUUQ-unsplash.jpg,firebench_q025,caption_failed,empty caption from provider,6,inserted_degraded,empty caption from provider
figlib/HPWREN-FIgLib/20180726_FIRE_so-n-mobo-c/1532622377_-01020.jpg,firebench_q026,caption_failed,empty caption from provider,6,inserted_degraded,empty caption from provider
figlib/HPWREN-FIgLib/20170826_FIRE_tp-s-mobo-c/1503771733_-01200.jpg,firebench_q026,caption_failed,empty caption from provider,6,inserted_degraded,empty caption from provider
figlib/HPWREN-FIgLib/20240625_DelMarFire_tdlln-n-mobo-c/1719348281_-01260.jpg,firebench_q026,caption_failed,empty caption from provider,6,inserted_degraded,empty caption from provider
figlib/HPWREN-FIgLib/20170711_FIRE_bm-s-mobo-c/1499787937_2B00540.jpg,firebench_q026,caption_failed,empty caption from provider,6,inserted_degraded,empty caption from provider
figlib/HPWREN-FIgLib/20171010_FIRE_hp-n-mobo-c/1507670665_-02160.jpg,firebench_q026,caption_failed,empty caption from provider,6,inserted_degraded,empty caption from provider
figlib/HPWREN-FIgLib/20190803_OtaySouth_lp-s-mobo/1564867505_-01920.jpg,firebench_q026,caption_failed,empty caption from provider,6,inserted_degraded,empty caption from provider
figlib/HPWREN-FIgLib/20200601_WILDLAND-DRILLS_mlo-e-mobo-c/1591046121_2B01380.jpg,firebench_q026,caption_failed,empty caption from provider,6,inserted_degraded,empty caption from provider
figlib/HPWREN-FIgLib/20180806_FIRE_vo-w-mobo-c/1533576047_-00420.jpg,firebench_q026,caption_failed,empty caption from provider,6,inserted_degraded,empty caption from provider
figlib/HPWREN-FIgLib/20190924_FIRE_wc-e-mobo-c/1569360980_-01380.jpg,firebench_q026,caption_failed,empty caption from provider,6,inserted_degraded,empty caption from provider
figlib/HPWREN-FIgLib/20191030_CopperCanyon_om-s-mobo-m/1572498100_2B00360.jpg,firebench_q025,caption_failed,empty caption from provider,6,inserted_degraded,empty caption from provider
figlib/HPWREN-FIgLib/20250724_PostaFire_mlo-s-mobo-c/1753383948_2B00721.jpg,firebench_q026,caption_failed,empty caption from provider,6,inserted_degraded,empty caption from provider
figlib/HPWREN-FIgLib/20250823_Clubfire_starr-n-mobo-m/1755963455_-01380.jpg,firebench_q026,caption_failed,empty caption from provider,6,inserted_degraded,empty caption from provider
figlib/HPWREN-FIgLib/20180603_FIRE_smer-tcs8-mobo-c/1528056475_-00780.jpg,firebench_q026,caption_failed,empty caption from provider,6,inserted_degraded,empty caption from provider
figlib/HPWREN-FIgLib/20240622_Border58Fire_om-w-mobo-c/1719092938_-00960.jpg,firebench_q026,caption_failed,empty caption from provider,6,inserted_degraded,empty caption from provider
figlib/HPWREN-FIgLib/20170520_FIRE_om-s-mobo-c/1495298679_2B01800.jpg,firebench_q026,caption_failed,empty caption from provider,6,inserted_degraded,empty caption from provider
figlib/HPWREN-FIgLib/20210711_FIRE_wc-e-mobo-c/1626024654_-01500.jpg,firebench_q026,caption_failed,empty caption from provider,6,inserted_degraded,empty caption from provider
figlib/HPWREN-FIgLib/20240902_GabrielFire_wilson-e-mobo-c/1725314992_-02041.jpg,firebench_q026,caption_failed,empty caption from provider,6,inserted_degraded,empty caption from provider
figlib/HPWREN-FIgLib/20190924_FIRE_wc-e-mobo-c/1569363920_2B01560.jpg,firebench_q026,caption_failed,empty caption from provider,6,inserted_degraded,empty caption from provider
figlib/HPWREN-FIgLib/20250121_PalaFire_rm-s-mobo-c/1737449466_2B02039.jpg,firebench_q026,caption_failed,empty caption from provider,6,inserted_degraded,empty caption from provider
figlib/HPWREN-FIgLib/20191001_FIRE_smer-tcs9-mobo-c/1569950697_-02220.jpg,firebench_q026,caption_failed,empty caption from provider,6,inserted_degraded,empty caption from provider
figlib/HPWREN-FIgLib/20210711_FIRE_wc-e-mobo-c/1626024654_-01500.jpg,firebench_q027,caption_failed,empty caption from provider,6,inserted_degraded,empty caption from provider
wildfire/The-Wildfire-Dataset/fire/36171930962_755dabb02f_o.jpg,firebench_q024,caption_failed,empty caption from provider,6,inserted_degraded,empty caption from provider
figlib/HPWREN-FIgLib/20191001_FIRE_smer-tcs9-mobo-c/1569955197_2B02280.jpg,firebench_q026,caption_failed,empty caption from provider,6,inserted_degraded,empty caption from provider
figlib/HPWREN-FIgLib/20161113_FIRE_bm-n-mobo-c/1479067953_2B01020.jpg,firebench_q027,caption_failed,empty caption from provider,6,inserted_degraded,empty caption from provider
figlib/HPWREN-FIgLib/20250823_Clubfire_starr-n-mobo-m/1755963395_-01440.jpg,firebench_q027,caption_failed,empty caption from provider,6,inserted_degraded,empty caption from provider
figlib/HPWREN-FIgLib/20190826_FIRE_smer-tcs9-mobo-c/1566848457_-00660.jpg,firebench_q027,caption_failed,empty caption from provider,6,inserted_degraded,empty caption from provider
figlib/HPWREN-FIgLib/20190803_OtaySouth_lp-s-mobo/1564867505_-01920.jpg,firebench_q027,caption_failed,empty caption from provider,6,inserted_degraded,empty caption from provider
figlib/HPWREN-FIgLib/20190814_FIRE_om-e-mobo-c/1565820517_2B00840.jpg,firebench_q027,caption_failed,empty caption from provider,6,inserted_degraded,empty caption from provider
figlib/HPWREN-FIgLib/20180614_Hope_wc-e-mobo-c/1528999940_-01020.jpg,firebench_q027,caption_failed,empty caption from provider,6,inserted_degraded,empty caption from provider
figlib/HPWREN-FIgLib/20160718_FIRE_mw-e-mobo-c/1468872241_-00180.jpg,firebench_q027,caption_failed,empty caption from provider,6,inserted_degraded,empty caption from provider
figlib/HPWREN-FIgLib/20250823_Clubfire_starr-n-mobo-c/1755962674_-02161.jpg,firebench_q027,caption_failed,empty caption from provider,6,inserted_degraded,empty caption from provider
figlib/HPWREN-FIgLib/20180603_FIRE_bl-s-mobo-c/1528065353_-02040.jpg,firebench_q027,caption_failed,empty caption from provider,6,inserted_degraded,empty caption from provider
figlib/HPWREN-FIgLib/20250724_PostaFire_mlo-s-mobo-c/1753383948_2B00721.jpg,firebench_q027,caption_failed,empty caption from provider,6,inserted_degraded,empty caption from provider
figlib/HPWREN-FIgLib/20200930_BoundaryFire_wc-e-mobo-c/1601487680_-00360.jpg,firebench_q027,caption_failed,empty caption from provider,6,inserted_degraded,empty caption from provider
wildfire/The-Wildfire-Dataset/fire/42582899664_cca07c91b8_o.jpg,firebench_q024,caption_failed,empty caption from provider,6,inserted_degraded,empty caption from provider
figlib/HPWREN-FIgLib/20161113_FIRE_bm-n-mobo-c/1479064953_-01980.jpg,firebench_q027,caption_failed,empty caption from provider,6,inserted_degraded,empty caption from provider
figlib/HPWREN-FIgLib/20190827_FIRE_so-w-mobo-c/1566928463_2B01620.jpg,firebench_q027,caption_failed,empty caption from provider,6,inserted_degraded,empty caption from provider
figlib/HPWREN-FIgLib/20250501_FelipeFire_ml-n-mobo-c/1746132828_2B00901.jpg,firebench_q027,caption_failed,empty caption from provider,6,inserted_degraded,empty caption from provider
figlib/HPWREN-FIgLib/20200202_FIRE_hp-w-mobo-c/1580666851_-01140.jpg,firebench_q027,caption_failed,empty caption from provider,6,inserted_degraded,empty caption from provider
wildfire/The-Wildfire-Dataset/fire/9573562938_bd50b7584a_o.jpg,firebench_q026,caption_failed,empty caption from provider,6,inserted_degraded,empty caption from provider
figlib/HPWREN-FIgLib/20191005_FIRE_wc-n-mobo-c/1570312578_2B02340.jpg,firebench_q027,caption_failed,empty caption from provider,6,inserted_degraded,empty caption from provider
figlib/HPWREN-FIgLib/20210110_Borderfire_lp-s-mobo-c/1610304305_-00781.jpg,firebench_q027,caption_failed,empty caption from provider,6,inserted_degraded,empty caption from provider
figlib/HPWREN-FIgLib/20190803_OtaySouth_lp-s-mobo/1564868465_-00960.jpg,firebench_q027,caption_failed,empty caption from provider,6,inserted_degraded,empty caption from provider
figlib/HPWREN-FIgLib/20180614_Bridle_hp-n-mobo-c/1529019985_-00720.jpg,firebench_q027,caption_failed,empty caption from provider,6,inserted_degraded,empty caption from provider
figlib/HPWREN-FIgLib/20210110_Borderfire_lp-s-mobo-c/1610303165_-01921.jpg,firebench_q027,caption_failed,empty caption from provider,6,inserted_degraded,empty caption from provider
figlib/HPWREN-FIgLib/20170711_FIRE_bm-s-mobo-c/1499787937_2B00540.jpg,firebench_q027,caption_failed,empty caption from provider,6,inserted_degraded,empty caption from provider
figlib/HPWREN-FIgLib/20190825_FIRE-smer-tcs8-mobo-c/1566757195_2B00960.jpg,firebench_q027,caption_failed,empty caption from provider,6,inserted_degraded,empty caption from provider
figlib/HPWREN-FIgLib/20210711_FIRE_wc-e-mobo-c/1626024474_-01680.jpg,firebench_q027,caption_failed,empty caption from provider,6,inserted_degraded,empty caption from provider
figlib/HPWREN-FIgLib/20180602_FIRE_smer-tcs8-mobo-c/1527977335_-00900.jpg,firebench_q027,caption_failed,empty caption from provider,6,inserted_degraded,empty caption from provider
wildfire/The-Wildfire-Dataset/nofire/irina-iriser-FfmUE-cVHN8-unsplash.jpg,firebench_q025,caption_failed,empty caption from provider,6,inserted_degraded,empty caption from provider
figlib/HPWREN-FIgLib/20200529_StructFire_wc-e-mobo-c/1590795500_2B00600.jpg,firebench_q027,caption_failed,empty caption from provider,6,inserted_degraded,empty caption from provider
figlib/HPWREN-FIgLib/20170826_FIRE_tp-s-mobo-c/1503771133_-01800.jpg,firebench_q028,caption_failed,empty caption from provider,6,inserted_degraded,empty caption from provider
figlib/HPWREN-FIgLib/20180612_FIRE_smer-tcs9-mobo-c/1528839597_-01560.jpg,firebench_q027,caption_failed,empty caption from provider,6,inserted_degraded,empty caption from provider
figlib/HPWREN-FIgLib/20170927_FIRE_smer-tcs9-mobo-c/1506548277_-00420.jpg,firebench_q027,caption_failed,empty caption from provider,6,inserted_degraded,empty caption from provider
figlib/HPWREN-FIgLib/20180602_FIRE_smer-tcs8-mobo-c/1527976855_-01380.jpg,firebench_q027,caption_failed,empty caption from provider,6,inserted_degraded,empty caption from provider
figlib/HPWREN-FIgLib/20191001_FIRE_smer-tcs9-mobo-c/1569950697_-02220.jpg,firebench_q027,caption_failed,empty caption from provider,6,inserted_degraded,empty caption from provider
figlib/HPWREN-FIgLib/20251102_ScissorsFire_tp-s-mobo-m/1762120486_-01804.jpg,firebench_q028,caption_failed,empty caption from provider,6,inserted_degraded,empty caption from provider
figlib/HPWREN-FIgLib/20170713_FIRE_smer-tcs8-mobo-c/1499982775_2B01740.jpg,firebench_q027,caption_failed,empty caption from provider,6,inserted_degraded,empty caption from provider
figlib/HPWREN-FIgLib/20200521_FIRE_om-s-mobo-c/1590077259_-01980.jpg,firebench_q028,caption_failed,empty caption from provider,6,inserted_degraded,empty caption from provider
figlib/HPWREN-FIgLib/20180603_FIRE_smer-tcs8-mobo-c/1528056475_-00780.jpg,firebench_q027,caption_failed,empty caption from provider,6,inserted_degraded,empty caption from provider
figlib/HPWREN-FIgLib/20180614_Hope_wc-e-mobo-c/1529000060_-00900.jpg,firebench_q027,caption_failed,empty caption from provider,6,inserted_degraded,empty caption from provider
figlib/HPWREN-FIgLib/20190829_FIRE_smer-tcs8-mobo-c/1567097216_-01321.jpg,firebench_q027,caption_failed,empty caption from provider,6,inserted_degraded,empty caption from provider
figlib/HPWREN-FIgLib/20190712_RockHouse_wc-e-mobo-c/1562958262_-01079.jpg,firebench_q028,caption_failed,empty caption from provider,6,inserted_degraded,empty caption from provider
figlib/HPWREN-FIgLib/20170711_FIRE_bl-e-mobo-c/1499804751_-01380.jpg,firebench_q028,caption_failed,empty caption from provider,6,inserted_degraded,empty caption from provider
figlib/HPWREN-FIgLib/20240828_KeysFire_bh-w-mobo-c/1724876351_-02220.jpg,firebench_q028,caption_failed,empty caption from provider,6,inserted_degraded,empty caption from provider
figlib/HPWREN-FIgLib/20240828_KeysFire_bh-w-mobo-c/1724876291_-02280.jpg,firebench_q028,caption_failed,empty caption from provider,6,inserted_degraded,empty caption from provider
figlib/HPWREN-FIgLib/20190728_FIRE_sp-n-mobo-c/1564342766_-02340.jpg,firebench_q028,caption_failed,empty caption from provider,6,inserted_degraded,empty caption from provider
figlib/HPWREN-FIgLib/20170613_FIRE_bh-w-mobo-c/1497383296_-01800.jpg,firebench_q028,caption_failed,empty caption from provider,6,inserted_degraded,empty caption from provider
figlib/HPWREN-FIgLib/20190925_FIRE_wc-s-mobo-c/1569442882_2B00480.jpg,firebench_q028,caption_failed,empty caption from provider,6,inserted_degraded,empty caption from provider
figlib/HPWREN-FIgLib/20200813_SkylineFire_sp-n-mobo-c/1597356686_2B00600.jpg,firebench_q028,caption_failed,empty caption from provider,6,inserted_degraded,empty caption from provider
figlib/HPWREN-FIgLib/20240902_GabrielFire_wilson-e-mobo-c/1725318592_2B01559.jpg,firebench_q028,caption_failed,empty caption from provider,6,inserted_degraded,empty caption from provider
wildfire/The-Wildfire-Dataset/fire/43188959405_96cb576c77_o.jpg,firebench_q025,caption_failed,empty caption from provider,6,inserted_degraded,empty caption from provider
figlib/HPWREN-FIgLib/20180719_Skyline_sp-n-mobo-c/1532041646_2B01980.jpg,firebench_q028,caption_failed,empty caption from provider,6,inserted_degraded,empty caption from provider
figlib/HPWREN-FIgLib/20210204_FIRE_tp-s-mobo-c/1612463593_-02160.jpg,firebench_q028,caption_failed,empty caption from provider,6,inserted_degraded,empty caption from provider
figlib/HPWREN-FIgLib/20180504_FIRE_bh-n-mobo-c/1525471090_2B00660.jpg,firebench_q028,caption_failed,empty caption from provider,6,inserted_degraded,empty caption from provider
figlib/HPWREN-FIgLib/20180727_FIRE_mg-w-mobo-c/1532726320_2B02160.jpg,firebench_q028,caption_failed,empty caption from provider,6,inserted_degraded,empty caption from provider
figlib/HPWREN-FIgLib/20191006_FIRE_om-n-mobo-c/1570382855_-01320.jpg,firebench_q028,caption_failed,empty caption from provider,6,inserted_degraded,empty caption from provider
figlib/HPWREN-FIgLib/20241108_Pasqual4Fire_wc-n-mobo-c/1731097672_-00661.jpg,firebench_q028,caption_failed,empty caption from provider,6,inserted_degraded,empty caption from provider
figlib/HPWREN-FIgLib/20191001_FIRE_bh-w-mobo-c/1569961216_-01140.jpg,firebench_q028,caption_failed,empty caption from provider,6,inserted_degraded,empty caption from provider
figlib/HPWREN-FIgLib/20200521_FIRE_om-s-mobo-c/1590081579_2B02340.jpg,firebench_q028,caption_failed,empty caption from provider,6,inserted_degraded,empty caption from provider
figlib/HPWREN-FIgLib/20240806_Border68FireMayBeHardToFind_om-w-mobo-c/1722935398_2B01621.jpg,firebench_q029,caption_failed,empty caption from provider,6,inserted_degraded,empty caption from provider
figlib/HPWREN-FIgLib/20201223_Creekfire_bh-w-mobo-c/1608791236_-02100.jpg,firebench_q029,caption_failed,empty caption from provider,6,inserted_degraded,empty caption from provider
figlib/HPWREN-FIgLib/20240806_Border68FireMayBeHardToFind_om-w-mobo-m/1722933538_2B02101.jpg,firebench_q029,caption_failed,empty caption from provider,6,inserted_degraded,empty caption from provider
figlib/HPWREN-FIgLib/20240806_Border68FireMayBeHardToFind_om-w-mobo-m/1722931857_2B00420.jpg,firebench_q029,caption_failed,empty caption from provider,6,inserted_degraded,empty caption from provider
figlib/HPWREN-FIgLib/20201223_Creekfire_bh-w-mobo-c/1608792076_-01260.jpg,firebench_q029,caption_failed,empty caption from provider,6,inserted_degraded,empty caption from provider
figlib/HPWREN-FIgLib/20201202_BondFire-nightime_sp-w-mobo-c/1606978232_2B01860.jpg,firebench_q029,caption_failed,empty caption from provider,6,inserted_degraded,empty caption from provider
figlib/HPWREN-FIgLib/20201202_BondFire-nightime_sp-w-mobo-c/1606974992_-01380.jpg,firebench_q029,caption_failed,empty caption from provider,6,inserted_degraded,empty caption from provider
figlib/HPWREN-FIgLib/20201003_structurefire_bh-w-mobo-c/1601718016_-00240.jpg,firebench_q029,caption_failed,empty caption from provider,6,inserted_degraded,empty caption from provider
figlib/HPWREN-FIgLib/20191030_CopperCanyon_om-s-mobo-m/1572499180_2B01440.jpg,firebench_q029,caption_failed,empty caption from provider,6,inserted_degraded,empty caption from provider
figlib/HPWREN-FIgLib/20201202_WillowFire-nightime-near-CDF-HQ_lp-w-mobo-c/1606974367_-01264.jpg,firebench_q029,caption_failed,empty caption from provider,6,inserted_degraded,empty caption from provider
figlib/HPWREN-FIgLib/20201202_BondFire-nightime_sp-w-mobo-c/1606977812_2B01440.jpg,firebench_q029,caption_failed,empty caption from provider,6,inserted_degraded,empty caption from provider
figlib/HPWREN-FIgLib/20250107_EatonFire_wilson-s-mobo-c/1736301475_-01804.jpg,firebench_q029,caption_failed,empty caption from provider,6,inserted_degraded,empty caption from provider
figlib/HPWREN-FIgLib/20240806_Border68FireMayBeHardToFind_om-w-mobo-c/1722932337_-01440.jpg,firebench_q029,caption_failed,empty caption from provider,6,inserted_degraded,empty caption from provider
figlib/HPWREN-FIgLib/20191030_CopperCanyon_om-s-mobo-m/1572496840_-00900.jpg,firebench_q029,caption_failed,empty caption from provider,6,inserted_degraded,empty caption from provider
sage/W097/imagesampler-mobotix-2727/sage-imagesampler-mobotix-0.3.7/000048b02dd3c427/1765352264528786853-sample.jpg,firebench_q028,caption_failed,empty caption from provider,6,inserted_degraded,empty caption from provider
figlib/HPWREN-FIgLib/20250123_Border2Fire_om-w-mobo-m/1737623157_2B01199.jpg,firebench_q029,caption_failed,empty caption from provider,6,inserted_degraded,empty caption from provider
wildfire/The-Wildfire-Dataset/fire/28431975197_d6415bdce5_o.jpg,firebench_q027,caption_failed,empty caption from provider,6,inserted_degraded,empty caption from provider
figlib/HPWREN-FIgLib/20201003_structurefire_bh-w-mobo-c/1601717296_-00960.jpg,firebench_q029,caption_failed,empty caption from provider,6,inserted_degraded,empty caption from provider
figlib/HPWREN-FIgLib/20201003_structurefire_bh-w-mobo-c/1601719996_2B01740.jpg,firebench_q029,caption_failed,empty caption from provider,6,inserted_degraded,empty caption from provider
figlib/HPWREN-FIgLib/20201003_structurefire_bh-w-mobo-c/1601719576_2B01320.jpg,firebench_q029,caption_failed,empty caption from provider,6,inserted_degraded,empty caption from provider
figlib/HPWREN-FIgLib/20201105_Roundfire_lp-s-mobo-c/1604616545_2B01740.jpg,firebench_q029,caption_failed,empty caption from provider,6,inserted_degraded,empty caption from provider
figlib/HPWREN-FIgLib/20200712_USSBonhommeRichard_sm-w-mobo-c/1594571313_-01320.jpg,firebench_q029,caption_failed,empty caption from provider,6,inserted_degraded,empty caption from provider
wildfire/The-Wildfire-Dataset/fire/36204004331_9d7b73eae8_o.jpg,firebench_q026,caption_failed,empty caption from provider,6,inserted_degraded,empty caption from provider
figlib/HPWREN-FIgLib/20160619_FIRE_om-e-mobo-c/1466357497_-01860.jpg,firebench_q030,caption_failed,empty caption from provider,6,inserted_degraded,empty caption from provider
figlib/HPWREN-FIgLib/20160619_FIRE_om-e-mobo-c/1466358877_-00480.jpg,firebench_q030,caption_failed,empty caption from provider,6,inserted_degraded,empty caption from provider
figlib/HPWREN-FIgLib/20240908_RiceFire_rm-e-mobo-c/1725848286_-00360.jpg,firebench_q029,caption_failed,empty caption from provider,6,inserted_degraded,empty caption from provider
figlib/HPWREN-FIgLib/20250823_Clubfire_starr-n-mobo-c/1755963754_-01081.jpg,firebench_q029,caption_failed,empty caption from provider,6,inserted_degraded,empty caption from provider
figlib/HPWREN-FIgLib/20240616_BuckmanFire_pi-s-mobo-c/1718563081_-02099.jpg,firebench_q030,caption_failed,empty caption from provider,6,inserted_degraded,empty caption from provider
figlib/HPWREN-FIgLib/20240909_BridgeFire_starr-n-mobo-c/1725910412_-01800.jpg,firebench_q030,caption_failed,empty caption from provider,6,inserted_degraded,empty caption from provider
figlib/HPWREN-FIgLib/20160604_FIRE_rm-n-mobo-c/1465064280_-01320.jpg,firebench_q030,caption_failed,empty caption from provider,6,inserted_degraded,empty caption from provider
wildfire/The-Wildfire-Dataset/fire/42885999045_e2eb372c54_o.jpg,firebench_q027,caption_failed,empty caption from provider,6,inserted_degraded,empty caption from provider
wildfire/The-Wildfire-Dataset/fire/42582899664_cca07c91b8_o.jpg,firebench_q027,caption_failed,empty caption from provider,6,inserted_degraded,empty caption from provider
figlib/HPWREN-FIgLib/20180720_Cinnamon_wc-e-mobo-c/1532116520_-00720.jpg,firebench_q030,caption_failed,empty caption from provider,6,inserted_degraded,empty caption from provider
figlib/HPWREN-FIgLib/20240721_EagleFire_stgo-n-mobo-c/1721546855_-00808.jpg,firebench_q029,caption_failed,empty caption from provider,6,inserted_degraded,empty caption from provider
figlib/HPWREN-FIgLib/20180726_FIRE_so-w-mobo-c/1532624063_2B00660.jpg,firebench_q030,caption_failed,empty caption from provider,6,inserted_degraded,empty caption from provider
figlib/HPWREN-FIgLib/20170711_FIRE_bm-s-mobo-c/1499786857_-00540.jpg,firebench_q030,caption_failed,empty caption from provider,6,inserted_degraded,empty caption from provider
figlib/HPWREN-FIgLib/20160619_FIRE_pi-s-mobo-c/1466358427_-01140.jpg,firebench_q030,caption_failed,empty caption from provider,6,inserted_degraded,empty caption from provider
figlib/HPWREN-FIgLib/20180612_FIRE_smer-tcs9-mobo-c/1528840197_-00960.jpg,firebench_q030,caption_failed,empty caption from provider,6,inserted_degraded,empty caption from provider
figlib/HPWREN-FIgLib/20170520_FIRE_pi-s-mobo-c/1495303147_2B01320.jpg,firebench_q030,caption_failed,empty caption from provider,6,inserted_degraded,empty caption from provider
figlib/HPWREN-FIgLib/20160619_FIRE_pi-s-mobo-c/1466359087_-00480.jpg,firebench_q030,caption_failed,empty caption from provider,6,inserted_degraded,empty caption from provider
wildfire/The-Wildfire-Dataset/fire/9573551152_f21299aed8_o.jpg,firebench_q029,caption_failed,empty caption from provider,6,inserted_degraded,empty caption from provider
wildfire/The-Wildfire-Dataset/fire/51829087853_36bd588ba8_o.jpg,firebench_q030,caption_failed,empty caption from provider,6,inserted_degraded,empty caption from provider
wildfire/The-Wildfire-Dataset/nofire/ryan-mcmahon-Dmp7MITnr0s-unsplash.jpg,firebench_q028,caption_failed,empty caption from provider,6,inserted_degraded,empty caption from provider
figlib/HPWREN-FIgLib/20190829_FIRE_smer-tcs8-mobo-c/1567097216_-01321.jpg,firebench_q030,caption_failed,empty caption from provider,6,inserted_degraded,empty caption from provider
figlib/HPWREN-FIgLib/20170713_FIRE_smer-tcs8-mobo-c/1499982775_2B01740.jpg,firebench_q030,caption_failed,empty caption from provider,6,inserted_degraded,empty caption from provider
figlib/HPWREN-FIgLib/20240909_BridgeFire_starr-n-mobo-c/1725912392_2B00180.jpg,firebench_q030,caption_failed,empty caption from provider,6,inserted_degraded,empty caption from provider
figlib/HPWREN-FIgLib/20180726_FIRE_so-w-mobo-c/1532622983_-00420.jpg,firebench_q030,caption_failed,empty caption from provider,6,inserted_degraded,empty caption from provider
figlib/HPWREN-FIgLib/20170722_FIRE_so-s-mobo-c/1500759861_-01380.jpg,firebench_q030,caption_failed,empty caption from provider,6,inserted_degraded,empty caption from provider
figlib/HPWREN-FIgLib/20240909_BridgeFire_marconi-n-mobo-c/1725912578_-00780.jpg,firebench_q030,caption_failed,empty caption from provider,6,inserted_degraded,empty caption from provider
figlib/HPWREN-FIgLib/20180726_FIRE_so-w-mobo-c/1532625443_2B02040.jpg,firebench_q030,caption_failed,empty caption from provider,6,inserted_degraded,empty caption from provider
figlib/HPWREN-FIgLib/20180910_FIRE_smer-tcs8-mobo-c/1536612415_2B02340.jpg,firebench_q030,caption_failed,empty caption from provider,6,inserted_degraded,empty caption from provider
wildfire/The-Wildfire-Dataset/fire/28431975197_d6415bdce5_o.jpg,firebench_q028,caption_failed,empty caption from provider,6,inserted_degraded,empty caption from provider
figlib/HPWREN-FIgLib/20241031_MontezumaFire_sm-w-mobo-c/1730408664_2B01800.jpg,firebench_q031,caption_failed,empty caption from provider,6,inserted_degraded,empty caption from provider
figlib/HPWREN-FIgLib/20241031_MontezumaFire_sm-w-mobo-c/1730408905_2B02041.jpg,firebench_q031,caption_failed,empty caption from provider,6,inserted_degraded,empty caption from provider
figlib/HPWREN-FIgLib/20190620_FIRE_smer-tcs9-mobo-c/1561063197_-02400.jpg,firebench_q030,caption_failed,empty caption from provider,6,inserted_degraded,empty caption from provider
figlib/HPWREN-FIgLib/20190826_FIRE_smer-tcs9-mobo-c/1566847617_-01500.jpg,firebench_q030,caption_failed,empty caption from provider,6,inserted_degraded,empty caption from provider
wildfire/The-Wildfire-Dataset/nofire/jose-alejandro-cuffia-6NCtJnNpcpA-unsplash.jpg,firebench_q029,caption_failed,empty caption from provider,6,inserted_degraded,empty caption from provider
sage/W097/imagesampler-bottom-2726/sage-imagesampler-bottom-0.3.7/000048b02dd3c427/1765393804796150122-sample.jpg,firebench_q031,caption_failed,empty caption from provider,6,inserted_degraded,empty caption from provider
figlib/HPWREN-FIgLib/20180706_West_lp-n-mobo-c/1530903841_2B02160.jpg,firebench_q031,caption_failed,empty caption from provider,6,inserted_degraded,empty caption from provider
figlib/HPWREN-FIgLib/20250905_LodgeFire_sm-n-mobo-c/1757106741_2B01020.jpg,firebench_q031,caption_failed,empty caption from provider,6,inserted_degraded,empty caption from provider
figlib/HPWREN-FIgLib/20170711_FIRE_sm-n-mobo-c/1499808687_2B02220.jpg,firebench_q031,caption_failed,empty caption from provider,6,inserted_degraded,empty caption from provider
figlib/HPWREN-FIgLib/20160604_FIRE_rm-n-mobo-c/1465066500_2B00900.jpg,firebench_q031,caption_failed,empty caption from provider,6,inserted_degraded,empty caption from provider
wildfire/The-Wildfire-Dataset/fire/9573562938_bd50b7584a_o.jpg,firebench_q030,caption_failed,empty caption from provider,6,inserted_degraded,empty caption from provider
figlib/HPWREN-FIgLib/20180706_West_lp-n-mobo-c/1530903241_2B01560.jpg,firebench_q031,caption_failed,empty caption from provider,6,inserted_degraded,empty caption from provider
wildfire/The-Wildfire-Dataset/fire/49785368728_0babc970df_o.jpg,firebench_q029,caption_failed,empty caption from provider,6,inserted_degraded,empty caption from provider
figlib/HPWREN-FIgLib/20170722_FIRE_hp-e-mobo-c/1500762207_2B00960.jpg,firebench_q031,caption_failed,empty caption from provider,6,inserted_degraded,empty caption from provider
wildfire/The-Wildfire-Dataset/fire/35943850740_63e2d0c036_o.jpg,firebench_q028,caption_failed,empty caption from provider,6,inserted_degraded,empty caption from provider
wildfire/The-Wildfire-Dataset/fire/50230975677_c9cf065951_o.jpg,firebench_q027,caption_failed,empty caption from provider,6,inserted_degraded,empty caption from provider
figlib/HPWREN-FIgLib/20201208_FIRE_om-s-mobo-c/1607463219_-02100.jpg,firebench_q031,caption_failed,empty caption from provider,6,inserted_degraded,empty caption from provider
sage/W097/imagesampler-mobotix-2727/sage-imagesampler-mobotix-0.3.7/000048b02dd3c427/1765403014140476383-sample.jpg,firebench_q031,caption_failed,empty caption from provider,6,inserted_degraded,empty caption from provider
wildfire/The-Wildfire-Dataset/fire/21114883420_0cf47eb43a_o.jpg,firebench_q030,caption_failed,empty caption from provider,6,inserted_degraded,empty caption from provider
sage/W097/imagesampler-mobotix-2727/sage-imagesampler-mobotix-0.3.7/000048b02dd3c427/1765397134426602292-sample.jpg,firebench_q031,caption_failed,empty caption from provider,6,inserted_degraded,empty caption from provider
figlib/HPWREN-FIgLib/20240701_McCainfire_ws-e-mobo-c/1719875699_2B02400.jpg,firebench_q031,caption_failed,empty caption from provider,6,inserted_degraded,empty caption from provider
figlib/HPWREN-FIgLib/20200905_ValleyFire_sm-e-mobo-c/1599342809_2B01440.jpg,firebench_q031,caption_failed,empty caption from provider,6,inserted_degraded,empty caption from provider
sage/W097/imagesampler-mobotix-2727/sage-imagesampler-mobotix-0.3.7/000048b02dd3c427/1765391884014415569-sample.jpg,firebench_q031,caption_failed,empty caption from provider,6,inserted_degraded,empty caption from provider
sage/W097/imagesampler-mobotix-2727/sage-imagesampler-mobotix-0.3.7/000048b02dd3c427/1765389714387674870-sample.jpg,firebench_q031,caption_failed,empty caption from provider,6,inserted_degraded,empty caption from provider
sage/W097/imagesampler-mobotix-2727/sage-imagesampler-mobotix-0.3.7/000048b02dd3c427/1765394894012478648-sample.jpg,firebench_q031,caption_failed,empty caption from provider,6,inserted_degraded,empty caption from provider
figlib/HPWREN-FIgLib/20250101_Fire_dwpgm-s-mobo-c/1735719272_2B00179.jpg,firebench_q032,caption_failed,empty caption from provider,6,inserted_degraded,empty caption from provider
sage/W097/imagesampler-mobotix-2727/sage-imagesampler-mobotix-0.3.7/000048b02dd3c427/1765421354291464733-sample.jpg,firebench_q031,caption_failed,empty caption from provider,6,inserted_degraded,empty caption from provider
figlib/HPWREN-FIgLib/20191001_FIRE_smer-tcs9-mobo-c/1569954477_2B01560.jpg,firebench_q031,caption_failed,empty caption from provider,6,inserted_degraded,empty caption from provider
figlib/HPWREN-FIgLib/20200521_VEGMGMT_wc-e-mobo-c/1590082400_2B01440.jpg,firebench_q031,caption_failed,empty caption from provider,6,inserted_degraded,empty caption from provider
figlib/HPWREN-FIgLib/20240907_ChurchFire_ws-w-mobo-c/1725732901_-00900.jpg,firebench_q031,caption_failed,empty caption from provider,6,inserted_degraded,empty caption from provider
figlib/HPWREN-FIgLib/20201202_BondFire-nightime_sp-w-mobo-c/1606976012_-00360.jpg,firebench_q032,caption_failed,empty caption from provider,6,inserted_degraded,empty caption from provider
figlib/HPWREN-FIgLib/20201003_structurefire_bh-w-mobo-c/1601718016_-00240.jpg,firebench_q032,caption_failed,empty caption from provider,6,inserted_degraded,empty caption from provider
figlib/HPWREN-FIgLib/20200521_FIRE_om-s-mobo-c/1590081519_2B02280.jpg,firebench_q032,caption_failed,empty caption from provider,6,inserted_degraded,empty caption from provider
figlib/HPWREN-FIgLib/20200727_Border11Fire_lp-s-mobo-m/1595908386_2B01680.jpg,firebench_q032,caption_failed,empty caption from provider,6,inserted_degraded,empty caption from provider
sage/W097/imagesampler-mobotix-2727/sage-imagesampler-mobotix-0.3.7/000048b02dd3c427/1765393914636215467-sample.jpg,firebench_q031,caption_failed,empty caption from provider,6,inserted_degraded,empty caption from provider
figlib/HPWREN-FIgLib/20201202_BondFire-nightime_sp-w-mobo-c/1606976432_2B00060.jpg,firebench_q032,caption_failed,empty caption from provider,6,inserted_degraded,empty caption from provider
figlib/HPWREN-FIgLib/20201202_BondFire-nightime_sp-w-mobo-c/1606974212_-02160.jpg,firebench_q032,caption_failed,empty caption from provider,6,inserted_degraded,empty caption from provider
figlib/HPWREN-FIgLib/20201003_structurefire_bh-w-mobo-c/1601719576_2B01320.jpg,firebench_q032,caption_failed,empty caption from provider,6,inserted_degraded,empty caption from provider
figlib/HPWREN-FIgLib/20201206_JEEP-ON-FIRE_om-w-mobo-c/1607246441_-01680.jpg,firebench_q032,caption_failed,empty caption from provider,6,inserted_degraded,empty caption from provider
figlib/HPWREN-FIgLib/20180603_FIRE_rm-w-mobo-c/1528056966_-00360.jpg,firebench_q033,caption_failed,empty caption from provider,6,inserted_degraded,empty caption from provider
figlib/HPWREN-FIgLib/20201202_WillowFire-nightime-near-CDF-HQ_lp-w-mobo-c/1606977187_2B01556.jpg,firebench_q032,caption_failed,empty caption from provider,6,inserted_degraded,empty caption from provider
figlib/HPWREN-FIgLib/20170520_FIRE_pi-s-mobo-c/1495303147_2B01320.jpg,firebench_q033,caption_failed,empty caption from provider,6,inserted_degraded,empty caption from provider
sage/W097/imagesampler-mobotix-2727/sage-imagesampler-mobotix-0.3.7/000048b02dd3c427/1765383764133589872-sample.jpg,firebench_q031,caption_failed,empty caption from provider,6,inserted_degraded,empty caption from provider
figlib/HPWREN-FIgLib/20180504_FIRE_rm-n-mobo-c/1525468740_-01380.jpg,firebench_q033,caption_failed,empty caption from provider,6,inserted_degraded,empty caption from provider
figlib/HPWREN-FIgLib/20250709_SteeleFire_sm-n-mobo-c/1752094943_2B00541.jpg,firebench_q033,caption_failed,empty caption from provider,6,inserted_degraded,empty caption from provider
figlib/HPWREN-FIgLib/20170520_FIRE_pi-s-mobo-c/1495304047_2B02220.jpg,firebench_q033,caption_failed,empty caption from provider,6,inserted_degraded,empty caption from provider
figlib/HPWREN-FIgLib/20201206_JEEP-ON-FIRE_om-w-mobo-c/1607247583_-00538.jpg,firebench_q032,caption_failed,empty caption from provider,6,inserted_degraded,empty caption from provider
wildfire/The-Wildfire-Dataset/nofire/julian-gruneberg-DupkgRi63ns-unsplash.jpg,firebench_q031,caption_failed,empty caption from provider,6,inserted_degraded,empty caption from provider
figlib/HPWREN-FIgLib/20181112_house_wc-n-mobo-c/1542056958_2B00120.jpg,firebench_q033,caption_failed,empty caption from provider,6,inserted_degraded,empty caption from provider
figlib/HPWREN-FIgLib/20191005_FIRE_wc-e-mobo-c/1570312040_2B01739.jpg,firebench_q033,caption_failed,empty caption from provider,6,inserted_degraded,empty caption from provider
figlib/HPWREN-FIgLib/20190717_FIRE_lp-n-mobo-c/1563401941_-01740.jpg,firebench_q033,caption_failed,empty caption from provider,6,inserted_degraded,empty caption from provider
figlib/HPWREN-FIgLib/20201216_ChaparralFire_om-n-mobo-c/1608154655_2B00180.jpg,firebench_q033,caption_failed,empty caption from provider,6,inserted_degraded,empty caption from provider
figlib/HPWREN-FIgLib/20180706_West_lp-n-mobo-c/1530900901_-00780.jpg,firebench_q033,caption_failed,empty caption from provider,6,inserted_degraded,empty caption from provider
figlib/HPWREN-FIgLib/20180602_Alison_sp-s-mobo-c/1527972390_2B02400.jpg,firebench_q033,caption_failed,empty caption from provider,6,inserted_degraded,empty caption from provider
figlib/HPWREN-FIgLib/20190813_Topanga_69bravo-n-mobo/1565729622_-01620.jpg,firebench_q033,caption_failed,empty caption from provider,6,inserted_degraded,empty caption from provider
figlib/HPWREN-FIgLib/20180614_Hope_wc-e-mobo-c/1528998920_-02040.jpg,firebench_q033,caption_failed,empty caption from provider,6,inserted_degraded,empty caption from provider
figlib/HPWREN-FIgLib/20240616_BuckmanFire_pi-s-mobo-c/1718563081_-02099.jpg,firebench_q033,caption_failed,empty caption from provider,6,inserted_degraded,empty caption from provider
wildfire/The-Wildfire-Dataset/nofire/justin-kauffman-AXnzRL3fc44-unsplash (1).jpg,firebench_q031,caption_failed,empty caption from provider,6,inserted_degraded,empty caption from provider
figlib/HPWREN-FIgLib/20191001_FIRE_rm-w-mobo-c/1569953887_-01859.jpg,firebench_q033,caption_failed,empty caption from provider,6,inserted_degraded,empty caption from provider
figlib/HPWREN-FIgLib/20160619_FIRE_pi-s-mobo-c/1466358427_-01140.jpg,firebench_q033,caption_failed,empty caption from provider,6,inserted_degraded,empty caption from provider
wildfire/The-Wildfire-Dataset/nofire/harry-jaschhof-E3OGWdm6C_g-unsplash.jpg,firebench_q029,caption_failed,empty caption from provider,6,inserted_degraded,empty caption from provider
wildfire/The-Wildfire-Dataset/nofire/ross-sokolovski-cWu504_3z7A-unsplash.jpg,firebench_q031,caption_failed,empty caption from provider,6,inserted_degraded,empty caption from provider
figlib/HPWREN-FIgLib/20180603_FIRE_bl-s-mobo-c/1528065353_-02040.jpg,firebench_q033,caption_failed,empty caption from provider,6,inserted_degraded,empty caption from provider
figlib/HPWREN-FIgLib/20180602_Alison_sp-s-mobo-c/1527969450_-00540.jpg,firebench_q033,caption_failed,empty caption from provider,6,inserted_degraded,empty caption from provider
figlib/HPWREN-FIgLib/20240701_Kitchenfire_ws-w-mobo-c/1719854279_-00902.jpg,firebench_q033,caption_failed,empty caption from provider,6,inserted_degraded,empty caption from provider
figlib/HPWREN-FIgLib/20190924_FIRE_lp-n-mobo-c/1569361504_-00657.jpg,firebench_q033,caption_failed,empty caption from provider,6,inserted_degraded,empty caption from provider
figlib/HPWREN-FIgLib/20241007_Posta3Fire_ws-w-mobo-c/1728335821_-00840.jpg,firebench_q033,caption_failed,empty caption from provider,6,inserted_degraded,empty caption from provider
figlib/HPWREN-FIgLib/20190826_FIRE_rm-w-mobo-c/1566851226_2B02337.jpg,firebench_q033,caption_failed,empty caption from provider,6,inserted_degraded,empty caption from provider
figlib/HPWREN-FIgLib/20180603_FIRE_bl-s-mobo-c/1528065413_-01980.jpg,firebench_q033,caption_failed,empty caption from provider,6,inserted_degraded,empty caption from provider
wildfire/The-Wildfire-Dataset/fire/53080010438_c3b6973476_o.jpg,firebench_q032,caption_failed,empty caption from provider,6,inserted_degraded,empty caption from provider
figlib/HPWREN-FIgLib/20191003_FIRE_om-s-mobo-c/1570142499_2B00058.jpg,firebench_q033,caption_failed,empty caption from provider,6,inserted_degraded,empty caption from provider
figlib/HPWREN-FIgLib/20180602_Alison_sp-w-mobo-c/1527967772_-02220.jpg,firebench_q033,caption_failed,empty caption from provider,6,inserted_degraded,empty caption from provider
figlib/HPWREN-FIgLib/20190829_FIRE_smer-tcs8-mobo-c/1567097216_-01321.jpg,firebench_q033,caption_failed,empty caption from provider,6,inserted_degraded,empty caption from provider
figlib/HPWREN-FIgLib/20210302_FIRE_lp-e-mobo-m/1614679739_2B00180.jpg,firebench_q033,caption_failed,empty caption from provider,6,inserted_degraded,empty caption from provider
figlib/HPWREN-FIgLib/20180603_FIRE_rm-w-mobo-c/1528056966_-00360.jpg,firebench_q034,caption_failed,empty caption from provider,6,inserted_degraded,empty caption from provider
figlib/HPWREN-FIgLib/20250905_LodgeFire_sm-n-mobo-c/1757105181_-00540.jpg,firebench_q034,caption_failed,empty caption from provider,6,inserted_degraded,empty caption from provider
figlib/HPWREN-FIgLib/20180720_Cinnamon_wc-e-mobo-c/1532116520_-00720.jpg,firebench_q033,caption_failed,empty caption from provider,6,inserted_degraded,empty caption from provider
figlib/HPWREN-FIgLib/20180706_West_lp-n-mobo-c/1530901621_-00060.jpg,firebench_q033,caption_failed,empty caption from provider,6,inserted_degraded,empty caption from provider
figlib/HPWREN-FIgLib/20201216_ChaparralFire_om-n-mobo-c/1608154655_2B00180.jpg,firebench_q034,caption_failed,empty caption from provider,6,inserted_degraded,empty caption from provider
figlib/HPWREN-FIgLib/20190805_FIRE_sp-e-mobo-c/1565040508_2B00300.jpg,firebench_q034,caption_failed,empty caption from provider,6,inserted_degraded,empty caption from provider
wildfire/The-Wildfire-Dataset/fire/frederick-bartels-cwWCXWKoUgU-unsplash.jpg,firebench_q031,caption_failed,empty caption from provider,6,inserted_degraded,empty caption from provider
figlib/HPWREN-FIgLib/20190924_FIRE_wc-e-mobo-c/1569360560_-01800.jpg,firebench_q033,caption_failed,empty caption from provider,6,inserted_degraded,empty caption from provider
figlib/HPWREN-FIgLib/20170520_FIRE_pi-s-mobo-c/1495303147_2B01320.jpg,firebench_q034,caption_failed,empty caption from provider,6,inserted_degraded,empty caption from provider
figlib/HPWREN-FIgLib/20250709_SteeleFire_sm-n-mobo-c/1752094943_2B00541.jpg,firebench_q034,caption_failed,empty caption from provider,6,inserted_degraded,empty caption from provider
figlib/HPWREN-FIgLib/20190728_FIRE_om-n-mobo-c/1564359995_-02400.jpg,firebench_q034,caption_failed,empty caption from provider,6,inserted_degraded,empty caption from provider
figlib/HPWREN-FIgLib/20180602_Alison_sp-s-mobo-c/1527972390_2B02400.jpg,firebench_q034,caption_failed,empty caption from provider,6,inserted_degraded,empty caption from provider
figlib/HPWREN-FIgLib/20171026_FIRE_rm-n-mobo-c/1509045240_-00960.jpg,firebench_q034,caption_failed,empty caption from provider,6,inserted_degraded,empty caption from provider
figlib/HPWREN-FIgLib/20180602_Alison_sp-w-mobo-c/1527967772_-02220.jpg,firebench_q034,caption_failed,empty caption from provider,6,inserted_degraded,empty caption from provider
figlib/HPWREN-FIgLib/20170722_FIRE_so-s-mobo-c/1500758961_-02280.jpg,firebench_q034,caption_failed,empty caption from provider,6,inserted_degraded,empty caption from provider
wildfire/The-Wildfire-Dataset/nofire/kristaps-ungurs-BAvDjy8cmAM-unsplash.jpg,firebench_q031,caption_failed,empty caption from provider,6,inserted_degraded,empty caption from provider
wildfire/The-Wildfire-Dataset/fire/37325120996_c0c698ae0f_o.jpg,firebench_q033,caption_failed,empty caption from provider,6,inserted_degraded,empty caption from provider
figlib/HPWREN-FIgLib/20170520_FIRE_pi-s-mobo-c/1495304047_2B02220.jpg,firebench_q034,caption_failed,empty caption from provider,6,inserted_degraded,empty caption from provider
figlib/HPWREN-FIgLib/20180726_FIRE_so-w-mobo-c/1532625443_2B02040.jpg,firebench_q034,caption_failed,empty caption from provider,6,inserted_degraded,empty caption from provider
figlib/HPWREN-FIgLib/20240616_BuckmanFire_pi-s-mobo-c/1718563081_-02099.jpg,firebench_q034,caption_failed,empty caption from provider,6,inserted_degraded,empty caption from provider
figlib/HPWREN-FIgLib/20190717_FIRE_lp-n-mobo-c/1563401941_-01740.jpg,firebench_q034,caption_failed,empty caption from provider,6,inserted_degraded,empty caption from provider
wildfire/The-Wildfire-Dataset/fire/35666721801_35f05dbd5f_o.jpg,firebench_q032,caption_failed,empty caption from provider,6,inserted_degraded,empty caption from provider
figlib/HPWREN-FIgLib/20181112_house_wc-n-mobo-c/1542056958_2B00120.jpg,firebench_q034,caption_failed,empty caption from provider,6,inserted_degraded,empty caption from provider
figlib/HPWREN-FIgLib/20180706_West_lp-n-mobo-c/1530900901_-00780.jpg,firebench_q034,caption_failed,empty caption from provider,6,inserted_degraded,empty caption from provider
figlib/HPWREN-FIgLib/20180614_Hope_wc-e-mobo-c/1528998920_-02040.jpg,firebench_q034,caption_failed,empty caption from provider,6,inserted_degraded,empty caption from provider
figlib/HPWREN-FIgLib/20191001_FIRE_rm-w-mobo-c/1569953887_-01859.jpg,firebench_q034,caption_failed,empty caption from provider,6,inserted_degraded,empty caption from provider
figlib/HPWREN-FIgLib/20180723_FIRE_tp-e-mobo-c/1532380811_-02280.jpg,firebench_q034,caption_failed,empty caption from provider,6,inserted_degraded,empty caption from provider
figlib/HPWREN-FIgLib/20190813_Topanga_69bravo-n-mobo/1565729622_-01620.jpg,firebench_q034,caption_failed,empty caption from provider,6,inserted_degraded,empty caption from provider
figlib/HPWREN-FIgLib/20180706_West_lp-n-mobo-c/1530901621_-00060.jpg,firebench_q034,caption_failed,empty caption from provider,6,inserted_degraded,empty caption from provider
figlib/HPWREN-FIgLib/20170711_FIRE_bm-s-mobo-c/1499787937_2B00540.jpg,firebench_q034,caption_failed,empty caption from provider,6,inserted_degraded,empty caption from provider
figlib/HPWREN-FIgLib/20190924_FIRE_lp-n-mobo-c/1569361504_-00657.jpg,firebench_q034,caption_failed,empty caption from provider,6,inserted_degraded,empty caption from provider
figlib/HPWREN-FIgLib/20200611_skyline_lp-n-mobo-c/1591899241_-01320.jpg,firebench_q034,caption_failed,empty caption from provider,6,inserted_degraded,empty caption from provider
figlib/HPWREN-FIgLib/20190717_FIRE_lp-n-mobo-c/1563402121_-01560.jpg,firebench_q034,caption_failed,empty caption from provider,6,inserted_degraded,empty caption from provider
figlib/HPWREN-FIgLib/20200521_FIRE_om-s-mobo-c/1590081579_2B02340.jpg,firebench_q035,caption_failed,empty caption from provider,6,inserted_degraded,empty caption from provider
figlib/HPWREN-FIgLib/20240616_BuckmanFire_pi-s-mobo-c/1718567101_2B01921.jpg,firebench_q034,caption_failed,empty caption from provider,6,inserted_degraded,empty caption from provider
figlib/HPWREN-FIgLib/20210302_FIRE_lp-e-mobo-m/1614679739_2B00180.jpg,firebench_q034,caption_failed,empty caption from provider,6,inserted_degraded,empty caption from provider
sage/W097/imagesampler-bottom-2726/sage-imagesampler-bottom-0.3.7/000048b02dd3c427/1764936604953986587-sample.jpg,firebench_q035,caption_failed,empty caption from provider,6,inserted_degraded,empty caption from provider
wildfire/The-Wildfire-Dataset/fire/43188959405_96cb576c77_o.jpg,firebench_q032,caption_failed,empty caption from provider,6,inserted_degraded,empty caption from provider
figlib/HPWREN-FIgLib/20200808_OliveFire_wc-e-mobo-c/1596906800_-01740.jpg,firebench_q035,caption_failed,empty caption from provider,6,inserted_degraded,empty caption from provider
sage/W097/imagesampler-bottom-2726/sage-imagesampler-bottom-0.3.7/000048b02dd3c427/1764943805010253930-sample.jpg,firebench_q035,caption_failed,empty caption from provider,6,inserted_degraded,empty caption from provider
figlib/HPWREN-FIgLib/20190814_Border_lp-s-mobo/1565820005_2B00120.jpg,firebench_q035,caption_failed,empty caption from provider,6,inserted_degraded,empty caption from provider
sage/W097/imagesampler-bottom-2726/sage-imagesampler-bottom-0.3.7/000048b02dd3c427/1764947404544111644-sample.jpg,firebench_q035,caption_failed,empty caption from provider,6,inserted_degraded,empty caption from provider
wildfire/The-Wildfire-Dataset/fire/50380592206_fa0cb90891_o.jpg,firebench_q034,caption_failed,empty caption from provider,6,inserted_degraded,empty caption from provider
sage/W097/imagesampler-bottom-2726/sage-imagesampler-bottom-0.3.7/000048b02dd3c427/1765368605419471762-sample.jpg,firebench_q036,caption_failed,empty caption from provider,6,inserted_degraded,empty caption from provider
sage/W097/imagesampler-mobotix-2727/sage-imagesampler-mobotix-0.3.7/000048b02dd3c427/1765380194484038143-sample.jpg,firebench_q034,caption_failed,empty caption from provider,6,inserted_degraded,empty caption from provider
wildfire/The-Wildfire-Dataset/fire/21195741668_17c1281e9c_o.jpg,firebench_q028,caption_failed,empty caption from provider,6,inserted_degraded,empty caption from provider
sage/W097/imagesampler-mobotix-2727/sage-imagesampler-mobotix-0.3.7/000048b02dd3c427/1765349885148707357-sample.jpg,firebench_q035,caption_failed,empty caption from provider,6,inserted_degraded,empty caption from provider
sage/W097/imagesampler-mobotix-2727/sage-imagesampler-mobotix-0.3.7/000048b02dd3c427/1765364654451773042-sample.jpg,firebench_q034,caption_failed,empty caption from provider,6,inserted_degraded,empty caption from provider
sage/W097/imagesampler-bottom-2726/sage-imagesampler-bottom-0.3.7/000048b02dd3c427/1764918604952842461-sample.jpg,firebench_q036,caption_failed,empty caption from provider,6,inserted_degraded,empty caption from provider
wildfire/The-Wildfire-Dataset/fire/43615020704_0b05413897_o.jpg,firebench_q032,caption_failed,empty caption from provider,6,inserted_degraded,empty caption from provider
sage/W097/imagesampler-mobotix-2727/sage-imagesampler-mobotix-0.3.7/000048b02dd3c427/1765406724219006272-sample.jpg,firebench_q035,caption_failed,empty caption from provider,6,inserted_degraded,empty caption from provider
sage/W097/imagesampler-mobotix-2727/sage-imagesampler-mobotix-0.3.7/000048b02dd3c427/1765385654487386641-sample.jpg,firebench_q036,caption_failed,empty caption from provider,6,inserted_degraded,empty caption from provider
wildfire/The-Wildfire-Dataset/nofire/jp-valery-ytWGK5RPP3E-unsplash.jpg,firebench_q035,caption_failed,empty caption from provider,6,inserted_degraded,empty caption from provider
sage/W097/imagesampler-bottom-2726/sage-imagesampler-bottom-0.3.7/000048b02dd3c427/1765357804953550058-sample.jpg,firebench_q036,caption_failed,empty caption from provider,6,inserted_degraded,empty caption from provider
wildfire/The-Wildfire-Dataset/fire/35532185633_2477844982_o.jpg,firebench_q032,caption_failed,empty caption from provider,6,inserted_degraded,empty caption from provider
wildfire/The-Wildfire-Dataset/fire/37458838600_32e2465813_o.jpg,firebench_q033,caption_failed,empty caption from provider,6,inserted_degraded,empty caption from provider
wildfire/The-Wildfire-Dataset/nofire/hasan-almasi-Fcsdj1fcrac-unsplash.jpg,firebench_q035,caption_failed,empty caption from provider,6,inserted_degraded,empty caption from provider
sage/W097/imagesampler-bottom-2726/sage-imagesampler-bottom-0.3.7/000048b02dd3c427/1765354205217748211-sample.jpg,firebench_q036,caption_failed,empty caption from provider,6,inserted_degraded,empty caption from provider
wildfire/The-Wildfire-Dataset/nofire/jordan-mcqueen-n9iJ_9JvjWI-unsplash.jpg,firebench_q035,caption_failed,empty caption from provider,6,inserted_degraded,empty caption from provider
sage/W097/imagesampler-mobotix-2727/sage-imagesampler-mobotix-0.3.7/000048b02dd3c427/1765361714676147299-sample.jpg,firebench_q036,caption_failed,empty caption from provider,6,inserted_degraded,empty caption from provider
sage/W097/imagesampler-mobotix-2727/sage-imagesampler-mobotix-0.3.7/000048b02dd3c427/1765384394716147184-sample.jpg,firebench_q036,caption_failed,empty caption from provider,6,inserted_degraded,empty caption from provider
sage/W097/imagesampler-mobotix-2727/sage-imagesampler-mobotix-0.3.7/000048b02dd3c427/1765382364204687331-sample.jpg,firebench_q036,caption_failed,empty caption from provider,6,inserted_degraded,empty caption from provider
wildfire/The-Wildfire-Dataset/fire/26943699047_f37536c99a_o.jpg,firebench_q031,caption_failed,empty caption from provider,6,inserted_degraded,empty caption from provider
wildfire/The-Wildfire-Dataset/fire/11875858055_b291d73a36_o.jpg,firebench_q036,caption_failed,empty caption from provider,6,inserted_degraded,empty caption from provider
sage/W097/imagesampler-mobotix-2727/sage-imagesampler-mobotix-0.3.7/000048b02dd3c427/1765360734675947606-sample.jpg,firebench_q036,caption_failed,empty caption from provider,6,inserted_degraded,empty caption from provider
sage/W097/imagesampler-mobotix-2727/sage-imagesampler-mobotix-0.3.7/000048b02dd3c427/1765366404571940718-sample.jpg,firebench_q036,caption_failed,empty caption from provider,6,inserted_degraded,empty caption from provider
sage/W097/imagesampler-mobotix-2727/sage-imagesampler-mobotix-0.3.7/000048b02dd3c427/1765361924431374117-sample.jpg,firebench_q036,caption_failed,empty caption from provider,6,inserted_degraded,empty caption from provider
sage/W097/imagesampler-mobotix-2727/sage-imagesampler-mobotix-0.3.7/000048b02dd3c427/1765384464331839566-sample.jpg,firebench_q036,caption_failed,empty caption from provider,6,inserted_degraded,empty caption from provider
sage/W097/imagesampler-mobotix-2727/sage-imagesampler-mobotix-0.3.7/000048b02dd3c427/1765385024506305121-sample.jpg,firebench_q036,caption_failed,empty caption from provider,6,inserted_degraded,empty caption from provider
figlib/HPWREN-FIgLib/20190829_FIRE_rm-w-mobo-c/1567099086_-01920.jpg,firebench_q036,caption_failed,empty caption from provider,6,inserted_degraded,empty caption from provider
wildfire/The-Wildfire-Dataset/fire/48472397992_74e30b024c_o.jpg,firebench_q036,caption_failed,empty caption from provider,6,inserted_degraded,empty caption from provider
wildfire/The-Wildfire-Dataset/fire/37458838600_32e2465813_o.jpg,firebench_q036,caption_failed,empty caption from provider,6,inserted_degraded,empty caption from provider
figlib/HPWREN-FIgLib/20170711_FIRE_sm-n-mobo-c/1499806407_-00060.jpg,firebench_q036,caption_failed,empty caption from provider,6,inserted_degraded,empty caption from provider
wildfire/The-Wildfire-Dataset/fire/43874926204_2a187404a2_o.jpg,firebench_q034,caption_failed,empty caption from provider,6,inserted_degraded,empty caption from provider
figlib/HPWREN-FIgLib/20170627_FIRE_om-e-mobo-c/1498581277_2B02220.jpg,firebench_q037,caption_failed,empty caption from provider,6,inserted_degraded,empty caption from provider
wildfire/The-Wildfire-Dataset/nofire/8692924621_63ec81cb23_o.jpg,firebench_q035,caption_failed,empty caption from provider,6,inserted_degraded,empty caption from provider
sage/W097/imagesampler-bottom-2726/sage-imagesampler-bottom-0.3.7/000048b02dd3c427/1765429805485173292-sample.jpg,firebench_q037,caption_failed,empty caption from provider,6,inserted_degraded,empty caption from provider
figlib/HPWREN-FIgLib/20191001_FIRE_bh-w-mobo-c/1569963796_2B01440.jpg,firebench_q037,caption_failed,empty caption from provider,6,inserted_degraded,empty caption from provider
sage/W097/imagesampler-mobotix-2727/sage-imagesampler-mobotix-0.3.7/000048b02dd3c427/1765364234719805715-sample.jpg,firebench_q036,caption_failed,empty caption from provider,6,inserted_degraded,empty caption from provider
figlib/HPWREN-FIgLib/20191005_FIRE_vo-n-mobo-c/1570310561_2B00660.jpg,firebench_q037,caption_failed,empty caption from provider,6,inserted_degraded,empty caption from provider
sage/W097/imagesampler-mobotix-2727/sage-imagesampler-mobotix-0.3.7/000048b02dd3c427/1765366754713368357-sample.jpg,firebench_q036,caption_failed,empty caption from provider,6,inserted_degraded,empty caption from provider
sage/W097/imagesampler-mobotix-2727/sage-imagesampler-mobotix-0.3.7/000048b02dd3c427/1765366894070350595-sample.jpg,firebench_q036,caption_failed,empty caption from provider,6,inserted_degraded,empty caption from provider
wildfire/The-Wildfire-Dataset/fire/52530727340_ed07f21da3_o.jpg,firebench_q036,caption_failed,empty caption from provider,6,inserted_degraded,empty caption from provider
sage/W097/imagesampler-mobotix-2727/sage-imagesampler-mobotix-0.3.7/000048b02dd3c427/1765361853859919599-sample.jpg,firebench_q036,caption_failed,empty caption from provider,6,inserted_degraded,empty caption from provider
figlib/HPWREN-FIgLib/20241021_PalomarRidge_hp-s-mobo-c/1729515693_-00242.jpg,firebench_q036,caption_failed,empty caption from provider,6,inserted_degraded,empty caption from provider
figlib/HPWREN-FIgLib/20180602_FIRE_smer-tcs8-mobo-c/1527978655_2B00420.jpg,firebench_q037,caption_failed,empty caption from provider,6,inserted_degraded,empty caption from provider
figlib/HPWREN-FIgLib/20180727_FIRE_mg-w-mobo-c/1532724340_2B00180.jpg,firebench_q037,caption_failed,empty caption from provider,6,inserted_degraded,empty caption from provider
wildfire/The-Wildfire-Dataset/fire/43874926204_2a187404a2_o.jpg,firebench_q036,caption_failed,empty caption from provider,6,inserted_degraded,empty caption from provider
figlib/HPWREN-FIgLib/20170722_FIRE_mg-n-iqeye/1500763160_2B01800.jpg,firebench_q037,caption_failed,empty caption from provider,6,inserted_degraded,empty caption from provider
figlib/HPWREN-FIgLib/20200521_VEGMGMT_wc-e-mobo-c/1590080120_-00840.jpg,firebench_q037,caption_failed,empty caption from provider,6,inserted_degraded,empty caption from provider
figlib/HPWREN-FIgLib/20170520_FIRE_pi-w-mobo-c/1495304889_2B00420.jpg,firebench_q037,caption_failed,empty caption from provider,6,inserted_degraded,empty caption from provider
figlib/HPWREN-FIgLib/20200911_FIRE_lp-e-mobo-c/1599854163_2B00120.jpg,firebench_q037,caption_failed,empty caption from provider,6,inserted_degraded,empty caption from provider
figlib/HPWREN-FIgLib/20180605_FIRE_smer-tcs9-mobo-c/1528230357_-00900.jpg,firebench_q037,caption_failed,empty caption from provider,6,inserted_degraded,empty caption from provider
figlib/HPWREN-FIgLib/20200808_OliveFire_wc-e-mobo-c/1596906980_-01560.jpg,firebench_q037,caption_failed,empty caption from provider,6,inserted_degraded,empty caption from provider
wildfire/The-Wildfire-Dataset/fire/37667872706_da4148fb77_o.jpg,firebench_q036,caption_failed,empty caption from provider,6,inserted_degraded,empty caption from provider
wildfire/The-Wildfire-Dataset/fire/51286207225_dce2d3fee0_o.jpg,firebench_q038,caption_failed,empty caption from provider,6,inserted_degraded,empty caption from provider
figlib/HPWREN-FIgLib/20200930_inMexico_om-e-mobo-c/1601494297_2B00360.jpg,firebench_q037,caption_failed,empty caption from provider,6,inserted_degraded,empty caption from provider
sage/W097/imagesampler-mobotix-2727/sage-imagesampler-mobotix-0.3.7/000048b02dd3c427/1765378444563603050-sample.jpg,firebench_q037,caption_failed,empty caption from provider,6,inserted_degraded,empty caption from provider
sage/W097/imagesampler-mobotix-2727/sage-imagesampler-mobotix-0.3.7/000048b02dd3c427/1765376554621236327-sample.jpg,firebench_q037,caption_failed,empty caption from provider,6,inserted_degraded,empty caption from provider
sage/W097/imagesampler-mobotix-2727/sage-imagesampler-mobotix-0.3.7/000048b02dd3c427/1765379004585109281-sample.jpg,firebench_q037,caption_failed,empty caption from provider,6,inserted_degraded,empty caption from provider
sage/W097/imagesampler-mobotix-2727/sage-imagesampler-mobotix-0.3.7/000048b02dd3c427/1765381524720112705-sample.jpg,firebench_q037,caption_failed,empty caption from provider,6,inserted_degraded,empty caption from provider
sage/W097/imagesampler-mobotix-2727/sage-imagesampler-mobotix-0.3.7/000048b02dd3c427/1765363954275318175-sample.jpg,firebench_q037,caption_failed,empty caption from provider,6,inserted_degraded,empty caption from provider
sage/W097/imagesampler-mobotix-2727/sage-imagesampler-mobotix-0.3.7/000048b02dd3c427/1765359894062235204-sample.jpg,firebench_q037,caption_failed,empty caption from provider,6,inserted_degraded,empty caption from provider
sage/W097/imagesampler-mobotix-2727/sage-imagesampler-mobotix-0.3.7/000048b02dd3c427/1765367174999332442-sample.jpg,firebench_q037,caption_failed,empty caption from provider,6,inserted_degraded,empty caption from provider
sage/W097/imagesampler-bottom-2726/sage-imagesampler-bottom-0.3.7/000048b02dd3c427/1764972604924648268-sample.jpg,firebench_q043,caption_failed,empty caption from provider,6,inserted_degraded,empty caption from provider
figlib/HPWREN-FIgLib/20180910_FIRE_smer-tcs8-mobo-c/1536611515_2B01440.jpg,firebench_q039,caption_failed,empty caption from provider,6,inserted_degraded,empty caption from provider
wildfire/The-Wildfire-Dataset/nofire/julian-gruneberg-DupkgRi63ns-unsplash.jpg,firebench_q037,caption_failed,empty caption from provider,6,inserted_degraded,empty caption from provider
wildfire/The-Wildfire-Dataset/fire/31779181068_48e3660d32_o.jpg,firebench_q038,caption_failed,empty caption from provider,6,inserted_degraded,empty caption from provider
wildfire/The-Wildfire-Dataset/nofire/blake-wheeler-dMakhkE1poE-unsplash.jpg,firebench_q037,caption_failed,empty caption from provider,6,inserted_degraded,empty caption from provider
wildfire/The-Wildfire-Dataset/fire/32923776623_06c59b5d7f_o.jpg,firebench_q039,caption_failed,empty caption from provider,6,inserted_degraded,empty caption from provider
wildfire/The-Wildfire-Dataset/nofire/thomas-bennie-16fPlBo_UFY-unsplash.jpg,firebench_q035,caption_failed,empty caption from provider,6,inserted_degraded,empty caption from provider
wildfire/The-Wildfire-Dataset/fire/35943831620_2f3e25830c_o.jpg,firebench_q036,caption_failed,empty caption from provider,6,inserted_degraded,empty caption from provider
sage/W097/imagesampler-bottom-2726/sage-imagesampler-bottom-0.3.7/000048b02dd3c427/1764972604924648268-sample.jpg,firebench_q044,caption_failed,empty caption from provider,6,inserted_degraded,empty caption from provider
wildfire/The-Wildfire-Dataset/fire/33580463112_6589084e17_o.jpg,firebench_q040,caption_failed,empty caption from provider,6,inserted_degraded,empty caption from provider
sage/W097/imagesampler-mobotix-2727/sage-imagesampler-mobotix-0.3.7/000048b02dd3c427/1765389433929921155-sample.jpg,firebench_q039,caption_failed,empty caption from provider,6,inserted_degraded,empty caption from provider
wildfire/The-Wildfire-Dataset/nofire/laura-lefurgey-smith-EPmvy-Ql4U0-unsplash.jpg,firebench_q045,caption_failed,empty caption from provider,6,inserted_degraded,empty caption from provider
sage/W097/imagesampler-mobotix-2727/sage-imagesampler-mobotix-0.3.7/000048b02dd3c427/1765401614468115784-sample.jpg,firebench_q040,caption_failed,empty caption from provider,6,inserted_degraded,empty caption from provider
wildfire/The-Wildfire-Dataset/fire/29325398052_e2e665bfca_o.jpg,firebench_q036,caption_failed,empty caption from provider,6,inserted_degraded,empty caption from provider
wildfire/The-Wildfire-Dataset/nofire/rahul-chakraborty-imTMBU0DOfo-unsplash.jpg,firebench_q037,caption_failed,empty caption from provider,6,inserted_degraded,empty caption from provider
wildfire/The-Wildfire-Dataset/fire/52464903896_e395aa8fb8_o.png,firebench_q041,caption_failed,empty caption from provider,6,inserted_degraded,empty caption from provider
wildfire/The-Wildfire-Dataset/fire/52464903896_e395aa8fb8_o.png,firebench_q042,caption_failed,empty caption from provider,6,inserted_degraded,empty caption from provider
sage/W097/imagesampler-mobotix-2727/sage-imagesampler-mobotix-0.3.7/000048b02dd3c427/1765357373988811326-sample.jpg,firebench_q043,caption_failed,empty caption from provider,6,inserted_degraded,empty caption from provider
sage/W097/imagesampler-bottom-2726/sage-imagesampler-bottom-0.3.7/000048b02dd3c427/1764972604924648268-sample.jpg,firebench_q045,caption_failed,empty caption from provider,6,inserted_degraded,empty caption from provider
wildfire/The-Wildfire-Dataset/fire/23862985278_40828912c5_o.jpg,firebench_q036,caption_failed,empty caption from provider,6,inserted_degraded,empty caption from provider
wildfire/The-Wildfire-Dataset/nofire/derek-sears-1CdzukjTkKE-unsplash.jpg,firebench_q037,caption_failed,empty caption from provider,6,inserted_degraded,empty caption from provider
wildfire/The-Wildfire-Dataset/fire/52231281737_dd64306712_o.jpg,firebench_q038,caption_failed,empty caption from provider,6,inserted_degraded,empty caption from provider
wildfire/The-Wildfire-Dataset/fire/52530251251_af8b68b64e_o.jpg,firebench_q042,caption_failed,empty caption from provider,6,inserted_degraded,empty caption from provider
wildfire/The-Wildfire-Dataset/fire/51285917069_5af3c24da9_o.jpg,firebench_q044,caption_failed,empty caption from provider,6,inserted_degraded,empty caption from provider
wildfire/The-Wildfire-Dataset/fire/52573945163_b9b10b149a_o.jpg,firebench_q043,caption_failed,empty caption from provider,6,inserted_degraded,empty caption from provider
wildfire/The-Wildfire-Dataset/nofire/beyon-binu-qmQ156HRorc-unsplash.jpg,firebench_q043,caption_failed,empty caption from provider,6,inserted_degraded,empty caption from provider
wildfire/The-Wildfire-Dataset/nofire/beyon-binu-qmQ156HRorc-unsplash.jpg,firebench_q044,caption_failed,empty caption from provider,6,inserted_degraded,empty caption from provider
wildfire/The-Wildfire-Dataset/fire/30146885628_91cb57f5e9_o.jpg,firebench_q036,caption_failed,empty caption from provider,6,inserted_degraded,empty caption from provider
wildfire/The-Wildfire-Dataset/fire/matt-howard-eAKDzK4lo4o-unsplash.jpg,firebench_q040,caption_failed,empty caption from provider,6,inserted_degraded,empty caption from provider
wildfire/The-Wildfire-Dataset/nofire/ali-choubin-6agKMKtapcc-unsplash.jpg,firebench_q045,caption_failed,empty caption from provider,6,inserted_degraded,empty caption from provider
wildfire/The-Wildfire-Dataset/nofire/tatyana-gavrilova-h1VeqL-PYOY-unsplash.jpg,firebench_q043,caption_failed,empty caption from provider,6,inserted_degraded,empty caption from provider
wildfire/The-Wildfire-Dataset/fire/marc-szeglat-I1MGVZ42wnU-unsplash.jpg,firebench_q043,caption_failed,empty caption from provider,6,inserted_degraded,empty caption from provider
wildfire/The-Wildfire-Dataset/nofire/37091439535_66535df492_o.jpg,firebench_q045,caption_failed,empty caption from provider,6,inserted_degraded,empty caption from provider
wildfire/The-Wildfire-Dataset/fire/matt-palmer-AuEVJLpb96k-unsplash.jpg,firebench_q036,caption_failed,empty caption from provider,6,inserted_degraded,empty caption from provider
wildfire/The-Wildfire-Dataset/fire/36340658665_3da07413ed_o.jpg,firebench_q036,caption_failed,empty caption from provider,6,inserted_degraded,empty caption from provider
wildfire/The-Wildfire-Dataset/nofire/linas-bam-q1X6ADPZl4w-unsplash.jpg,firebench_q045,caption_failed,empty caption from provider,6,inserted_degraded,empty caption from provider
figlib/HPWREN-FIgLib/20240908_RiceFire_rm-e-mobo-c/1725849966_2B01320.jpg,firebench_q045,caption_failed,empty caption from provider,6,inserted_degraded,empty caption from provider
wildfire/The-Wildfire-Dataset/nofire/malik-skydsgaard-zNwXhNeqqgI-unsplash.jpg,firebench_q045,caption_failed,empty caption from provider,6,inserted_degraded,empty caption from provider
wildfire/The-Wildfire-Dataset/fire/ross-stone-KWYTn9_QKRE-unsplash.jpg,firebench_q042,caption_failed,empty caption from provider,6,inserted_degraded,empty caption from provider
wildfire/The-Wildfire-Dataset/nofire/medien-werkstatt-PxPs7pa68gs-unsplash.jpg,firebench_q045,caption_failed,empty caption from provider,6,inserted_degraded,empty caption from provider
sage/W097/imagesampler-mobotix-2727/sage-imagesampler-mobotix-0.3.7/000048b02dd3c427/1765376904473721336-sample.jpg,firebench_q045,caption_failed,empty caption from provider,6,inserted_degraded,empty caption from provider
figlib/HPWREN-FIgLib/20250710_SpringsFire_lp-n-mobo-c/1752197796_2B00899.jpg,firebench_q047,caption_failed,empty caption from provider,6,inserted_degraded,empty caption from provider
sage/W097/imagesampler-bottom-2726/sage-imagesampler-bottom-0.3.7/000048b02dd3c427/1764972604924648268-sample.jpg,firebench_q048,caption_failed,empty caption from provider,6,inserted_degraded,empty caption from provider
wildfire/The-Wildfire-Dataset/nofire/guillaume-bourdages-C4BSXG4vfrE-unsplash.jpg,firebench_q045,caption_failed,empty caption from provider,6,inserted_degraded,empty caption from provider
sage/W097/imagesampler-mobotix-2727/sage-imagesampler-mobotix-0.3.7/000048b02dd3c427/1765376974103834873-sample.jpg,firebench_q045,caption_failed,empty caption from provider,6,inserted_degraded,empty caption from provider
wildfire/The-Wildfire-Dataset/nofire/carmine-de-fazio-3ytjETpQMNY-unsplash.jpg,firebench_q045,caption_failed,empty caption from provider,6,inserted_degraded,empty caption from provider
figlib/HPWREN-FIgLib/20180813_FIRE_mg-w-mobo-c/1534196500_-00900.jpg,firebench_q048,caption_failed,empty caption from provider,6,inserted_degraded,empty caption from provider
sage/W097/imagesampler-mobotix-2727/sage-imagesampler-mobotix-0.3.7/000048b02dd3c427/1765380754541071110-sample.jpg,firebench_q045,caption_failed,empty caption from provider,6,inserted_degraded,empty caption from provider
wildfire/The-Wildfire-Dataset/fire/42885999045_e2eb372c54_o.jpg,firebench_q043,caption_failed,empty caption from provider,6,inserted_degraded,empty caption from provider
wildfire/The-Wildfire-Dataset/fire/28963795860_47a7439e21_o.jpg,firebench_q046,caption_failed,empty caption from provider,6,inserted_degraded,empty caption from provider
wildfire/The-Wildfire-Dataset/nofire/tatyana-gavrilova-h1VeqL-PYOY-unsplash.jpg,firebench_q045,caption_failed,empty caption from provider,6,inserted_degraded,empty caption from provider
figlib/HPWREN-FIgLib/20200828_BorderFire_sm-s-mobo-c/1598628091_-01080.jpg,firebench_q048,caption_failed,empty caption from provider,6,inserted_degraded,empty caption from provider
figlib/HPWREN-FIgLib/20180809_FIRE_mg-w-mobo-c/1533844540_-00900.jpg,firebench_q048,caption_failed,empty caption from provider,6,inserted_degraded,empty caption from provider
sage/W097/imagesampler-bottom-2726/sage-imagesampler-bottom-0.3.7/000048b02dd3c427/1764972604924648268-sample.jpg,firebench_q049,caption_failed,empty caption from provider,6,inserted_degraded,empty caption from provider
wildfire/The-Wildfire-Dataset/fire/32894125434_2ce366b021_o.jpg,firebench_q045,caption_failed,empty caption from provider,6,inserted_degraded,empty caption from provider
wildfire/The-Wildfire-Dataset/nofire/marc-kargel-1kpsB10c8nM-unsplash.jpg,firebench_q048,caption_failed,empty caption from provider,6,inserted_degraded,empty caption from provider
wildfire/The-Wildfire-Dataset/fire/11875858055_b291d73a36_o.jpg,firebench_q048,caption_failed,empty caption from provider,6,inserted_degraded,empty caption from provider
wildfire/The-Wildfire-Dataset/nofire/35940048970_d3324ee10f_o.jpg,firebench_q037,caption_failed,empty caption from provider,6,inserted_degraded,empty caption from provider
wildfire/The-Wildfire-Dataset/nofire/marc-kargel-1kpsB10c8nM-unsplash.jpg,firebench_q049,caption_failed,empty caption from provider,6,inserted_degraded,empty caption from provider
wildfire/The-Wildfire-Dataset/fire/50229096501_da58951923_o.jpg,firebench_q044,caption_failed,empty caption from provider,6,inserted_degraded,empty caption from provider
wildfire/The-Wildfire-Dataset/fire/michael-chacon-Pnkk0wRr018-unsplash.jpg,firebench_q046,caption_failed,empty caption from provider,6,inserted_degraded,empty caption from provider
wildfire/The-Wildfire-Dataset/nofire/eberhard-grossgasteiger-E4bmf8BtIBE-unsplash.jpg,firebench_q045,caption_failed,empty caption from provider,6,inserted_degraded,empty caption from provider
wildfire/The-Wildfire-Dataset/fire/37116025350_36526c8548_o.jpg,firebench_q048,caption_failed,empty caption from provider,6,inserted_degraded,empty caption from provider
sage/W097/imagesampler-mobotix-2727/sage-imagesampler-mobotix-0.3.7/000048b02dd3c427/1765369064502573735-sample.jpg,firebench_q048,caption_failed,empty caption from provider,6,inserted_degraded,empty caption from provider
wildfire/The-Wildfire-Dataset/nofire/ivan-torres-nehVKBqQIPA-unsplash.jpg,firebench_q045,caption_failed,empty caption from provider,6,inserted_degraded,empty caption from provider
wildfire/The-Wildfire-Dataset/nofire/beyon-binu-qmQ156HRorc-unsplash.jpg,firebench_q048,caption_failed,empty caption from provider,6,inserted_degraded,empty caption from provider
wildfire/The-Wildfire-Dataset/fire/51840699904_8fd60b5e83_o.jpg,firebench_q046,caption_failed,empty caption from provider,6,inserted_degraded,empty caption from provider
wildfire/The-Wildfire-Dataset/fire/9573562938_bd50b7584a_o.jpg,firebench_q050,caption_failed,empty caption from provider,6,inserted_degraded,empty caption from provider
figlib/HPWREN-FIgLib/20180605_FIRE_smer-tcs9-mobo-c/1528233537_2B02280.jpg,firebench_q051,caption_failed,empty caption from provider,6,inserted_degraded,empty caption from provider
wildfire/The-Wildfire-Dataset/nofire/eberhard-grossgasteiger-g3ivomyhNnc-unsplash.jpg,firebench_q045,caption_failed,empty caption from provider,6,inserted_degraded,empty caption from provider
sage/W097/imagesampler-mobotix-2727/sage-imagesampler-mobotix-0.3.7/000048b02dd3c427/1765357373988811326-sample.jpg,firebench_q049,caption_failed,empty caption from provider,6,inserted_degraded,empty caption from provider
wildfire/The-Wildfire-Dataset/fire/51283057621_de5d4e5bed_o.jpg,firebench_q050,caption_failed,empty caption from provider,6,inserted_degraded,empty caption from provider
wildfire/The-Wildfire-Dataset/nofire/jerad-hill-bWeEH8tvp_g-unsplash.jpg,firebench_q045,caption_failed,empty caption from provider,6,inserted_degraded,empty caption from provider
sage/W097/imagesampler-mobotix-2727/sage-imagesampler-mobotix-0.3.7/000048b02dd3c427/1765348624423884285-sample.jpg,firebench_q051,caption_failed,empty caption from provider,6,inserted_degraded,empty caption from provider
wildfire/The-Wildfire-Dataset/fire/30227791868_e72b72e0c3_o.jpg,firebench_q049,caption_failed,empty caption from provider,6,inserted_degraded,empty caption from provider
wildfire/The-Wildfire-Dataset/nofire/marek-piwnicki-z28tlg9IBDY-unsplash.jpg,firebench_q048,caption_failed,empty caption from provider,6,inserted_degraded,empty caption from provider
sage/W097/imagesampler-mobotix-2727/sage-imagesampler-mobotix-0.3.7/000048b02dd3c427/1765348624423884285-sample.jpg,firebench_q052,caption_failed,empty caption from provider,6,inserted_degraded,empty caption from provider
wildfire/The-Wildfire-Dataset/nofire/36321782572_3aa9b4fc64_o.jpg,firebench_q045,caption_failed,empty caption from provider,6,inserted_degraded,empty caption from provider
wildfire/The-Wildfire-Dataset/fire/30227791868_e72b72e0c3_o.jpg,firebench_q050,caption_failed,empty caption from provider,6,inserted_degraded,empty caption from provider
sage/W097/imagesampler-mobotix-2727/sage-imagesampler-mobotix-0.3.7/000048b02dd3c427/1765400494045396416-sample.jpg,firebench_q052,caption_failed,empty caption from provider,6,inserted_degraded,empty caption from provider
wildfire/The-Wildfire-Dataset/nofire/eberhard-grossgasteiger-WENMYNs6H5U-unsplash.jpg,firebench_q043,caption_failed,empty caption from provider,6,inserted_degraded,empty caption from provider
sage/W097/imagesampler-mobotix-2727/sage-imagesampler-mobotix-0.3.7/000048b02dd3c427/1765421633803385936-sample.jpg,firebench_q053,caption_failed,empty caption from provider,6,inserted_degraded,empty caption from provider
wildfire/The-Wildfire-Dataset/fire/36171930962_755dabb02f_o.jpg,firebench_q047,caption_failed,empty caption from provider,6,inserted_degraded,empty caption from provider
sage/W097/imagesampler-mobotix-2727/sage-imagesampler-mobotix-0.3.7/000048b02dd3c427/1765353874100471804-sample.jpg,firebench_q053,caption_failed,empty caption from provider,6,inserted_degraded,empty caption from provider
sage/W097/imagesampler-mobotix-2727/sage-imagesampler-mobotix-0.3.7/000048b02dd3c427/1765355063967020835-sample.jpg,firebench_q053,caption_failed,empty caption from provider,6,inserted_degraded,empty caption from provider
sage/W097/imagesampler-mobotix-2727/sage-imagesampler-mobotix-0.3.7/000048b02dd3c427/1765350655029599492-sample.jpg,firebench_q053,caption_failed,empty caption from provider,6,inserted_degraded,empty caption from provider
wildfire/The-Wildfire-Dataset/fire/marc-szeglat-I1MGVZ42wnU-unsplash.jpg,firebench_q049,caption_failed,empty caption from provider,6,inserted_degraded,empty caption from provider
sage/W097/imagesampler-mobotix-2727/sage-imagesampler-mobotix-0.3.7/000048b02dd3c427/1765355415261879596-sample.jpg,firebench_q053,caption_failed,empty caption from provider,6,inserted_degraded,empty caption from provider
sage/W097/imagesampler-mobotix-2727/sage-imagesampler-mobotix-0.3.7/000048b02dd3c427/1765351354503808547-sample.jpg,firebench_q053,caption_failed,empty caption from provider,6,inserted_degraded,empty caption from provider
sage/W097/imagesampler-mobotix-2727/sage-imagesampler-mobotix-0.3.7/000048b02dd3c427/1765361224120516865-sample.jpg,firebench_q053,caption_failed,empty caption from provider,6,inserted_degraded,empty caption from provider
sage/W097/imagesampler-mobotix-2727/sage-imagesampler-mobotix-0.3.7/000048b02dd3c427/1765407563746078699-sample.jpg,firebench_q053,caption_failed,empty caption from provider,6,inserted_degraded,empty caption from provider
sage/W097/imagesampler-mobotix-2727/sage-imagesampler-mobotix-0.3.7/000048b02dd3c427/1765376204165347050-sample.jpg,firebench_q053,caption_failed,empty caption from provider,6,inserted_degraded,empty caption from provider
wildfire/The-Wildfire-Dataset/nofire/eberhard-grossgasteiger-WENMYNs6H5U-unsplash.jpg,firebench_q044,caption_failed,empty caption from provider,6,inserted_degraded,empty caption from provider
sage/W097/imagesampler-mobotix-2727/sage-imagesampler-mobotix-0.3.7/000048b02dd3c427/1765366054397688240-sample.jpg,firebench_q053,caption_failed,empty caption from provider,6,inserted_degraded,empty caption from provider
wildfire/The-Wildfire-Dataset/fire/52037975646_5f3beb0224_o.jpg,firebench_q047,caption_failed,empty caption from provider,6,inserted_degraded,empty caption from provider
sage/W097/imagesampler-mobotix-2727/sage-imagesampler-mobotix-0.3.7/000048b02dd3c427/1765350374425515141-sample.jpg,firebench_q053,caption_failed,empty caption from provider,6,inserted_degraded,empty caption from provider
sage/W097/imagesampler-mobotix-2727/sage-imagesampler-mobotix-0.3.7/000048b02dd3c427/1765351073998375044-sample.jpg,firebench_q053,caption_failed,empty caption from provider,6,inserted_degraded,empty caption from provider
wildfire/The-Wildfire-Dataset/fire/35943831620_2f3e25830c_o.jpg,firebench_q050,caption_failed,empty caption from provider,6,inserted_degraded,empty caption from provider
sage/W097/imagesampler-mobotix-2727/sage-imagesampler-mobotix-0.3.7/000048b02dd3c427/1765372144699491536-sample.jpg,firebench_q053,caption_failed,empty caption from provider,6,inserted_degraded,empty caption from provider
sage/W097/imagesampler-mobotix-2727/sage-imagesampler-mobotix-0.3.7/000048b02dd3c427/1765366474267267732-sample.jpg,firebench_q053,caption_failed,empty caption from provider,6,inserted_degraded,empty caption from provider
wildfire/The-Wildfire-Dataset/fire/35943850740_63e2d0c036_o.jpg,firebench_q049,caption_failed,empty caption from provider,6,inserted_degraded,empty caption from provider
sage/W097/imagesampler-mobotix-2727/sage-imagesampler-mobotix-0.3.7/000048b02dd3c427/1765373194656848331-sample.jpg,firebench_q053,caption_failed,empty caption from provider,6,inserted_degraded,empty caption from provider
sage/W097/imagesampler-mobotix-2727/sage-imagesampler-mobotix-0.3.7/000048b02dd3c427/1765368434692574966-sample.jpg,firebench_q053,caption_failed,empty caption from provider,6,inserted_degraded,empty caption from provider
sage/W097/imagesampler-mobotix-2727/sage-imagesampler-mobotix-0.3.7/000048b02dd3c427/1765366124063067448-sample.jpg,firebench_q053,caption_failed,empty caption from provider,6,inserted_degraded,empty caption from provider
wildfire/The-Wildfire-Dataset/nofire/36321779762_6105a6d200_o.jpg,firebench_q052,caption_failed,empty caption from provider,6,inserted_degraded,empty caption from provider
sage/W097/imagesampler-mobotix-2727/sage-imagesampler-mobotix-0.3.7/000048b02dd3c427/1765352124441624014-sample.jpg,firebench_q053,caption_failed,empty caption from provider,6,inserted_degraded,empty caption from provider
sage/W097/imagesampler-mobotix-2727/sage-imagesampler-mobotix-0.3.7/000048b02dd3c427/1765352474429469706-sample.jpg,firebench_q053,caption_failed,empty caption from provider,6,inserted_degraded,empty caption from provider
sage/W097/imagesampler-mobotix-2727/sage-imagesampler-mobotix-0.3.7/000048b02dd3c427/1765361154804379308-sample.jpg,firebench_q053,caption_failed,empty caption from provider,6,inserted_degraded,empty caption from provider
wildfire/The-Wildfire-Dataset/fire/29325831982_e5743845e0_o.jpg,firebench_q049,caption_failed,empty caption from provider,6,inserted_degraded,empty caption from provider
sage/W097/imagesampler-mobotix-2727/sage-imagesampler-mobotix-0.3.7/000048b02dd3c427/1765371234632317531-sample.jpg,firebench_q053,caption_failed,empty caption from provider,6,inserted_degraded,empty caption from provider
sage/W097/imagesampler-mobotix-2727/sage-imagesampler-mobotix-0.3.7/000048b02dd3c427/1765364584954999462-sample.jpg,firebench_q053,caption_failed,empty caption from provider,6,inserted_degraded,empty caption from provider
sage/W097/imagesampler-mobotix-2727/sage-imagesampler-mobotix-0.3.7/000048b02dd3c427/1765365355028136439-sample.jpg,firebench_q053,caption_failed,empty caption from provider,6,inserted_degraded,empty caption from provider
sage/W097/imagesampler-mobotix-2727/sage-imagesampler-mobotix-0.3.7/000048b02dd3c427/1765350584203771927-sample.jpg,firebench_q053,caption_failed,empty caption from provider,6,inserted_degraded,empty caption from provider
wildfire/The-Wildfire-Dataset/nofire/eberhard-grossgasteiger-WENMYNs6H5U-unsplash.jpg,firebench_q045,caption_failed,empty caption from provider,6,inserted_degraded,empty caption from provider
sage/W097/imagesampler-mobotix-2727/sage-imagesampler-mobotix-0.3.7/000048b02dd3c427/1765371024714298123-sample.jpg,firebench_q053,caption_failed,empty caption from provider,6,inserted_degraded,empty caption from provider
sage/W097/imagesampler-mobotix-2727/sage-imagesampler-mobotix-0.3.7/000048b02dd3c427/1765367873755846707-sample.jpg,firebench_q053,caption_failed,empty caption from provider,6,inserted_degraded,empty caption from provider
sage/W097/imagesampler-mobotix-2727/sage-imagesampler-mobotix-0.3.7/000048b02dd3c427/1765353944807987444-sample.jpg,firebench_q053,caption_failed,empty caption from provider,6,inserted_degraded,empty caption from provider
sage/W097/imagesampler-mobotix-2727/sage-imagesampler-mobotix-0.3.7/000048b02dd3c427/1765371864186408575-sample.jpg,firebench_q053,caption_failed,empty caption from provider,6,inserted_degraded,empty caption from provider
sage/W097/imagesampler-mobotix-2727/sage-imagesampler-mobotix-0.3.7/000048b02dd3c427/1765369623864171888-sample.jpg,firebench_q053,caption_failed,empty caption from provider,6,inserted_degraded,empty caption from provider
sage/W097/imagesampler-mobotix-2727/sage-imagesampler-mobotix-0.3.7/000048b02dd3c427/1765360384545162546-sample.jpg,firebench_q053,caption_failed,empty caption from provider,6,inserted_degraded,empty caption from provider
sage/W097/imagesampler-mobotix-2727/sage-imagesampler-mobotix-0.3.7/000048b02dd3c427/1765367174999332442-sample.jpg,firebench_q053,caption_failed,empty caption from provider,6,inserted_degraded,empty caption from provider
sage/W097/imagesampler-mobotix-2727/sage-imagesampler-mobotix-0.3.7/000048b02dd3c427/1765363114402756206-sample.jpg,firebench_q053,caption_failed,empty caption from provider,6,inserted_degraded,empty caption from provider
sage/W097/imagesampler-mobotix-2727/sage-imagesampler-mobotix-0.3.7/000048b02dd3c427/1765373614515793622-sample.jpg,firebench_q054,caption_failed,empty caption from provider,6,inserted_degraded,empty caption from provider
sage/W097/imagesampler-mobotix-2727/sage-imagesampler-mobotix-0.3.7/000048b02dd3c427/1765350234144783584-sample.jpg,firebench_q054,caption_failed,empty caption from provider,6,inserted_degraded,empty caption from provider
sage/W097/imagesampler-mobotix-2727/sage-imagesampler-mobotix-0.3.7/000048b02dd3c427/1765361014256371062-sample.jpg,firebench_q054,caption_failed,empty caption from provider,6,inserted_degraded,empty caption from provider
sage/W097/imagesampler-mobotix-2727/sage-imagesampler-mobotix-0.3.7/000048b02dd3c427/1765362904772766467-sample.jpg,firebench_q053,caption_failed,empty caption from provider,6,inserted_degraded,empty caption from provider
sage/W097/imagesampler-mobotix-2727/sage-imagesampler-mobotix-0.3.7/000048b02dd3c427/1765352264528786853-sample.jpg,firebench_q054,caption_failed,empty caption from provider,6,inserted_degraded,empty caption from provider
sage/W097/imagesampler-mobotix-2727/sage-imagesampler-mobotix-0.3.7/000048b02dd3c427/1765349744801332363-sample.jpg,firebench_q054,caption_failed,empty caption from provider,6,inserted_degraded,empty caption from provider
sage/W097/imagesampler-mobotix-2727/sage-imagesampler-mobotix-0.3.7/000048b02dd3c427/1765369623864171888-sample.jpg,firebench_q054,caption_failed,empty caption from provider,6,inserted_degraded,empty caption from provider
sage/W097/imagesampler-mobotix-2727/sage-imagesampler-mobotix-0.3.7/000048b02dd3c427/1765362904772766467-sample.jpg,firebench_q054,caption_failed,empty caption from provider,6,inserted_degraded,empty caption from provider
sage/W097/imagesampler-mobotix-2727/sage-imagesampler-mobotix-0.3.7/000048b02dd3c427/1765356605005078933-sample.jpg,firebench_q054,caption_failed,empty caption from provider,6,inserted_degraded,empty caption from provider
wildfire/The-Wildfire-Dataset/nofire/aaron-burden-zAffziey-50-unsplash.jpg,firebench_q053,caption_failed,empty caption from provider,6,inserted_degraded,empty caption from provider
wildfire/The-Wildfire-Dataset/nofire/eberhard-grossgasteiger-WENMYNs6H5U-unsplash.jpg,firebench_q048,caption_failed,empty caption from provider,6,inserted_degraded,empty caption from provider
sage/W097/imagesampler-mobotix-2727/sage-imagesampler-mobotix-0.3.7/000048b02dd3c427/1765371725050252801-sample.jpg,firebench_q054,caption_failed,empty caption from provider,6,inserted_degraded,empty caption from provider
wildfire/The-Wildfire-Dataset/fire/42143488610_90fc11906c_o.jpg,firebench_q051,caption_failed,empty caption from provider,6,inserted_degraded,empty caption from provider
sage/W097/imagesampler-mobotix-2727/sage-imagesampler-mobotix-0.3.7/000048b02dd3c427/1765369484605809207-sample.jpg,firebench_q054,caption_failed,empty caption from provider,6,inserted_degraded,empty caption from provider
sage/W097/imagesampler-mobotix-2727/sage-imagesampler-mobotix-0.3.7/000048b02dd3c427/1765367034300221137-sample.jpg,firebench_q054,caption_failed,empty caption from provider,6,inserted_degraded,empty caption from provider
wildfire/The-Wildfire-Dataset/nofire/craig-bradford-9bUkEBeXUUQ-unsplash.jpg,firebench_q053,caption_failed,empty caption from provider,6,inserted_degraded,empty caption from provider
sage/W097/imagesampler-mobotix-2727/sage-imagesampler-mobotix-0.3.7/000048b02dd3c427/1765370954115100795-sample.jpg,firebench_q054,caption_failed,empty caption from provider,6,inserted_degraded,empty caption from provider
sage/W097/imagesampler-mobotix-2727/sage-imagesampler-mobotix-0.3.7/000048b02dd3c427/1765365074479653615-sample.jpg,firebench_q054,caption_failed,empty caption from provider,6,inserted_degraded,empty caption from provider
sage/W097/imagesampler-mobotix-2727/sage-imagesampler-mobotix-0.3.7/000048b02dd3c427/1765353944807987444-sample.jpg,firebench_q054,caption_failed,empty caption from provider,6,inserted_degraded,empty caption from provider
sage/W097/imagesampler-mobotix-2727/sage-imagesampler-mobotix-0.3.7/000048b02dd3c427/1765368224919075780-sample.jpg,firebench_q054,caption_failed,empty caption from provider,6,inserted_degraded,empty caption from provider
sage/W097/imagesampler-mobotix-2727/sage-imagesampler-mobotix-0.3.7/000048b02dd3c427/1765368015472201598-sample.jpg,firebench_q054,caption_failed,empty caption from provider,6,inserted_degraded,empty caption from provider
sage/W097/imagesampler-mobotix-2727/sage-imagesampler-mobotix-0.3.7/000048b02dd3c427/1765432274119275842-sample.jpg,firebench_q054,caption_failed,empty caption from provider,6,inserted_degraded,empty caption from provider
wildfire/The-Wildfire-Dataset/nofire/sante-capobianco-B_5P3v52MIc-unsplash.jpg,firebench_q053,caption_failed,empty caption from provider,6,inserted_degraded,empty caption from provider
sage/W097/imagesampler-mobotix-2727/sage-imagesampler-mobotix-0.3.7/000048b02dd3c427/1765429474263031938-sample.jpg,firebench_q054,caption_failed,empty caption from provider,6,inserted_degraded,empty caption from provider
sage/W097/imagesampler-mobotix-2727/sage-imagesampler-mobotix-0.3.7/000048b02dd3c427/1765429824432924335-sample.jpg,firebench_q054,caption_failed,empty caption from provider,6,inserted_degraded,empty caption from provider
wildfire/The-Wildfire-Dataset/nofire/cesar-couto-Z83CMY9ho-I-unsplash.jpg,firebench_q053,caption_failed,empty caption from provider,6,inserted_degraded,empty caption from provider
sage/W097/imagesampler-mobotix-2727/sage-imagesampler-mobotix-0.3.7/000048b02dd3c427/1765367873755846707-sample.jpg,firebench_q054,caption_failed,empty caption from provider,6,inserted_degraded,empty caption from provider
sage/W097/imagesampler-mobotix-2727/sage-imagesampler-mobotix-0.3.7/000048b02dd3c427/1765366684072002003-sample.jpg,firebench_q054,caption_failed,empty caption from provider,6,inserted_degraded,empty caption from provider
wildfire/The-Wildfire-Dataset/nofire/cameron-stow-IknUlhvcpV0-unsplash.jpg,firebench_q053,caption_failed,empty caption from provider,6,inserted_degraded,empty caption from provider
sage/W097/imagesampler-mobotix-2727/sage-imagesampler-mobotix-0.3.7/000048b02dd3c427/1765362134511701972-sample.jpg,firebench_q054,caption_failed,empty caption from provider,6,inserted_degraded,empty caption from provider
sage/W097/imagesampler-mobotix-2727/sage-imagesampler-mobotix-0.3.7/000048b02dd3c427/1765371304291957348-sample.jpg,firebench_q054,caption_failed,empty caption from provider,6,inserted_degraded,empty caption from provider
sage/W097/imagesampler-mobotix-2727/sage-imagesampler-mobotix-0.3.7/000048b02dd3c427/1765350863896240561-sample.jpg,firebench_q054,caption_failed,empty caption from provider,6,inserted_degraded,empty caption from provider
sage/W097/imagesampler-mobotix-2727/sage-imagesampler-mobotix-0.3.7/000048b02dd3c427/1765371024714298123-sample.jpg,firebench_q054,caption_failed,empty caption from provider,6,inserted_degraded,empty caption from provider
sage/W097/imagesampler-mobotix-2727/sage-imagesampler-mobotix-0.3.7/000048b02dd3c427/1765362764267914043-sample.jpg,firebench_q054,caption_failed,empty caption from provider,6,inserted_degraded,empty caption from provider
sage/W097/imagesampler-mobotix-2727/sage-imagesampler-mobotix-0.3.7/000048b02dd3c427/1765363114402756206-sample.jpg,firebench_q054,caption_failed,empty caption from provider,6,inserted_degraded,empty caption from provider
sage/W097/imagesampler-mobotix-2727/sage-imagesampler-mobotix-0.3.7/000048b02dd3c427/1765371584681250565-sample.jpg,firebench_q054,caption_failed,empty caption from provider,6,inserted_degraded,empty caption from provider
sage/W097/imagesampler-mobotix-2727/sage-imagesampler-mobotix-0.3.7/000048b02dd3c427/1765374734796982447-sample.jpg,firebench_q054,caption_failed,empty caption from provider,6,inserted_degraded,empty caption from provider
figlib/HPWREN-FIgLib/20180727_FIRE_wc-n-mobo-c/1532725098_2B01620.jpg,firebench_q055,caption_failed,empty caption from provider,6,inserted_degraded,empty caption from provider
sage/W097/imagesampler-mobotix-2727/sage-imagesampler-mobotix-0.3.7/000048b02dd3c427/1765361503744844525-sample.jpg,firebench_q054,caption_failed,empty caption from provider,6,inserted_degraded,empty caption from provider
figlib/HPWREN-FIgLib/20240701_Kitchenfire_pi-e-mobo-c/1719856319_2B01261.jpg,firebench_q055,caption_failed,empty caption from provider,6,inserted_degraded,empty caption from provider
figlib/HPWREN-FIgLib/20180728_FIRE_smer-tcs9-mobo-c/1532817477_2B01440.jpg,firebench_q055,caption_failed,empty caption from provider,6,inserted_degraded,empty caption from provider
figlib/HPWREN-FIgLib/20170711_FIRE_bl-e-mobo-c/1499807331_2B01200.jpg,firebench_q055,caption_failed,empty caption from provider,6,inserted_degraded,empty caption from provider
sage/W097/imagesampler-mobotix-2727/sage-imagesampler-mobotix-0.3.7/000048b02dd3c427/1765376484676709874-sample.jpg,firebench_q054,caption_failed,empty caption from provider,6,inserted_degraded,empty caption from provider
sage/W097/imagesampler-mobotix-2727/sage-imagesampler-mobotix-0.3.7/000048b02dd3c427/1765371864186408575-sample.jpg,firebench_q054,caption_failed,empty caption from provider,6,inserted_degraded,empty caption from provider
sage/W097/imagesampler-mobotix-2727/sage-imagesampler-mobotix-0.3.7/000048b02dd3c427/1765380474027844049-sample.jpg,firebench_q054,caption_failed,empty caption from provider,6,inserted_degraded,empty caption from provider
sage/W097/imagesampler-mobotix-2727/sage-imagesampler-mobotix-0.3.7/000048b02dd3c427/1765371444454711976-sample.jpg,firebench_q054,caption_failed,empty caption from provider,6,inserted_degraded,empty caption from provider
figlib/HPWREN-FIgLib/20240907_ChurchFire_ws-w-mobo-c/1725734161_2B00360.jpg,firebench_q055,caption_failed,empty caption from provider,6,inserted_degraded,empty caption from provider
sage/W097/imagesampler-mobotix-2727/sage-imagesampler-mobotix-0.3.7/000048b02dd3c427/1765377813770557950-sample.jpg,firebench_q054,caption_failed,empty caption from provider,6,inserted_degraded,empty caption from provider
sage/W097/imagesampler-mobotix-2727/sage-imagesampler-mobotix-0.3.7/000048b02dd3c427/1765365844425217441-sample.jpg,firebench_q055,caption_failed,empty caption from provider,6,inserted_degraded,empty caption from provider
sage/W097/imagesampler-mobotix-2727/sage-imagesampler-mobotix-0.3.7/000048b02dd3c427/1765368434692574966-sample.jpg,firebench_q055,caption_failed,empty caption from provider,6,inserted_degraded,empty caption from provider
figlib/HPWREN-FIgLib/20200905_ValleyFire_sm-e-mobo-c/1599342809_2B01440.jpg,firebench_q055,caption_failed,empty caption from provider,6,inserted_degraded,empty caption from provider
sage/W097/imagesampler-mobotix-2727/sage-imagesampler-mobotix-0.3.7/000048b02dd3c427/1765356184305636880-sample.jpg,firebench_q055,caption_failed,empty caption from provider,6,inserted_degraded,empty caption from provider
sage/W097/imagesampler-mobotix-2727/sage-imagesampler-mobotix-0.3.7/000048b02dd3c427/1765429614647017594-sample.jpg,firebench_q055,caption_failed,empty caption from provider,6,inserted_degraded,empty caption from provider
sage/W097/imagesampler-mobotix-2727/sage-imagesampler-mobotix-0.3.7/000048b02dd3c427/1765365355028136439-sample.jpg,firebench_q055,caption_failed,empty caption from provider,6,inserted_degraded,empty caption from provider
sage/W097/imagesampler-mobotix-2727/sage-imagesampler-mobotix-0.3.7/000048b02dd3c427/1765430664307889448-sample.jpg,firebench_q054,caption_failed,empty caption from provider,6,inserted_degraded,empty caption from provider
wildfire/The-Wildfire-Dataset/nofire/ivana-cajina-DuiPYwz3CBA-unsplash.jpg,firebench_q054,caption_failed,empty caption from provider,6,inserted_degraded,empty caption from provider
wildfire/The-Wildfire-Dataset/nofire/jim-niakaris-4BIQP4swrSE-unsplash.jpg,firebench_q054,caption_failed,empty caption from provider,6,inserted_degraded,empty caption from provider
sage/W097/imagesampler-mobotix-2727/sage-imagesampler-mobotix-0.3.7/000048b02dd3c427/1765356534501497851-sample.jpg,firebench_q055,caption_failed,empty caption from provider,6,inserted_degraded,empty caption from provider
sage/W097/imagesampler-mobotix-2727/sage-imagesampler-mobotix-0.3.7/000048b02dd3c427/1765351494705509702-sample.jpg,firebench_q055,caption_failed,empty caption from provider,6,inserted_degraded,empty caption from provider
sage/W097/imagesampler-mobotix-2727/sage-imagesampler-mobotix-0.3.7/000048b02dd3c427/1765351004312988885-sample.jpg,firebench_q055,caption_failed,empty caption from provider,6,inserted_degraded,empty caption from provider
sage/W097/imagesampler-mobotix-2727/sage-imagesampler-mobotix-0.3.7/000048b02dd3c427/1765366054397688240-sample.jpg,firebench_q055,caption_failed,empty caption from provider,6,inserted_degraded,empty caption from provider
sage/W097/imagesampler-mobotix-2727/sage-imagesampler-mobotix-0.3.7/000048b02dd3c427/1765368784976535158-sample.jpg,firebench_q055,caption_failed,empty caption from provider,6,inserted_degraded,empty caption from provider
sage/W097/imagesampler-mobotix-2727/sage-imagesampler-mobotix-0.3.7/000048b02dd3c427/1765403224018177706-sample.jpg,firebench_q055,caption_failed,empty caption from provider,6,inserted_degraded,empty caption from provider
sage/W097/imagesampler-mobotix-2727/sage-imagesampler-mobotix-0.3.7/000048b02dd3c427/1765367804200126022-sample.jpg,firebench_q055,caption_failed,empty caption from provider,6,inserted_degraded,empty caption from provider
sage/W097/imagesampler-mobotix-2727/sage-imagesampler-mobotix-0.3.7/000048b02dd3c427/1765352894269652874-sample.jpg,firebench_q055,caption_failed,empty caption from provider,6,inserted_degraded,empty caption from provider
sage/W097/imagesampler-mobotix-2727/sage-imagesampler-mobotix-0.3.7/000048b02dd3c427/1765354083922851071-sample.jpg,firebench_q055,caption_failed,empty caption from provider,6,inserted_degraded,empty caption from provider
sage/W097/imagesampler-mobotix-2727/sage-imagesampler-mobotix-0.3.7/000048b02dd3c427/1765366474267267732-sample.jpg,firebench_q055,caption_failed,empty caption from provider,6,inserted_degraded,empty caption from provider
wildfire/The-Wildfire-Dataset/nofire/samantha-fortney-7vh2FfwdpDM-unsplash.jpg,firebench_q054,caption_failed,empty caption from provider,6,inserted_degraded,empty caption from provider
sage/W097/imagesampler-mobotix-2727/sage-imagesampler-mobotix-0.3.7/000048b02dd3c427/1765369414997760352-sample.jpg,firebench_q055,caption_failed,empty caption from provider,6,inserted_degraded,empty caption from provider
sage/W097/imagesampler-mobotix-2727/sage-imagesampler-mobotix-0.3.7/000048b02dd3c427/1765353454373046730-sample.jpg,firebench_q055,caption_failed,empty caption from provider,6,inserted_degraded,empty caption from provider
sage/W097/imagesampler-mobotix-2727/sage-imagesampler-mobotix-0.3.7/000048b02dd3c427/1765367034300221137-sample.jpg,firebench_q055,caption_failed,empty caption from provider,6,inserted_degraded,empty caption from provider
sage/W097/imagesampler-mobotix-2727/sage-imagesampler-mobotix-0.3.7/000048b02dd3c427/1765365634631269797-sample.jpg,firebench_q055,caption_failed,empty caption from provider,6,inserted_degraded,empty caption from provider
sage/W097/imagesampler-mobotix-2727/sage-imagesampler-mobotix-0.3.7/000048b02dd3c427/1765365074479653615-sample.jpg,firebench_q055,caption_failed,empty caption from provider,6,inserted_degraded,empty caption from provider
sage/W097/imagesampler-mobotix-2727/sage-imagesampler-mobotix-0.3.7/000048b02dd3c427/1765369484605809207-sample.jpg,firebench_q055,caption_failed,empty caption from provider,6,inserted_degraded,empty caption from provider
sage/W097/imagesampler-mobotix-2727/sage-imagesampler-mobotix-0.3.7/000048b02dd3c427/1765368015472201598-sample.jpg,firebench_q055,caption_failed,empty caption from provider,6,inserted_degraded,empty caption from provider
wildfire/The-Wildfire-Dataset/nofire/eberhard-grossgasteiger-mfU50hZmjNI-unsplash.jpg,firebench_q054,caption_failed,empty caption from provider,6,inserted_degraded,empty caption from provider
sage/W097/imagesampler-mobotix-2727/sage-imagesampler-mobotix-0.3.7/000048b02dd3c427/1765428214479449504-sample.jpg,firebench_q055,caption_failed,empty caption from provider,6,inserted_degraded,empty caption from provider
sage/W097/imagesampler-mobotix-2727/sage-imagesampler-mobotix-0.3.7/000048b02dd3c427/1765368224919075780-sample.jpg,firebench_q055,caption_failed,empty caption from provider,6,inserted_degraded,empty caption from provider
wildfire/The-Wildfire-Dataset/nofire/jamo-images-1qLVCKLsPpA-unsplash.jpg,firebench_q055,caption_failed,empty caption from provider,6,inserted_degraded,empty caption from provider
sage/W097/imagesampler-mobotix-2727/sage-imagesampler-mobotix-0.3.7/000048b02dd3c427/1765374734796982447-sample.jpg,firebench_q055,caption_failed,empty caption from provider,6,inserted_degraded,empty caption from provider
sage/W097/imagesampler-mobotix-2727/sage-imagesampler-mobotix-0.3.7/000048b02dd3c427/1765426743793807197-sample.jpg,firebench_q055,caption_failed,empty caption from provider,6,inserted_degraded,empty caption from provider
sage/W097/imagesampler-mobotix-2727/sage-imagesampler-mobotix-0.3.7/000048b02dd3c427/1765371234632317531-sample.jpg,firebench_q056,caption_failed,empty caption from provider,6,inserted_degraded,empty caption from provider
wildfire/The-Wildfire-Dataset/nofire/jake-johnson--NNae3osles-unsplash.jpg,firebench_q055,caption_failed,empty caption from provider,6,inserted_degraded,empty caption from provider
sage/W097/imagesampler-mobotix-2727/sage-imagesampler-mobotix-0.3.7/000048b02dd3c427/1765369974051300919-sample.jpg,firebench_q056,caption_failed,empty caption from provider,6,inserted_degraded,empty caption from provider
sage/W097/imagesampler-mobotix-2727/sage-imagesampler-mobotix-0.3.7/000048b02dd3c427/1765367804200126022-sample.jpg,firebench_q056,caption_failed,empty caption from provider,6,inserted_degraded,empty caption from provider
sage/W097/imagesampler-mobotix-2727/sage-imagesampler-mobotix-0.3.7/000048b02dd3c427/1765366054397688240-sample.jpg,firebench_q056,caption_failed,empty caption from provider,6,inserted_degraded,empty caption from provider
sage/W097/imagesampler-mobotix-2727/sage-imagesampler-mobotix-0.3.7/000048b02dd3c427/1765366474267267732-sample.jpg,firebench_q056,caption_failed,empty caption from provider,6,inserted_degraded,empty caption from provider
sage/W097/imagesampler-mobotix-2727/sage-imagesampler-mobotix-0.3.7/000048b02dd3c427/1765431084218010588-sample.jpg,firebench_q056,caption_failed,empty caption from provider,6,inserted_degraded,empty caption from provider
sage/W097/imagesampler-mobotix-2727/sage-imagesampler-mobotix-0.3.7/000048b02dd3c427/1765426954822219585-sample.jpg,firebench_q055,caption_failed,empty caption from provider,6,inserted_degraded,empty caption from provider
sage/W097/imagesampler-mobotix-2727/sage-imagesampler-mobotix-0.3.7/000048b02dd3c427/1765372564727391440-sample.jpg,firebench_q056,caption_failed,empty caption from provider,6,inserted_degraded,empty caption from provider
sage/W097/imagesampler-mobotix-2727/sage-imagesampler-mobotix-0.3.7/000048b02dd3c427/1765368434692574966-sample.jpg,firebench_q056,caption_failed,empty caption from provider,6,inserted_degraded,empty caption from provider
sage/W097/imagesampler-mobotix-2727/sage-imagesampler-mobotix-0.3.7/000048b02dd3c427/1765350655029599492-sample.jpg,firebench_q056,caption_failed,empty caption from provider,6,inserted_degraded,empty caption from provider
sage/W097/imagesampler-mobotix-2727/sage-imagesampler-mobotix-0.3.7/000048b02dd3c427/1765356184305636880-sample.jpg,firebench_q056,caption_failed,empty caption from provider,6,inserted_degraded,empty caption from provider
sage/W097/imagesampler-mobotix-2727/sage-imagesampler-mobotix-0.3.7/000048b02dd3c427/1765354714667214771-sample.jpg,firebench_q056,caption_failed,empty caption from provider,6,inserted_degraded,empty caption from provider
sage/W097/imagesampler-mobotix-2727/sage-imagesampler-mobotix-0.3.7/000048b02dd3c427/1765365355028136439-sample.jpg,firebench_q056,caption_failed,empty caption from provider,6,inserted_degraded,empty caption from provider
sage/W097/imagesampler-mobotix-2727/sage-imagesampler-mobotix-0.3.7/000048b02dd3c427/1765372144699491536-sample.jpg,firebench_q056,caption_failed,empty caption from provider,6,inserted_degraded,empty caption from provider
sage/W097/imagesampler-mobotix-2727/sage-imagesampler-mobotix-0.3.7/000048b02dd3c427/1765374734796982447-sample.jpg,firebench_q056,caption_failed,empty caption from provider,6,inserted_degraded,empty caption from provider
sage/W097/imagesampler-mobotix-2727/sage-imagesampler-mobotix-0.3.7/000048b02dd3c427/1765371864186408575-sample.jpg,firebench_q056,caption_failed,empty caption from provider,6,inserted_degraded,empty caption from provider
sage/W097/imagesampler-mobotix-2727/sage-imagesampler-mobotix-0.3.7/000048b02dd3c427/1765359194656656373-sample.jpg,firebench_q056,caption_failed,empty caption from provider,6,inserted_degraded,empty caption from provider
sage/W097/imagesampler-mobotix-2727/sage-imagesampler-mobotix-0.3.7/000048b02dd3c427/1765356253873937776-sample.jpg,firebench_q056,caption_failed,empty caption from provider,6,inserted_degraded,empty caption from provider
wildfire/The-Wildfire-Dataset/nofire/max-burgi-duxCsFGyT2Q-unsplash.jpg,firebench_q055,caption_failed,empty caption from provider,6,inserted_degraded,empty caption from provider
figlib/HPWREN-FIgLib/20180728_FIRE_smer-tcs9-mobo-c/1532817477_2B01440.jpg,firebench_q056,caption_failed,empty caption from provider,6,inserted_degraded,empty caption from provider
wildfire/The-Wildfire-Dataset/nofire/ivan-torres-nehVKBqQIPA-unsplash.jpg,firebench_q054,caption_failed,empty caption from provider,6,inserted_degraded,empty caption from provider
sage/W097/imagesampler-mobotix-2727/sage-imagesampler-mobotix-0.3.7/000048b02dd3c427/1765366124063067448-sample.jpg,firebench_q056,caption_failed,empty caption from provider,6,inserted_degraded,empty caption from provider
sage/W097/imagesampler-mobotix-2727/sage-imagesampler-mobotix-0.3.7/000048b02dd3c427/1765372424305449568-sample.jpg,firebench_q056,caption_failed,empty caption from provider,6,inserted_degraded,empty caption from provider
sage/W097/imagesampler-mobotix-2727/sage-imagesampler-mobotix-0.3.7/000048b02dd3c427/1765350374425515141-sample.jpg,firebench_q056,caption_failed,empty caption from provider,6,inserted_degraded,empty caption from provider
sage/W097/imagesampler-mobotix-2727/sage-imagesampler-mobotix-0.3.7/000048b02dd3c427/1765373684065930219-sample.jpg,firebench_q056,caption_failed,empty caption from provider,6,inserted_degraded,empty caption from provider
sage/W097/imagesampler-mobotix-2727/sage-imagesampler-mobotix-0.3.7/000048b02dd3c427/1765347153892321240-sample.jpg,firebench_q056,caption_failed,empty caption from provider,6,inserted_degraded,empty caption from provider
sage/W097/imagesampler-mobotix-2727/sage-imagesampler-mobotix-0.3.7/000048b02dd3c427/1765367034300221137-sample.jpg,firebench_q056,caption_failed,empty caption from provider,6,inserted_degraded,empty caption from provider
sage/W097/imagesampler-mobotix-2727/sage-imagesampler-mobotix-0.3.7/000048b02dd3c427/1765365844425217441-sample.jpg,firebench_q056,caption_failed,empty caption from provider,6,inserted_degraded,empty caption from provider
sage/W097/imagesampler-mobotix-2727/sage-imagesampler-mobotix-0.3.7/000048b02dd3c427/1765353244459624391-sample.jpg,firebench_q056,caption_failed,empty caption from provider,6,inserted_degraded,empty caption from provider
sage/W097/imagesampler-mobotix-2727/sage-imagesampler-mobotix-0.3.7/000048b02dd3c427/1765361224120516865-sample.jpg,firebench_q056,caption_failed,empty caption from provider,6,inserted_degraded,empty caption from provider
sage/W097/imagesampler-mobotix-2727/sage-imagesampler-mobotix-0.3.7/000048b02dd3c427/1765369764147379209-sample.jpg,firebench_q056,caption_failed,empty caption from provider,6,inserted_degraded,empty caption from provider
sage/W097/imagesampler-mobotix-2727/sage-imagesampler-mobotix-0.3.7/000048b02dd3c427/1765367873755846707-sample.jpg,firebench_q056,caption_failed,empty caption from provider,6,inserted_degraded,empty caption from provider
sage/W097/imagesampler-mobotix-2727/sage-imagesampler-mobotix-0.3.7/000048b02dd3c427/1765375855015614741-sample.jpg,firebench_q056,caption_failed,empty caption from provider,6,inserted_degraded,empty caption from provider
wildfire/The-Wildfire-Dataset/fire/50163583211_0e4782cefe_o.jpg,firebench_q056,caption_failed,empty caption from provider,6,inserted_degraded,empty caption from provider
sage/W097/imagesampler-mobotix-2727/sage-imagesampler-mobotix-0.3.7/000048b02dd3c427/1765369623864171888-sample.jpg,firebench_q056,caption_failed,empty caption from provider,6,inserted_degraded,empty caption from provider
sage/W097/imagesampler-mobotix-2727/sage-imagesampler-mobotix-0.3.7/000048b02dd3c427/1765368294670229944-sample.jpg,firebench_q056,caption_failed,empty caption from provider,6,inserted_degraded,empty caption from provider
sage/W097/imagesampler-mobotix-2727/sage-imagesampler-mobotix-0.3.7/000048b02dd3c427/1765370954115100795-sample.jpg,firebench_q056,caption_failed,empty caption from provider,6,inserted_degraded,empty caption from provider
sage/W097/imagesampler-mobotix-2727/sage-imagesampler-mobotix-0.3.7/000048b02dd3c427/1765352124441624014-sample.jpg,firebench_q057,caption_failed,empty caption from provider,6,inserted_degraded,empty caption from provider
sage/W097/imagesampler-mobotix-2727/sage-imagesampler-mobotix-0.3.7/000048b02dd3c427/1765369834870383295-sample.jpg,firebench_q057,caption_failed,empty caption from provider,6,inserted_degraded,empty caption from provider
sage/W097/imagesampler-mobotix-2727/sage-imagesampler-mobotix-0.3.7/000048b02dd3c427/1765375994198512094-sample.jpg,firebench_q057,caption_failed,empty caption from provider,6,inserted_degraded,empty caption from provider
sage/W097/imagesampler-mobotix-2727/sage-imagesampler-mobotix-0.3.7/000048b02dd3c427/1765367313873449638-sample.jpg,firebench_q056,caption_failed,empty caption from provider,6,inserted_degraded,empty caption from provider
sage/W097/imagesampler-mobotix-2727/sage-imagesampler-mobotix-0.3.7/000048b02dd3c427/1765356184305636880-sample.jpg,firebench_q057,caption_failed,empty caption from provider,6,inserted_degraded,empty caption from provider
sage/W097/imagesampler-mobotix-2727/sage-imagesampler-mobotix-0.3.7/000048b02dd3c427/1765371234632317531-sample.jpg,firebench_q057,caption_failed,empty caption from provider,6,inserted_degraded,empty caption from provider
wildfire/The-Wildfire-Dataset/nofire/olena-sergienko-yALeiJ1KdiQ-unsplash.jpg,firebench_q056,caption_failed,empty caption from provider,6,inserted_degraded,empty caption from provider
wildfire/The-Wildfire-Dataset/fire/42582899664_cca07c91b8_o.jpg,firebench_q055,caption_failed,empty caption from provider,6,inserted_degraded,empty caption from provider
sage/W097/imagesampler-mobotix-2727/sage-imagesampler-mobotix-0.3.7/000048b02dd3c427/1765367804200126022-sample.jpg,firebench_q057,caption_failed,empty caption from provider,6,inserted_degraded,empty caption from provider
sage/W097/imagesampler-mobotix-2727/sage-imagesampler-mobotix-0.3.7/000048b02dd3c427/1765372144699491536-sample.jpg,firebench_q057,caption_failed,empty caption from provider,6,inserted_degraded,empty caption from provider
sage/W097/imagesampler-mobotix-2727/sage-imagesampler-mobotix-0.3.7/000048b02dd3c427/1765372004417222454-sample.jpg,firebench_q057,caption_failed,empty caption from provider,6,inserted_degraded,empty caption from provider
sage/W097/imagesampler-mobotix-2727/sage-imagesampler-mobotix-0.3.7/000048b02dd3c427/1765372564727391440-sample.jpg,firebench_q057,caption_failed,empty caption from provider,6,inserted_degraded,empty caption from provider
sage/W097/imagesampler-mobotix-2727/sage-imagesampler-mobotix-0.3.7/000048b02dd3c427/1765373194656848331-sample.jpg,firebench_q057,caption_failed,empty caption from provider,6,inserted_degraded,empty caption from provider
sage/W097/imagesampler-mobotix-2727/sage-imagesampler-mobotix-0.3.7/000048b02dd3c427/1765347153892321240-sample.jpg,firebench_q057,caption_failed,empty caption from provider,6,inserted_degraded,empty caption from provider
wildfire/The-Wildfire-Dataset/nofire/mj-Nz-fXma87wQ-unsplash.jpg,firebench_q056,caption_failed,empty caption from provider,6,inserted_degraded,empty caption from provider
sage/W097/imagesampler-mobotix-2727/sage-imagesampler-mobotix-0.3.7/000048b02dd3c427/1765371304291957348-sample.jpg,firebench_q057,caption_failed,empty caption from provider,6,inserted_degraded,empty caption from provider
sage/W097/imagesampler-mobotix-2727/sage-imagesampler-mobotix-0.3.7/000048b02dd3c427/1765350655029599492-sample.jpg,firebench_q057,caption_failed,empty caption from provider,6,inserted_degraded,empty caption from provider
sage/W097/imagesampler-mobotix-2727/sage-imagesampler-mobotix-0.3.7/000048b02dd3c427/1765351424125321002-sample.jpg,firebench_q057,caption_failed,empty caption from provider,6,inserted_degraded,empty caption from provider
sage/W097/imagesampler-mobotix-2727/sage-imagesampler-mobotix-0.3.7/000048b02dd3c427/1765353175175451823-sample.jpg,firebench_q057,caption_failed,empty caption from provider,6,inserted_degraded,empty caption from provider
sage/W097/imagesampler-mobotix-2727/sage-imagesampler-mobotix-0.3.7/000048b02dd3c427/1765366054397688240-sample.jpg,firebench_q057,caption_failed,empty caption from provider,6,inserted_degraded,empty caption from provider
sage/W097/imagesampler-mobotix-2727/sage-imagesampler-mobotix-0.3.7/000048b02dd3c427/1765354364566918221-sample.jpg,firebench_q057,caption_failed,empty caption from provider,6,inserted_degraded,empty caption from provider
sage/W097/imagesampler-mobotix-2727/sage-imagesampler-mobotix-0.3.7/000048b02dd3c427/1765358914053876243-sample.jpg,firebench_q057,caption_failed,empty caption from provider,6,inserted_degraded,empty caption from provider
sage/W097/imagesampler-mobotix-2727/sage-imagesampler-mobotix-0.3.7/000048b02dd3c427/1765371024714298123-sample.jpg,firebench_q057,caption_failed,empty caption from provider,6,inserted_degraded,empty caption from provider
sage/W097/imagesampler-mobotix-2727/sage-imagesampler-mobotix-0.3.7/000048b02dd3c427/1765353454373046730-sample.jpg,firebench_q057,caption_failed,empty caption from provider,6,inserted_degraded,empty caption from provider
sage/W097/imagesampler-mobotix-2727/sage-imagesampler-mobotix-0.3.7/000048b02dd3c427/1765366474267267732-sample.jpg,firebench_q057,caption_failed,empty caption from provider,6,inserted_degraded,empty caption from provider
sage/W097/imagesampler-mobotix-2727/sage-imagesampler-mobotix-0.3.7/000048b02dd3c427/1765374734796982447-sample.jpg,firebench_q057,caption_failed,empty caption from provider,6,inserted_degraded,empty caption from provider
sage/W097/imagesampler-mobotix-2727/sage-imagesampler-mobotix-0.3.7/000048b02dd3c427/1765376204165347050-sample.jpg,firebench_q057,caption_failed,empty caption from provider,6,inserted_degraded,empty caption from provider
sage/W097/imagesampler-mobotix-2727/sage-imagesampler-mobotix-0.3.7/000048b02dd3c427/1765376484676709874-sample.jpg,firebench_q057,caption_failed,empty caption from provider,6,inserted_degraded,empty caption from provider
sage/W097/imagesampler-mobotix-2727/sage-imagesampler-mobotix-0.3.7/000048b02dd3c427/1765351494705509702-sample.jpg,firebench_q057,caption_failed,empty caption from provider,6,inserted_degraded,empty caption from provider
sage/W097/imagesampler-mobotix-2727/sage-imagesampler-mobotix-0.3.7/000048b02dd3c427/1765372354756783668-sample.jpg,firebench_q057,caption_failed,empty caption from provider,6,inserted_degraded,empty caption from provider
sage/W097/imagesampler-mobotix-2727/sage-imagesampler-mobotix-0.3.7/000048b02dd3c427/1765381244112302944-sample.jpg,firebench_q057,caption_failed,empty caption from provider,6,inserted_degraded,empty caption from provider
sage/W097/imagesampler-mobotix-2727/sage-imagesampler-mobotix-0.3.7/000048b02dd3c427/1765350024270840027-sample.jpg,firebench_q057,caption_failed,empty caption from provider,6,inserted_degraded,empty caption from provider
wildfire/The-Wildfire-Dataset/nofire/pramod-tiwari--uVQYYD5qco-unsplash.jpg,firebench_q057,caption_failed,empty caption from provider,6,inserted_degraded,empty caption from provider
sage/W097/imagesampler-mobotix-2727/sage-imagesampler-mobotix-0.3.7/000048b02dd3c427/1765355415261879596-sample.jpg,firebench_q057,caption_failed,empty caption from provider,6,inserted_degraded,empty caption from provider
sage/W097/imagesampler-mobotix-2727/sage-imagesampler-mobotix-0.3.7/000048b02dd3c427/1765361014256371062-sample.jpg,firebench_q057,caption_failed,empty caption from provider,6,inserted_degraded,empty caption from provider
sage/W097/imagesampler-mobotix-2727/sage-imagesampler-mobotix-0.3.7/000048b02dd3c427/1765369623864171888-sample.jpg,firebench_q057,caption_failed,empty caption from provider,6,inserted_degraded,empty caption from provider
sage/W097/imagesampler-mobotix-2727/sage-imagesampler-mobotix-0.3.7/000048b02dd3c427/1765369484605809207-sample.jpg,firebench_q057,caption_failed,empty caption from provider,6,inserted_degraded,empty caption from provider
sage/W097/imagesampler-mobotix-2727/sage-imagesampler-mobotix-0.3.7/000048b02dd3c427/1765349744801332363-sample.jpg,firebench_q057,caption_failed,empty caption from provider,6,inserted_degraded,empty caption from provider
sage/W097/imagesampler-mobotix-2727/sage-imagesampler-mobotix-0.3.7/000048b02dd3c427/1765371725050252801-sample.jpg,firebench_q057,caption_failed,empty caption from provider,6,inserted_degraded,empty caption from provider
sage/W097/imagesampler-bottom-2726/sage-imagesampler-bottom-0.3.7/000048b02dd3c427/1765347005847791627-sample.jpg,firebench_q058,caption_failed,empty caption from provider,6,inserted_degraded,empty caption from provider
sage/W097/imagesampler-mobotix-2727/sage-imagesampler-mobotix-0.3.7/000048b02dd3c427/1765377745224832841-sample.jpg,firebench_q058,caption_failed,empty caption from provider,6,inserted_degraded,empty caption from provider
sage/W097/imagesampler-mobotix-2727/sage-imagesampler-mobotix-0.3.7/000048b02dd3c427/1765380754541071110-sample.jpg,firebench_q058,caption_failed,empty caption from provider,6,inserted_degraded,empty caption from provider
sage/W097/imagesampler-mobotix-2727/sage-imagesampler-mobotix-0.3.7/000048b02dd3c427/1765380404597933298-sample.jpg,firebench_q058,caption_failed,empty caption from provider,6,inserted_degraded,empty caption from provider
sage/W097/imagesampler-mobotix-2727/sage-imagesampler-mobotix-0.3.7/000048b02dd3c427/1765367034300221137-sample.jpg,firebench_q057,caption_failed,empty caption from provider,6,inserted_degraded,empty caption from provider
wildfire/The-Wildfire-Dataset/nofire/jamo-images-1qLVCKLsPpA-unsplash.jpg,firebench_q057,caption_failed,empty caption from provider,6,inserted_degraded,empty caption from provider
sage/W097/imagesampler-mobotix-2727/sage-imagesampler-mobotix-0.3.7/000048b02dd3c427/1765376904473721336-sample.jpg,firebench_q058,caption_failed,empty caption from provider,6,inserted_degraded,empty caption from provider
sage/W097/imagesampler-mobotix-2727/sage-imagesampler-mobotix-0.3.7/000048b02dd3c427/1765370954115100795-sample.jpg,firebench_q057,caption_failed,empty caption from provider,6,inserted_degraded,empty caption from provider
sage/W097/imagesampler-mobotix-2727/sage-imagesampler-mobotix-0.3.7/000048b02dd3c427/1765376974103834873-sample.jpg,firebench_q058,caption_failed,empty caption from provider,6,inserted_degraded,empty caption from provider
wildfire/The-Wildfire-Dataset/nofire/julian-gruneberg-DupkgRi63ns-unsplash.jpg,firebench_q057,caption_failed,empty caption from provider,6,inserted_degraded,empty caption from provider
sage/W097/imagesampler-mobotix-2727/sage-imagesampler-mobotix-0.3.7/000048b02dd3c427/1765379004585109281-sample.jpg,firebench_q058,caption_failed,empty caption from provider,6,inserted_degraded,empty caption from provider
sage/W097/imagesampler-mobotix-2727/sage-imagesampler-mobotix-0.3.7/000048b02dd3c427/1765380964493988960-sample.jpg,firebench_q058,caption_failed,empty caption from provider,6,inserted_degraded,empty caption from provider
sage/W097/imagesampler-mobotix-2727/sage-imagesampler-mobotix-0.3.7/000048b02dd3c427/1765346594828362288-sample.jpg,firebench_q058,caption_failed,empty caption from provider,6,inserted_degraded,empty caption from provider
sage/W097/imagesampler-mobotix-2727/sage-imagesampler-mobotix-0.3.7/000048b02dd3c427/1765367313873449638-sample.jpg,firebench_q058,caption_failed,empty caption from provider,6,inserted_degraded,empty caption from provider
sage/W097/imagesampler-mobotix-2727/sage-imagesampler-mobotix-0.3.7/000048b02dd3c427/1765360384545162546-sample.jpg,firebench_q058,caption_failed,empty caption from provider,6,inserted_degraded,empty caption from provider
sage/W097/imagesampler-mobotix-2727/sage-imagesampler-mobotix-0.3.7/000048b02dd3c427/1765370534288135105-sample.jpg,firebench_q058,caption_failed,empty caption from provider,6,inserted_degraded,empty caption from provider
sage/W097/imagesampler-mobotix-2727/sage-imagesampler-mobotix-0.3.7/000048b02dd3c427/1765367244202841528-sample.jpg,firebench_q058,caption_failed,empty caption from provider,6,inserted_degraded,empty caption from provider
sage/W097/imagesampler-mobotix-2727/sage-imagesampler-mobotix-0.3.7/000048b02dd3c427/1765376134415819565-sample.jpg,firebench_q058,caption_failed,empty caption from provider,6,inserted_degraded,empty caption from provider
sage/W097/imagesampler-mobotix-2727/sage-imagesampler-mobotix-0.3.7/000048b02dd3c427/1765369206251405258-sample.jpg,firebench_q058,caption_failed,empty caption from provider,6,inserted_degraded,empty caption from provider
sage/W097/imagesampler-mobotix-2727/sage-imagesampler-mobotix-0.3.7/000048b02dd3c427/1765376694628026235-sample.jpg,firebench_q058,caption_failed,empty caption from provider,6,inserted_degraded,empty caption from provider
sage/W097/imagesampler-mobotix-2727/sage-imagesampler-mobotix-0.3.7/000048b02dd3c427/1765376415123571468-sample.jpg,firebench_q058,caption_failed,empty caption from provider,6,inserted_degraded,empty caption from provider
sage/W097/imagesampler-mobotix-2727/sage-imagesampler-mobotix-0.3.7/000048b02dd3c427/1765377114402293423-sample.jpg,firebench_q058,caption_failed,empty caption from provider,6,inserted_degraded,empty caption from provider
sage/W097/imagesampler-mobotix-2727/sage-imagesampler-mobotix-0.3.7/000048b02dd3c427/1765378724031548069-sample.jpg,firebench_q058,caption_failed,empty caption from provider,6,inserted_degraded,empty caption from provider
wildfire/The-Wildfire-Dataset/nofire/taneli-lahtinen-FUoyHvCUpGY-unsplash.jpg,firebench_q058,caption_failed,empty caption from provider,6,inserted_degraded,empty caption from provider
sage/W097/imagesampler-mobotix-2727/sage-imagesampler-mobotix-0.3.7/000048b02dd3c427/1765377254633246218-sample.jpg,firebench_q058,caption_failed,empty caption from provider,6,inserted_degraded,empty caption from provider
sage/W097/imagesampler-mobotix-2727/sage-imagesampler-mobotix-0.3.7/000048b02dd3c427/1765350514576575290-sample.jpg,firebench_q058,caption_failed,empty caption from provider,6,inserted_degraded,empty caption from provider
sage/W097/imagesampler-mobotix-2727/sage-imagesampler-mobotix-0.3.7/000048b02dd3c427/1765431925017529582-sample.jpg,firebench_q058,caption_failed,empty caption from provider,6,inserted_degraded,empty caption from provider
sage/W097/imagesampler-mobotix-2727/sage-imagesampler-mobotix-0.3.7/000048b02dd3c427/1765349533988519434-sample.jpg,firebench_q058,caption_failed,empty caption from provider,6,inserted_degraded,empty caption from provider
sage/W097/imagesampler-mobotix-2727/sage-imagesampler-mobotix-0.3.7/000048b02dd3c427/1765386144944643405-sample.jpg,firebench_q059,caption_failed,empty caption from provider,6,inserted_degraded,empty caption from provider
sage/W097/imagesampler-mobotix-2727/sage-imagesampler-mobotix-0.3.7/000048b02dd3c427/1765370954115100795-sample.jpg,firebench_q058,caption_failed,empty caption from provider,6,inserted_degraded,empty caption from provider
sage/W097/imagesampler-mobotix-2727/sage-imagesampler-mobotix-0.3.7/000048b02dd3c427/1765366124063067448-sample.jpg,firebench_q058,caption_failed,empty caption from provider,6,inserted_degraded,empty caption from provider
sage/W097/imagesampler-mobotix-2727/sage-imagesampler-mobotix-0.3.7/000048b02dd3c427/1765362904772766467-sample.jpg,firebench_q058,caption_failed,empty caption from provider,6,inserted_degraded,empty caption from provider
sage/W097/imagesampler-mobotix-2727/sage-imagesampler-mobotix-0.3.7/000048b02dd3c427/1765366404571940718-sample.jpg,firebench_q058,caption_failed,empty caption from provider,6,inserted_degraded,empty caption from provider
sage/W097/imagesampler-mobotix-2727/sage-imagesampler-mobotix-0.3.7/000048b02dd3c427/1765414773847586468-sample.jpg,firebench_q059,caption_failed,empty caption from provider,6,inserted_degraded,empty caption from provider
wildfire/The-Wildfire-Dataset/nofire/clay-elliot-nWr7mUFtyho-unsplash.jpg,firebench_q058,caption_failed,empty caption from provider,6,inserted_degraded,empty caption from provider
sage/W097/imagesampler-mobotix-2727/sage-imagesampler-mobotix-0.3.7/000048b02dd3c427/1765355974347239308-sample.jpg,firebench_q058,caption_failed,empty caption from provider,6,inserted_degraded,empty caption from provider
sage/W097/imagesampler-mobotix-2727/sage-imagesampler-mobotix-0.3.7/000048b02dd3c427/1765362625105839643-sample.jpg,firebench_q058,caption_failed,empty caption from provider,6,inserted_degraded,empty caption from provider
sage/W097/imagesampler-mobotix-2727/sage-imagesampler-mobotix-0.3.7/000048b02dd3c427/1765374804360391588-sample.jpg,firebench_q058,caption_failed,empty caption from provider,6,inserted_degraded,empty caption from provider
sage/W097/imagesampler-mobotix-2727/sage-imagesampler-mobotix-0.3.7/000048b02dd3c427/1765415474365093649-sample.jpg,firebench_q059,caption_failed,empty caption from provider,6,inserted_degraded,empty caption from provider
wildfire/The-Wildfire-Dataset/nofire/casey-horner-09Ds-LMCimI-unsplash.jpg,firebench_q057,caption_failed,empty caption from provider,6,inserted_degraded,empty caption from provider
sage/W097/imagesampler-mobotix-2727/sage-imagesampler-mobotix-0.3.7/000048b02dd3c427/1765406094381809169-sample.jpg,firebench_q059,caption_failed,empty caption from provider,6,inserted_degraded,empty caption from provider
sage/W097/imagesampler-mobotix-2727/sage-imagesampler-mobotix-0.3.7/000048b02dd3c427/1765396643921622951-sample.jpg,firebench_q059,caption_failed,empty caption from provider,6,inserted_degraded,empty caption from provider
sage/W097/imagesampler-mobotix-2727/sage-imagesampler-mobotix-0.3.7/000048b02dd3c427/1765387614517861977-sample.jpg,firebench_q059,caption_failed,empty caption from provider,6,inserted_degraded,empty caption from provider
sage/W097/imagesampler-mobotix-2727/sage-imagesampler-mobotix-0.3.7/000048b02dd3c427/1765420444057932133-sample.jpg,firebench_q059,caption_failed,empty caption from provider,6,inserted_degraded,empty caption from provider
sage/W097/imagesampler-mobotix-2727/sage-imagesampler-mobotix-0.3.7/000048b02dd3c427/1765420164460900225-sample.jpg,firebench_q059,caption_failed,empty caption from provider,6,inserted_degraded,empty caption from provider
figlib/HPWREN-FIgLib/20170711_FIRE_bl-e-mobo-c/1499807331_2B01200.jpg,firebench_q059,caption_failed,empty caption from provider,6,inserted_degraded,empty caption from provider
sage/W097/imagesampler-mobotix-2727/sage-imagesampler-mobotix-0.3.7/000048b02dd3c427/1765408334735528788-sample.jpg,firebench_q059,caption_failed,empty caption from provider,6,inserted_degraded,empty caption from provider
sage/W097/imagesampler-mobotix-2727/sage-imagesampler-mobotix-0.3.7/000048b02dd3c427/1765372144699491536-sample.jpg,firebench_q059,caption_failed,empty caption from provider,6,inserted_degraded,empty caption from provider
figlib/HPWREN-FIgLib/20240701_Kitchenfire_mlo-s-mobo-c/1719856851_2B01801.jpg,firebench_q059,caption_failed,empty caption from provider,6,inserted_degraded,empty caption from provider
wildfire/The-Wildfire-Dataset/nofire/egor-vikhrev-E_edycnsz_E-unsplash.jpg,firebench_q058,caption_failed,empty caption from provider,6,inserted_degraded,empty caption from provider
sage/W097/imagesampler-mobotix-2727/sage-imagesampler-mobotix-0.3.7/000048b02dd3c427/1765347153892321240-sample.jpg,firebench_q059,caption_failed,empty caption from provider,6,inserted_degraded,empty caption from provider
sage/W097/imagesampler-mobotix-2727/sage-imagesampler-mobotix-0.3.7/000048b02dd3c427/1765383344126744266-sample.jpg,firebench_q059,caption_failed,empty caption from provider,6,inserted_degraded,empty caption from provider
sage/W097/imagesampler-mobotix-2727/sage-imagesampler-mobotix-0.3.7/000048b02dd3c427/1765353244459624391-sample.jpg,firebench_q059,caption_failed,empty caption from provider,6,inserted_degraded,empty caption from provider
sage/W097/imagesampler-mobotix-2727/sage-imagesampler-mobotix-0.3.7/000048b02dd3c427/1765383274468936432-sample.jpg,firebench_q059,caption_failed,empty caption from provider,6,inserted_degraded,empty caption from provider
wildfire/The-Wildfire-Dataset/nofire/nate-johnston-seLQo3j7Xu4-unsplash.jpg,firebench_q057,caption_failed,empty caption from provider,6,inserted_degraded,empty caption from provider
figlib/HPWREN-FIgLib/20200905_ValleyFire_sm-e-mobo-c/1599342809_2B01440.jpg,firebench_q059,caption_failed,empty caption from provider,6,inserted_degraded,empty caption from provider
sage/W097/imagesampler-mobotix-2727/sage-imagesampler-mobotix-0.3.7/000048b02dd3c427/1765354083922851071-sample.jpg,firebench_q059,caption_failed,empty caption from provider,6,inserted_degraded,empty caption from provider
sage/W097/imagesampler-mobotix-2727/sage-imagesampler-mobotix-0.3.7/000048b02dd3c427/1765383484385875148-sample.jpg,firebench_q059,caption_failed,empty caption from provider,6,inserted_degraded,empty caption from provider
sage/W097/imagesampler-mobotix-2727/sage-imagesampler-mobotix-0.3.7/000048b02dd3c427/1765415824829382224-sample.jpg,firebench_q059,caption_failed,empty caption from provider,6,inserted_degraded,empty caption from provider
sage/W097/imagesampler-mobotix-2727/sage-imagesampler-mobotix-0.3.7/000048b02dd3c427/1765373684065930219-sample.jpg,firebench_q059,caption_failed,empty caption from provider,6,inserted_degraded,empty caption from provider
sage/W097/imagesampler-mobotix-2727/sage-imagesampler-mobotix-0.3.7/000048b02dd3c427/1765396504753141039-sample.jpg,firebench_q059,caption_failed,empty caption from provider,6,inserted_degraded,empty caption from provider
sage/W097/imagesampler-mobotix-2727/sage-imagesampler-mobotix-0.3.7/000048b02dd3c427/1765366474267267732-sample.jpg,firebench_q059,caption_failed,empty caption from provider,6,inserted_degraded,empty caption from provider
sage/W097/imagesampler-mobotix-2727/sage-imagesampler-mobotix-0.3.7/000048b02dd3c427/1765393075145878413-sample.jpg,firebench_q059,caption_failed,empty caption from provider,6,inserted_degraded,empty caption from provider
sage/W097/imagesampler-mobotix-2727/sage-imagesampler-mobotix-0.3.7/000048b02dd3c427/1765410293728417439-sample.jpg,firebench_q059,caption_failed,empty caption from provider,6,inserted_degraded,empty caption from provider
sage/W097/imagesampler-mobotix-2727/sage-imagesampler-mobotix-0.3.7/000048b02dd3c427/1765385024506305121-sample.jpg,firebench_q059,caption_failed,empty caption from provider,6,inserted_degraded,empty caption from provider
wildfire/The-Wildfire-Dataset/fire/52798639193_b4c94df0be_o.jpg,firebench_q060,caption_failed,empty caption from provider,6,inserted_degraded,empty caption from provider
sage/W097/imagesampler-mobotix-2727/sage-imagesampler-mobotix-0.3.7/000048b02dd3c427/1765409804174748197-sample.jpg,firebench_q059,caption_failed,empty caption from provider,6,inserted_degraded,empty caption from provider
sage/W097/imagesampler-mobotix-2727/sage-imagesampler-mobotix-0.3.7/000048b02dd3c427/1765396714466298818-sample.jpg,firebench_q059,caption_failed,empty caption from provider,6,inserted_degraded,empty caption from provider
sage/W097/imagesampler-mobotix-2727/sage-imagesampler-mobotix-0.3.7/000048b02dd3c427/1765396293840924516-sample.jpg,firebench_q059,caption_failed,empty caption from provider,6,inserted_degraded,empty caption from provider
sage/W097/imagesampler-mobotix-2727/sage-imagesampler-mobotix-0.3.7/000048b02dd3c427/1765390834621444789-sample.jpg,firebench_q060,caption_failed,empty caption from provider,6,inserted_degraded,empty caption from provider
sage/W097/imagesampler-mobotix-2727/sage-imagesampler-mobotix-0.3.7/000048b02dd3c427/1765383764133589872-sample.jpg,firebench_q059,caption_failed,empty caption from provider,6,inserted_degraded,empty caption from provider
sage/W097/imagesampler-mobotix-2727/sage-imagesampler-mobotix-0.3.7/000048b02dd3c427/1765391464182782902-sample.jpg,firebench_q060,caption_failed,empty caption from provider,6,inserted_degraded,empty caption from provider
sage/W097/imagesampler-mobotix-2727/sage-imagesampler-mobotix-0.3.7/000048b02dd3c427/1765396364511570834-sample.jpg,firebench_q060,caption_failed,empty caption from provider,6,inserted_degraded,empty caption from provider
sage/W097/imagesampler-mobotix-2727/sage-imagesampler-mobotix-0.3.7/000048b02dd3c427/1765378163904756717-sample.jpg,firebench_q059,caption_failed,empty caption from provider,6,inserted_degraded,empty caption from provider
sage/W097/imagesampler-mobotix-2727/sage-imagesampler-mobotix-0.3.7/000048b02dd3c427/1765418764592695072-sample.jpg,firebench_q060,caption_failed,empty caption from provider,6,inserted_degraded,empty caption from provider
sage/W097/imagesampler-mobotix-2727/sage-imagesampler-mobotix-0.3.7/000048b02dd3c427/1765387123849468620-sample.jpg,firebench_q060,caption_failed,empty caption from provider,6,inserted_degraded,empty caption from provider
sage/W097/imagesampler-mobotix-2727/sage-imagesampler-mobotix-0.3.7/000048b02dd3c427/1765367034300221137-sample.jpg,firebench_q059,caption_failed,empty caption from provider,6,inserted_degraded,empty caption from provider
sage/W097/imagesampler-mobotix-2727/sage-imagesampler-mobotix-0.3.7/000048b02dd3c427/1765420444057932133-sample.jpg,firebench_q060,caption_failed,empty caption from provider,6,inserted_degraded,empty caption from provider
sage/W097/imagesampler-mobotix-2727/sage-imagesampler-mobotix-0.3.7/000048b02dd3c427/1765409034219308114-sample.jpg,firebench_q060,caption_failed,empty caption from provider,6,inserted_degraded,empty caption from provider
wildfire/The-Wildfire-Dataset/nofire/kristaps-ungurs-8xLNRmRj95A-unsplash.jpg,firebench_q059,caption_failed,empty caption from provider,6,inserted_degraded,empty caption from provider
sage/W097/imagesampler-mobotix-2727/sage-imagesampler-mobotix-0.3.7/000048b02dd3c427/1765396434217678448-sample.jpg,firebench_q060,caption_failed,empty caption from provider,6,inserted_degraded,empty caption from provider
sage/W097/imagesampler-mobotix-2727/sage-imagesampler-mobotix-0.3.7/000048b02dd3c427/1765373684065930219-sample.jpg,firebench_q060,caption_failed,empty caption from provider,6,inserted_degraded,empty caption from provider
sage/W097/imagesampler-mobotix-2727/sage-imagesampler-mobotix-0.3.7/000048b02dd3c427/1765390274426728726-sample.jpg,firebench_q060,caption_failed,empty caption from provider,6,inserted_degraded,empty caption from provider
wildfire/The-Wildfire-Dataset/fire/33584185233_ec01986a56_o.jpg,firebench_q060,caption_failed,empty caption from provider,6,inserted_degraded,empty caption from provider
sage/W097/imagesampler-mobotix-2727/sage-imagesampler-mobotix-0.3.7/000048b02dd3c427/1765415474365093649-sample.jpg,firebench_q060,caption_failed,empty caption from provider,6,inserted_degraded,empty caption from provider
sage/W097/imagesampler-mobotix-2727/sage-imagesampler-mobotix-0.3.7/000048b02dd3c427/1765396504753141039-sample.jpg,firebench_q060,caption_failed,empty caption from provider,6,inserted_degraded,empty caption from provider
sage/W097/imagesampler-bottom-2726/sage-imagesampler-bottom-0.3.7/000048b02dd3c427/1765393804796150122-sample.jpg,firebench_q060,caption_failed,empty caption from provider,6,inserted_degraded,empty caption from provider
sage/W097/imagesampler-mobotix-2727/sage-imagesampler-mobotix-0.3.7/000048b02dd3c427/1765383484385875148-sample.jpg,firebench_q060,caption_failed,empty caption from provider,6,inserted_degraded,empty caption from provider
sage/W097/imagesampler-mobotix-2727/sage-imagesampler-mobotix-0.3.7/000048b02dd3c427/1765420164460900225-sample.jpg,firebench_q060,caption_failed,empty caption from provider,6,inserted_degraded,empty caption from provider
sage/W097/imagesampler-mobotix-2727/sage-imagesampler-mobotix-0.3.7/000048b02dd3c427/1765349533988519434-sample.jpg,firebench_q060,caption_failed,empty caption from provider,6,inserted_degraded,empty caption from provider
sage/W097/imagesampler-mobotix-2727/sage-imagesampler-mobotix-0.3.7/000048b02dd3c427/1765384184688831661-sample.jpg,firebench_q060,caption_failed,empty caption from provider,6,inserted_degraded,empty caption from provider
sage/W097/imagesampler-mobotix-2727/sage-imagesampler-mobotix-0.3.7/000048b02dd3c427/1765415685335731177-sample.jpg,firebench_q060,caption_failed,empty caption from provider,6,inserted_degraded,empty caption from provider
figlib/HPWREN-FIgLib/20200905_ValleyFire_sm-e-mobo-c/1599342809_2B01440.jpg,firebench_q060,caption_failed,empty caption from provider,6,inserted_degraded,empty caption from provider
sage/W097/imagesampler-mobotix-2727/sage-imagesampler-mobotix-0.3.7/000048b02dd3c427/1765421004019067039-sample.jpg,firebench_q060,caption_failed,empty caption from provider,6,inserted_degraded,empty caption from provider
sage/W097/imagesampler-mobotix-2727/sage-imagesampler-mobotix-0.3.7/000048b02dd3c427/1765383344126744266-sample.jpg,firebench_q060,caption_failed,empty caption from provider,6,inserted_degraded,empty caption from provider
wildfire/The-Wildfire-Dataset/nofire/eberhard-grossgasteiger-K27cUzugBiA-unsplash.jpg,firebench_q058,caption_failed,empty caption from provider,6,inserted_degraded,empty caption from provider
wildfire/The-Wildfire-Dataset/nofire/ross-sokolovski-cWu504_3z7A-unsplash.jpg,firebench_q059,caption_failed,empty caption from provider,6,inserted_degraded,empty caption from provider
wildfire/The-Wildfire-Dataset/nofire/timothy-l-brock-UQiBY1yu8U0-unsplash.jpg,firebench_q060,caption_failed,empty caption from provider,6,inserted_degraded,empty caption from provider
sage/W097/imagesampler-mobotix-2727/sage-imagesampler-mobotix-0.3.7/000048b02dd3c427/1765383274468936432-sample.jpg,firebench_q060,caption_failed,empty caption from provider,6,inserted_degraded,empty caption from provider
sage/W097/imagesampler-mobotix-2727/sage-imagesampler-mobotix-0.3.7/000048b02dd3c427/1765415824829382224-sample.jpg,firebench_q060,caption_failed,empty caption from provider,6,inserted_degraded,empty caption from provider
sage/W097/imagesampler-mobotix-2727/sage-imagesampler-mobotix-0.3.7/000048b02dd3c427/1765416524201104676-sample.jpg,firebench_q060,caption_failed,empty caption from provider,6,inserted_degraded,empty caption from provider
sage/W097/imagesampler-mobotix-2727/sage-imagesampler-mobotix-0.3.7/000048b02dd3c427/1765384394716147184-sample.jpg,firebench_q060,caption_failed,empty caption from provider,6,inserted_degraded,empty caption from provider
sage/W097/imagesampler-bottom-2726/sage-imagesampler-bottom-0.3.7/000048b02dd3c427/1765393804796150122-sample.jpg,firebench_q061,caption_failed,empty caption from provider,6,inserted_degraded,empty caption from provider
sage/W097/imagesampler-mobotix-2727/sage-imagesampler-mobotix-0.3.7/000048b02dd3c427/1765385024506305121-sample.jpg,firebench_q060,caption_failed,empty caption from provider,6,inserted_degraded,empty caption from provider
figlib/HPWREN-FIgLib/20250905_LodgeFire_sm-n-mobo-c/1757106741_2B01020.jpg,firebench_q061,caption_failed,empty caption from provider,6,inserted_degraded,empty caption from provider
sage/W097/imagesampler-mobotix-2727/sage-imagesampler-mobotix-0.3.7/000048b02dd3c427/1765347084320563133-sample.jpg,firebench_q060,caption_failed,empty caption from provider,6,inserted_degraded,empty caption from provider
sage/W097/imagesampler-mobotix-2727/sage-imagesampler-mobotix-0.3.7/000048b02dd3c427/1765347153892321240-sample.jpg,firebench_q060,caption_failed,empty caption from provider,6,inserted_degraded,empty caption from provider
figlib/HPWREN-FIgLib/20241031_MontezumaFire_sm-w-mobo-c/1730408905_2B02041.jpg,firebench_q061,caption_failed,empty caption from provider,6,inserted_degraded,empty caption from provider
sage/W097/imagesampler-mobotix-2727/sage-imagesampler-mobotix-0.3.7/000048b02dd3c427/1765397134426602292-sample.jpg,firebench_q061,caption_failed,empty caption from provider,6,inserted_degraded,empty caption from provider
sage/W097/imagesampler-mobotix-2727/sage-imagesampler-mobotix-0.3.7/000048b02dd3c427/1765409804174748197-sample.jpg,firebench_q060,caption_failed,empty caption from provider,6,inserted_degraded,empty caption from provider
sage/W097/imagesampler-mobotix-2727/sage-imagesampler-mobotix-0.3.7/000048b02dd3c427/1765412324374125139-sample.jpg,firebench_q061,caption_failed,empty caption from provider,6,inserted_degraded,empty caption from provider
sage/W097/imagesampler-mobotix-2727/sage-imagesampler-mobotix-0.3.7/000048b02dd3c427/1765383764133589872-sample.jpg,firebench_q060,caption_failed,empty caption from provider,6,inserted_degraded,empty caption from provider
figlib/HPWREN-FIgLib/20180706_West_lp-n-mobo-c/1530903841_2B02160.jpg,firebench_q061,caption_failed,empty caption from provider,6,inserted_degraded,empty caption from provider
sage/W097/imagesampler-mobotix-2727/sage-imagesampler-mobotix-0.3.7/000048b02dd3c427/1765395873956614260-sample.jpg,firebench_q060,caption_failed,empty caption from provider,6,inserted_degraded,empty caption from provider
figlib/HPWREN-FIgLib/20241031_MontezumaFire_sm-w-mobo-c/1730408664_2B01800.jpg,firebench_q061,caption_failed,empty caption from provider,6,inserted_degraded,empty caption from provider
sage/W097/imagesampler-mobotix-2727/sage-imagesampler-mobotix-0.3.7/000048b02dd3c427/1765395944549573701-sample.jpg,firebench_q061,caption_failed,empty caption from provider,6,inserted_degraded,empty caption from provider
figlib/HPWREN-FIgLib/20180706_West_lp-n-mobo-c/1530903241_2B01560.jpg,firebench_q061,caption_failed,empty caption from provider,6,inserted_degraded,empty caption from provider
sage/W097/imagesampler-mobotix-2727/sage-imagesampler-mobotix-0.3.7/000048b02dd3c427/1765396293840924516-sample.jpg,firebench_q060,caption_failed,empty caption from provider,6,inserted_degraded,empty caption from provider
sage/W097/imagesampler-mobotix-2727/sage-imagesampler-mobotix-0.3.7/000048b02dd3c427/1765397694586475467-sample.jpg,firebench_q061,caption_failed,empty caption from provider,6,inserted_degraded,empty caption from provider
sage/W097/imagesampler-mobotix-2727/sage-imagesampler-mobotix-0.3.7/000048b02dd3c427/1765415824829382224-sample.jpg,firebench_q061,caption_failed,empty caption from provider,6,inserted_degraded,empty caption from provider
sage/W097/imagesampler-mobotix-2727/sage-imagesampler-mobotix-0.3.7/000048b02dd3c427/1765415754899510464-sample.jpg,firebench_q061,caption_failed,empty caption from provider,6,inserted_degraded,empty caption from provider
sage/W097/imagesampler-mobotix-2727/sage-imagesampler-mobotix-0.3.7/000048b02dd3c427/1765393564470766503-sample.jpg,firebench_q061,caption_failed,empty caption from provider,6,inserted_degraded,empty caption from provider
figlib/HPWREN-FIgLib/20180806_Holy_sp-s-mobo-c/1533587310_2B01560.jpg,firebench_q061,caption_failed,empty caption from provider,6,inserted_degraded,empty caption from provider
sage/W097/imagesampler-mobotix-2727/sage-imagesampler-mobotix-0.3.7/000048b02dd3c427/1765403014140476383-sample.jpg,firebench_q061,caption_failed,empty caption from provider,6,inserted_degraded,empty caption from provider
wildfire/The-Wildfire-Dataset/fire/malachi-brooks-1h98xDAIRwA-unsplash.jpg,firebench_q061,caption_failed,empty caption from provider,6,inserted_degraded,empty caption from provider
sage/W097/imagesampler-mobotix-2727/sage-imagesampler-mobotix-0.3.7/000048b02dd3c427/1765392024505735237-sample.jpg,firebench_q061,caption_failed,empty caption from provider,6,inserted_degraded,empty caption from provider
sage/W097/imagesampler-mobotix-2727/sage-imagesampler-mobotix-0.3.7/000048b02dd3c427/1765383764133589872-sample.jpg,firebench_q061,caption_failed,empty caption from provider,6,inserted_degraded,empty caption from provider
sage/W097/imagesampler-mobotix-2727/sage-imagesampler-mobotix-0.3.7/000048b02dd3c427/1765408893984735783-sample.jpg,firebench_q061,caption_failed,empty caption from provider,6,inserted_degraded,empty caption from provider
sage/W097/imagesampler-mobotix-2727/sage-imagesampler-mobotix-0.3.7/000048b02dd3c427/1765389993812279474-sample.jpg,firebench_q061,caption_failed,empty caption from provider,6,inserted_degraded,empty caption from provider
sage/W097/imagesampler-mobotix-2727/sage-imagesampler-mobotix-0.3.7/000048b02dd3c427/1765407145604560439-sample.jpg,firebench_q061,caption_failed,empty caption from provider,6,inserted_degraded,empty caption from provider
wildfire/The-Wildfire-Dataset/nofire/james-eades-aGooiI3zka4-unsplash.jpg,firebench_q059,caption_failed,empty caption from provider,6,inserted_degraded,empty caption from provider
sage/W097/imagesampler-mobotix-2727/sage-imagesampler-mobotix-0.3.7/000048b02dd3c427/1765383413761118756-sample.jpg,firebench_q061,caption_failed,empty caption from provider,6,inserted_degraded,empty caption from provider
sage/W097/imagesampler-mobotix-2727/sage-imagesampler-mobotix-0.3.7/000048b02dd3c427/1765415474365093649-sample.jpg,firebench_q061,caption_failed,empty caption from provider,6,inserted_degraded,empty caption from provider
sage/W097/imagesampler-bottom-2726/sage-imagesampler-bottom-0.3.7/000048b02dd3c427/1765393804796150122-sample.jpg,firebench_q062,caption_failed,empty caption from provider,6,inserted_degraded,empty caption from provider
sage/W097/imagesampler-mobotix-2727/sage-imagesampler-mobotix-0.3.7/000048b02dd3c427/1765392654246495154-sample.jpg,firebench_q061,caption_failed,empty caption from provider,6,inserted_degraded,empty caption from provider
sage/W097/imagesampler-bottom-2726/sage-imagesampler-bottom-0.3.7/000048b02dd3c427/1765386606463677613-sample.jpg,firebench_q062,caption_failed,empty caption from provider,6,inserted_degraded,empty caption from provider
sage/W097/imagesampler-mobotix-2727/sage-imagesampler-mobotix-0.3.7/000048b02dd3c427/1765399164042750937-sample.jpg,firebench_q061,caption_failed,empty caption from provider,6,inserted_degraded,empty caption from provider
sage/W097/imagesampler-mobotix-2727/sage-imagesampler-mobotix-0.3.7/000048b02dd3c427/1765383904235411679-sample.jpg,firebench_q061,caption_failed,empty caption from provider,6,inserted_degraded,empty caption from provider
sage/W097/imagesampler-mobotix-2727/sage-imagesampler-mobotix-0.3.7/000048b02dd3c427/1765391884014415569-sample.jpg,firebench_q062,caption_failed,empty caption from provider,6,inserted_degraded,empty caption from provider
sage/W097/imagesampler-mobotix-2727/sage-imagesampler-mobotix-0.3.7/000048b02dd3c427/1765396504753141039-sample.jpg,firebench_q061,caption_failed,empty caption from provider,6,inserted_degraded,empty caption from provider
figlib/HPWREN-FIgLib/20180706_West_lp-n-mobo-c/1530903241_2B01560.jpg,firebench_q062,caption_failed,empty caption from provider,6,inserted_degraded,empty caption from provider
wildfire/The-Wildfire-Dataset/nofire/kym-mackinnon-1YyuJxUG_R8-unsplash.jpg,firebench_q061,caption_failed,empty caption from provider,6,inserted_degraded,empty caption from provider
figlib/HPWREN-FIgLib/20160604_FIRE_rm-n-mobo-c/1465066500_2B00900.jpg,firebench_q062,caption_failed,empty caption from provider,6,inserted_degraded,empty caption from provider
figlib/HPWREN-FIgLib/20241031_MontezumaFire_sm-w-mobo-c/1730408905_2B02041.jpg,firebench_q062,caption_failed,empty caption from provider,6,inserted_degraded,empty caption from provider
figlib/HPWREN-FIgLib/20180706_West_lp-n-mobo-c/1530903841_2B02160.jpg,firebench_q062,caption_failed,empty caption from provider,6,inserted_degraded,empty caption from provider
wildfire/The-Wildfire-Dataset/nofire/ivana-cajina-c5qtqTHHk8Y-unsplash.jpg,firebench_q060,caption_failed,empty caption from provider,6,inserted_degraded,empty caption from provider
figlib/HPWREN-FIgLib/20250905_LodgeFire_sm-n-mobo-c/1757106741_2B01020.jpg,firebench_q062,caption_failed,empty caption from provider,6,inserted_degraded,empty caption from provider
wildfire/The-Wildfire-Dataset/nofire/zetong-li-eDFJt7M-1Ww-unsplash.jpg,firebench_q061,caption_failed,empty caption from provider,6,inserted_degraded,empty caption from provider
figlib/HPWREN-FIgLib/20241031_MontezumaFire_sm-w-mobo-c/1730408664_2B01800.jpg,firebench_q062,caption_failed,empty caption from provider,6,inserted_degraded,empty caption from provider
wildfire/The-Wildfire-Dataset/fire/42966886204_edcdeaf7f6_o.jpg,firebench_q062,caption_failed,empty caption from provider,6,inserted_degraded,empty caption from provider
sage/W097/imagesampler-bottom-2726/sage-imagesampler-bottom-0.3.7/000048b02dd3c427/1765390206171761415-sample.jpg,firebench_q062,caption_failed,empty caption from provider,6,inserted_degraded,empty caption from provider
sage/W097/imagesampler-mobotix-2727/sage-imagesampler-mobotix-0.3.7/000048b02dd3c427/1765394194574230159-sample.jpg,firebench_q062,caption_failed,empty caption from provider,6,inserted_degraded,empty caption from provider
sage/W097/imagesampler-mobotix-2727/sage-imagesampler-mobotix-0.3.7/000048b02dd3c427/1765415754899510464-sample.jpg,firebench_q062,caption_failed,empty caption from provider,6,inserted_degraded,empty caption from provider
sage/W097/imagesampler-mobotix-2727/sage-imagesampler-mobotix-0.3.7/000048b02dd3c427/1765403014140476383-sample.jpg,firebench_q062,caption_failed,empty caption from provider,6,inserted_degraded,empty caption from provider
sage/W097/imagesampler-mobotix-2727/sage-imagesampler-mobotix-0.3.7/000048b02dd3c427/1765397134426602292-sample.jpg,firebench_q062,caption_failed,empty caption from provider,6,inserted_degraded,empty caption from provider
sage/W097/imagesampler-mobotix-2727/sage-imagesampler-mobotix-0.3.7/000048b02dd3c427/1765398114541367572-sample.jpg,firebench_q062,caption_failed,empty caption from provider,6,inserted_degraded,empty caption from provider
sage/W097/imagesampler-mobotix-2727/sage-imagesampler-mobotix-0.3.7/000048b02dd3c427/1765384884344987803-sample.jpg,firebench_q062,caption_failed,empty caption from provider,6,inserted_degraded,empty caption from provider
figlib/HPWREN-FIgLib/20240927_86Fire_tp-e-mobo-c/1727485422_2B01613.jpg,firebench_q062,caption_failed,empty caption from provider,6,inserted_degraded,empty caption from provider
sage/W097/imagesampler-mobotix-2727/sage-imagesampler-mobotix-0.3.7/000048b02dd3c427/1765413724209021504-sample.jpg,firebench_q062,caption_failed,empty caption from provider,6,inserted_degraded,empty caption from provider
sage/W097/imagesampler-mobotix-2727/sage-imagesampler-mobotix-0.3.7/000048b02dd3c427/1765396714466298818-sample.jpg,firebench_q062,caption_failed,empty caption from provider,6,inserted_degraded,empty caption from provider
figlib/HPWREN-FIgLib/20200905_ValleyFire_sm-e-mobo-c/1599342809_2B01440.jpg,firebench_q062,caption_failed,empty caption from provider,6,inserted_degraded,empty caption from provider
sage/W097/imagesampler-mobotix-2727/sage-imagesampler-mobotix-0.3.7/000048b02dd3c427/1765392024505735237-sample.jpg,firebench_q062,caption_failed,empty caption from provider,6,inserted_degraded,empty caption from provider
sage/W097/imagesampler-mobotix-2727/sage-imagesampler-mobotix-0.3.7/000048b02dd3c427/1765415474365093649-sample.jpg,firebench_q062,caption_failed,empty caption from provider,6,inserted_degraded,empty caption from provider
wildfire/The-Wildfire-Dataset/nofire/chad-mcmillan-R4T9TI8EsJI-unsplash.jpg,firebench_q062,caption_failed,empty caption from provider,6,inserted_degraded,empty caption from provider
wildfire/The-Wildfire-Dataset/nofire/pramod-tiwari--uVQYYD5qco-unsplash.jpg,firebench_q062,caption_failed,empty caption from provider,6,inserted_degraded,empty caption from provider
sage/W097/imagesampler-mobotix-2727/sage-imagesampler-mobotix-0.3.7/000048b02dd3c427/1765415474365093649-sample.jpg,firebench_q063,caption_failed,empty caption from provider,6,inserted_degraded,empty caption from provider
sage/W097/imagesampler-mobotix-2727/sage-imagesampler-mobotix-0.3.7/000048b02dd3c427/1765396854966210845-sample.jpg,firebench_q062,caption_failed,empty caption from provider,6,inserted_degraded,empty caption from provider
sage/W097/imagesampler-mobotix-2727/sage-imagesampler-mobotix-0.3.7/000048b02dd3c427/1765391954625073394-sample.jpg,firebench_q062,caption_failed,empty caption from provider,6,inserted_degraded,empty caption from provider
sage/W097/imagesampler-mobotix-2727/sage-imagesampler-mobotix-0.3.7/000048b02dd3c427/1765408683967427872-sample.jpg,firebench_q063,caption_failed,empty caption from provider,6,inserted_degraded,empty caption from provider
figlib/HPWREN-FIgLib/20240729_NixonFire_hp-n-mobo-c/1722283115_2B02159.jpg,firebench_q063,caption_failed,empty caption from provider,6,inserted_degraded,empty caption from provider
wildfire/The-Wildfire-Dataset/fire/34937366285_1698fc409d_o.jpg,firebench_q062,caption_failed,empty caption from provider,6,inserted_degraded,empty caption from provider
sage/W097/imagesampler-mobotix-2727/sage-imagesampler-mobotix-0.3.7/000048b02dd3c427/1765407984549892376-sample.jpg,firebench_q063,caption_failed,empty caption from provider,6,inserted_degraded,empty caption from provider
wildfire/The-Wildfire-Dataset/nofire/stephen-leonardi-MDmwQVgDHHM-unsplash.jpg,firebench_q062,caption_failed,empty caption from provider,6,inserted_degraded,empty caption from provider
figlib/HPWREN-FIgLib/20240724_GroveFire_hp-e-mobo-c/1721851475_2B00330.jpg,firebench_q063,caption_failed,empty caption from provider,6,inserted_degraded,empty caption from provider
sage/W097/imagesampler-mobotix-2727/sage-imagesampler-mobotix-0.3.7/000048b02dd3c427/1765417224606269851-sample.jpg,firebench_q063,caption_failed,empty caption from provider,6,inserted_degraded,empty caption from provider
figlib/HPWREN-FIgLib/20240812_AnitaFire_sm-n-mobo-c/1723496418_2B02220.jpg,firebench_q063,caption_failed,empty caption from provider,6,inserted_degraded,empty caption from provider
sage/W097/imagesampler-mobotix-2727/sage-imagesampler-mobotix-0.3.7/000048b02dd3c427/1765388804231616758-sample.jpg,firebench_q063,caption_failed,empty caption from provider,6,inserted_degraded,empty caption from provider
sage/W097/imagesampler-mobotix-2727/sage-imagesampler-mobotix-0.3.7/000048b02dd3c427/1765387334009573187-sample.jpg,firebench_q063,caption_failed,empty caption from provider,6,inserted_degraded,empty caption from provider
figlib/HPWREN-FIgLib/20241108_ResortFire_mg-n-mobo-c/1731111046_2B01800.jpg,firebench_q063,caption_failed,empty caption from provider,6,inserted_degraded,empty caption from provider
wildfire/The-Wildfire-Dataset/nofire/wes-hicks-G2W_8eagxNQ-unsplash.jpg,firebench_q061,caption_failed,empty caption from provider,6,inserted_degraded,empty caption from provider
sage/W097/imagesampler-mobotix-2727/sage-imagesampler-mobotix-0.3.7/000048b02dd3c427/1765403224018177706-sample.jpg,firebench_q063,caption_failed,empty caption from provider,6,inserted_degraded,empty caption from provider
figlib/HPWREN-FIgLib/20180504_FIRE_smer-tcs8-mobo-c/1525470475_2B00840.jpg,firebench_q063,caption_failed,empty caption from provider,6,inserted_degraded,empty caption from provider
figlib/HPWREN-FIgLib/20240927_86Fire_tp-e-mobo-c/1727485603_2B01794.jpg,firebench_q063,caption_failed,empty caption from provider,6,inserted_degraded,empty caption from provider
sage/W097/imagesampler-mobotix-2727/sage-imagesampler-mobotix-0.3.7/000048b02dd3c427/1765389993812279474-sample.jpg,firebench_q063,caption_failed,empty caption from provider,6,inserted_degraded,empty caption from provider
sage/W097/imagesampler-mobotix-2727/sage-imagesampler-mobotix-0.3.7/000048b02dd3c427/1765368434692574966-sample.jpg,firebench_q063,caption_failed,empty caption from provider,6,inserted_degraded,empty caption from provider
sage/W097/imagesampler-mobotix-2727/sage-imagesampler-mobotix-0.3.7/000048b02dd3c427/1765390135066494723-sample.jpg,firebench_q063,caption_failed,empty caption from provider,6,inserted_degraded,empty caption from provider
wildfire/The-Wildfire-Dataset/fire/28743621984_dde9e64c11_o.jpg,firebench_q062,caption_failed,empty caption from provider,6,inserted_degraded,empty caption from provider
figlib/HPWREN-FIgLib/20180727_FIRE_wc-n-mobo-c/1532724558_2B01080.jpg,firebench_q063,caption_failed,empty caption from provider,6,inserted_degraded,empty caption from provider
figlib/HPWREN-FIgLib/20180706_West_lp-n-mobo-c/1530903841_2B02160.jpg,firebench_q063,caption_failed,empty caption from provider,6,inserted_degraded,empty caption from provider
sage/W097/imagesampler-mobotix-2727/sage-imagesampler-mobotix-0.3.7/000048b02dd3c427/1765383904235411679-sample.jpg,firebench_q063,caption_failed,empty caption from provider,6,inserted_degraded,empty caption from provider
sage/W097/imagesampler-mobotix-2727/sage-imagesampler-mobotix-0.3.7/000048b02dd3c427/1765412884426516293-sample.jpg,firebench_q063,caption_failed,empty caption from provider,6,inserted_degraded,empty caption from provider
sage/W097/imagesampler-mobotix-2727/sage-imagesampler-mobotix-0.3.7/000048b02dd3c427/1765354083922851071-sample.jpg,firebench_q063,caption_failed,empty caption from provider,6,inserted_degraded,empty caption from provider
sage/W097/imagesampler-mobotix-2727/sage-imagesampler-mobotix-0.3.7/000048b02dd3c427/1765421354291464733-sample.jpg,firebench_q063,caption_failed,empty caption from provider,6,inserted_degraded,empty caption from provider
sage/W097/imagesampler-mobotix-2727/sage-imagesampler-mobotix-0.3.7/000048b02dd3c427/1765365844425217441-sample.jpg,firebench_q063,caption_failed,empty caption from provider,6,inserted_degraded,empty caption from provider
sage/W097/imagesampler-mobotix-2727/sage-imagesampler-mobotix-0.3.7/000048b02dd3c427/1765395944549573701-sample.jpg,firebench_q063,caption_failed,empty caption from provider,6,inserted_degraded,empty caption from provider
sage/W097/imagesampler-mobotix-2727/sage-imagesampler-mobotix-0.3.7/000048b02dd3c427/1765383974009851965-sample.jpg,firebench_q063,caption_failed,empty caption from provider,6,inserted_degraded,empty caption from provider
wildfire/The-Wildfire-Dataset/nofire/joey-kyber-Qcvjbkw1N0M-unsplash.jpg,firebench_q063,caption_failed,empty caption from provider,6,inserted_degraded,empty caption from provider
sage/W097/imagesampler-mobotix-2727/sage-imagesampler-mobotix-0.3.7/000048b02dd3c427/1765352894269652874-sample.jpg,firebench_q063,caption_failed,empty caption from provider,6,inserted_degraded,empty caption from provider
sage/W097/imagesampler-mobotix-2727/sage-imagesampler-mobotix-0.3.7/000048b02dd3c427/1765397134426602292-sample.jpg,firebench_q063,caption_failed,empty caption from provider,6,inserted_degraded,empty caption from provider
sage/W097/imagesampler-mobotix-2727/sage-imagesampler-mobotix-0.3.7/000048b02dd3c427/1765414074446888909-sample.jpg,firebench_q064,caption_failed,empty caption from provider,6,inserted_degraded,empty caption from provider
sage/W097/imagesampler-mobotix-2727/sage-imagesampler-mobotix-0.3.7/000048b02dd3c427/1765366474267267732-sample.jpg,firebench_q063,caption_failed,empty caption from provider,6,inserted_degraded,empty caption from provider
sage/W097/imagesampler-mobotix-2727/sage-imagesampler-mobotix-0.3.7/000048b02dd3c427/1765412394002234933-sample.jpg,firebench_q064,caption_failed,empty caption from provider,6,inserted_degraded,empty caption from provider
wildfire/The-Wildfire-Dataset/fire/52798639193_b4c94df0be_o.jpg,firebench_q064,caption_failed,empty caption from provider,6,inserted_degraded,empty caption from provider
sage/W097/imagesampler-mobotix-2727/sage-imagesampler-mobotix-0.3.7/000048b02dd3c427/1765414773847586468-sample.jpg,firebench_q064,caption_failed,empty caption from provider,6,inserted_degraded,empty caption from provider
sage/W097/imagesampler-mobotix-2727/sage-imagesampler-mobotix-0.3.7/000048b02dd3c427/1765424573810180699-sample.jpg,firebench_q064,caption_failed,empty caption from provider,6,inserted_degraded,empty caption from provider
sage/W097/imagesampler-mobotix-2727/sage-imagesampler-mobotix-0.3.7/000048b02dd3c427/1765382435169985892-sample.jpg,firebench_q063,caption_failed,empty caption from provider,6,inserted_degraded,empty caption from provider
sage/W097/imagesampler-mobotix-2727/sage-imagesampler-mobotix-0.3.7/000048b02dd3c427/1765382783968536054-sample.jpg,firebench_q063,caption_failed,empty caption from provider,6,inserted_degraded,empty caption from provider
sage/W097/imagesampler-mobotix-2727/sage-imagesampler-mobotix-0.3.7/000048b02dd3c427/1765390834621444789-sample.jpg,firebench_q064,caption_failed,empty caption from provider,6,inserted_degraded,empty caption from provider
sage/W097/imagesampler-mobotix-2727/sage-imagesampler-mobotix-0.3.7/000048b02dd3c427/1765392024505735237-sample.jpg,firebench_q063,caption_failed,empty caption from provider,6,inserted_degraded,empty caption from provider
sage/W097/imagesampler-mobotix-2727/sage-imagesampler-mobotix-0.3.7/000048b02dd3c427/1765420444057932133-sample.jpg,firebench_q064,caption_failed,empty caption from provider,6,inserted_degraded,empty caption from provider
sage/W097/imagesampler-mobotix-2727/sage-imagesampler-mobotix-0.3.7/000048b02dd3c427/1765420164460900225-sample.jpg,firebench_q064,caption_failed,empty caption from provider,6,inserted_degraded,empty caption from provider
wildfire/The-Wildfire-Dataset/fire/33584185233_ec01986a56_o.jpg,firebench_q064,caption_failed,empty caption from provider,6,inserted_degraded,empty caption from provider
wildfire/The-Wildfire-Dataset/fire/41769492782_06198c8e66_o.jpg,firebench_q061,caption_failed,empty caption from provider,6,inserted_degraded,empty caption from provider
wildfire/The-Wildfire-Dataset/nofire/nico-kargel-ZTYt7ozjAhg-unsplash.jpg,firebench_q063,caption_failed,empty caption from provider,6,inserted_degraded,empty caption from provider
sage/W097/imagesampler-mobotix-2727/sage-imagesampler-mobotix-0.3.7/000048b02dd3c427/1765408334735528788-sample.jpg,firebench_q064,caption_failed,empty caption from provider,6,inserted_degraded,empty caption from provider
sage/W097/imagesampler-mobotix-2727/sage-imagesampler-mobotix-0.3.7/000048b02dd3c427/1765421213981407994-sample.jpg,firebench_q064,caption_failed,empty caption from provider,6,inserted_degraded,empty caption from provider
figlib/HPWREN-FIgLib/20170625_BBM_bm-n-mobo/1498418073_2B01680.jpg,firebench_q064,caption_failed,empty caption from provider,6,inserted_degraded,empty caption from provider
sage/W097/imagesampler-mobotix-2727/sage-imagesampler-mobotix-0.3.7/000048b02dd3c427/1765415474365093649-sample.jpg,firebench_q064,caption_failed,empty caption from provider,6,inserted_degraded,empty caption from provider
sage/W097/imagesampler-mobotix-2727/sage-imagesampler-mobotix-0.3.7/000048b02dd3c427/1765373684065930219-sample.jpg,firebench_q064,caption_failed,empty caption from provider,6,inserted_degraded,empty caption from provider
sage/W097/imagesampler-mobotix-2727/sage-imagesampler-mobotix-0.3.7/000048b02dd3c427/1765420093896128790-sample.jpg,firebench_q064,caption_failed,empty caption from provider,6,inserted_degraded,empty caption from provider
sage/W097/imagesampler-mobotix-2727/sage-imagesampler-mobotix-0.3.7/000048b02dd3c427/1765415824829382224-sample.jpg,firebench_q064,caption_failed,empty caption from provider,6,inserted_degraded,empty caption from provider
wildfire/The-Wildfire-Dataset/fire/26943699047_f37536c99a_o.jpg,firebench_q061,caption_failed,empty caption from provider,6,inserted_degraded,empty caption from provider
sage/W097/imagesampler-mobotix-2727/sage-imagesampler-mobotix-0.3.7/000048b02dd3c427/1765397344274922685-sample.jpg,firebench_q064,caption_failed,empty caption from provider,6,inserted_degraded,empty caption from provider
wildfire/The-Wildfire-Dataset/nofire/ddp--uj_8hOwWkc-unsplash.jpg,firebench_q062,caption_failed,empty caption from provider,6,inserted_degraded,empty caption from provider
sage/W097/imagesampler-mobotix-2727/sage-imagesampler-mobotix-0.3.7/000048b02dd3c427/1765383484385875148-sample.jpg,firebench_q064,caption_failed,empty caption from provider,6,inserted_degraded,empty caption from provider
sage/W097/imagesampler-mobotix-2727/sage-imagesampler-mobotix-0.3.7/000048b02dd3c427/1765384184688831661-sample.jpg,firebench_q064,caption_failed,empty caption from provider,6,inserted_degraded,empty caption from provider
sage/W097/imagesampler-mobotix-2727/sage-imagesampler-mobotix-0.3.7/000048b02dd3c427/1765412603919065868-sample.jpg,firebench_q064,caption_failed,empty caption from provider,6,inserted_degraded,empty caption from provider
sage/W097/imagesampler-mobotix-2727/sage-imagesampler-mobotix-0.3.7/000048b02dd3c427/1765383274468936432-sample.jpg,firebench_q064,caption_failed,empty caption from provider,6,inserted_degraded,empty caption from provider
sage/W097/imagesampler-mobotix-2727/sage-imagesampler-mobotix-0.3.7/000048b02dd3c427/1765367804200126022-sample.jpg,firebench_q064,caption_failed,empty caption from provider,6,inserted_degraded,empty caption from provider
wildfire/The-Wildfire-Dataset/nofire/jordan-opel-N1AFXixF4qQ-unsplash.jpg,firebench_q063,caption_failed,empty caption from provider,6,inserted_degraded,empty caption from provider
sage/W097/imagesampler-mobotix-2727/sage-imagesampler-mobotix-0.3.7/000048b02dd3c427/1765415685335731177-sample.jpg,firebench_q064,caption_failed,empty caption from provider,6,inserted_degraded,empty caption from provider
sage/W097/imagesampler-mobotix-2727/sage-imagesampler-mobotix-0.3.7/000048b02dd3c427/1765347153892321240-sample.jpg,firebench_q064,caption_failed,empty caption from provider,6,inserted_degraded,empty caption from provider
sage/W097/imagesampler-mobotix-2727/sage-imagesampler-mobotix-0.3.7/000048b02dd3c427/1765416173953460890-sample.jpg,firebench_q064,caption_failed,empty caption from provider,6,inserted_degraded,empty caption from provider
sage/W097/imagesampler-mobotix-2727/sage-imagesampler-mobotix-0.3.7/000048b02dd3c427/1765372144699491536-sample.jpg,firebench_q064,caption_failed,empty caption from provider,6,inserted_degraded,empty caption from provider
wildfire/The-Wildfire-Dataset/fire/26943699047_f37536c99a_o.jpg,firebench_q062,caption_failed,empty caption from provider,6,inserted_degraded,empty caption from provider
figlib/HPWREN-FIgLib/20201202_WillowFire-nightime-near-CDF-HQ_om-n-mobo-c/1606976135_2B00300.jpg,firebench_q064,caption_failed,empty caption from provider,6,inserted_degraded,empty caption from provider
sage/W097/imagesampler-mobotix-2727/sage-imagesampler-mobotix-0.3.7/000048b02dd3c427/1765395454014984595-sample.jpg,firebench_q064,caption_failed,empty caption from provider,6,inserted_degraded,empty caption from provider
wildfire/The-Wildfire-Dataset/nofire/irina-iriser-FfmUE-cVHN8-unsplash.jpg,firebench_q063,caption_failed,empty caption from provider,6,inserted_degraded,empty caption from provider
sage/W097/imagesampler-mobotix-2727/sage-imagesampler-mobotix-0.3.7/000048b02dd3c427/1765366824470980135-sample.jpg,firebench_q064,caption_failed,empty caption from provider,6,inserted_degraded,empty caption from provider
sage/W097/imagesampler-mobotix-2727/sage-imagesampler-mobotix-0.3.7/000048b02dd3c427/1765393075145878413-sample.jpg,firebench_q064,caption_failed,empty caption from provider,6,inserted_degraded,empty caption from provider
wildfire/The-Wildfire-Dataset/fire/41769492782_06198c8e66_o.jpg,firebench_q062,caption_failed,empty caption from provider,6,inserted_degraded,empty caption from provider
wildfire/The-Wildfire-Dataset/fire/34094010334_b62e68ea40_o.jpg,firebench_q064,caption_failed,empty caption from provider,6,inserted_degraded,empty caption from provider
sage/W097/imagesampler-mobotix-2727/sage-imagesampler-mobotix-0.3.7/000048b02dd3c427/1765383764133589872-sample.jpg,firebench_q064,caption_failed,empty caption from provider,6,inserted_degraded,empty caption from provider
sage/W097/imagesampler-mobotix-2727/sage-imagesampler-mobotix-0.3.7/000048b02dd3c427/1765420093896128790-sample.jpg,firebench_q065,caption_failed,empty caption from provider,6,inserted_degraded,empty caption from provider
sage/W097/imagesampler-bottom-2726/sage-imagesampler-bottom-0.3.7/000048b02dd3c427/1765415404955318147-sample.jpg,firebench_q065,caption_failed,empty caption from provider,6,inserted_degraded,empty caption from provider
sage/W097/imagesampler-mobotix-2727/sage-imagesampler-mobotix-0.3.7/000048b02dd3c427/1765421213981407994-sample.jpg,firebench_q065,caption_failed,empty caption from provider,6,inserted_degraded,empty caption from provider
sage/W097/imagesampler-mobotix-2727/sage-imagesampler-mobotix-0.3.7/000048b02dd3c427/1765420444057932133-sample.jpg,firebench_q065,caption_failed,empty caption from provider,6,inserted_degraded,empty caption from provider
sage/W097/imagesampler-mobotix-2727/sage-imagesampler-mobotix-0.3.7/000048b02dd3c427/1765382783968536054-sample.jpg,firebench_q064,caption_failed,empty caption from provider,6,inserted_degraded,empty caption from provider
wildfire/The-Wildfire-Dataset/nofire/adam-wilson-stTnQThfQ_g-unsplash.jpg,firebench_q063,caption_failed,empty caption from provider,6,inserted_degraded,empty caption from provider
sage/W097/imagesampler-mobotix-2727/sage-imagesampler-mobotix-0.3.7/000048b02dd3c427/1765420235342158414-sample.jpg,firebench_q065,caption_failed,empty caption from provider,6,inserted_degraded,empty caption from provider
sage/W097/imagesampler-mobotix-2727/sage-imagesampler-mobotix-0.3.7/000048b02dd3c427/1765409804174748197-sample.jpg,firebench_q064,caption_failed,empty caption from provider,6,inserted_degraded,empty caption from provider
sage/W097/imagesampler-mobotix-2727/sage-imagesampler-mobotix-0.3.7/000048b02dd3c427/1765383904235411679-sample.jpg,firebench_q064,caption_failed,empty caption from provider,6,inserted_degraded,empty caption from provider
sage/W097/imagesampler-mobotix-2727/sage-imagesampler-mobotix-0.3.7/000048b02dd3c427/1765418064296615717-sample.jpg,firebench_q065,caption_failed,empty caption from provider,6,inserted_degraded,empty caption from provider
figlib/HPWREN-FIgLib/20250612_HighwayFire_hp-e-mobo-c/1749743973_2B01198.jpg,firebench_q065,caption_failed,empty caption from provider,6,inserted_degraded,empty caption from provider
wildfire/The-Wildfire-Dataset/nofire/maxime-gauthier-WjrOD8zA8EU-unsplash.jpg,firebench_q064,caption_failed,empty caption from provider,6,inserted_degraded,empty caption from provider
sage/W097/imagesampler-mobotix-2727/sage-imagesampler-mobotix-0.3.7/000048b02dd3c427/1765414074446888909-sample.jpg,firebench_q065,caption_failed,empty caption from provider,6,inserted_degraded,empty caption from provider
sage/W097/imagesampler-mobotix-2727/sage-imagesampler-mobotix-0.3.7/000048b02dd3c427/1765417224606269851-sample.jpg,firebench_q065,caption_failed,empty caption from provider,6,inserted_degraded,empty caption from provider
sage/W097/imagesampler-mobotix-2727/sage-imagesampler-mobotix-0.3.7/000048b02dd3c427/1765420164460900225-sample.jpg,firebench_q065,caption_failed,empty caption from provider,6,inserted_degraded,empty caption from provider
figlib/HPWREN-FIgLib/20210110_Borderfire_lp-s-mobo-c/1610306885_2B01799.jpg,firebench_q065,caption_failed,empty caption from provider,6,inserted_degraded,empty caption from provider
sage/W097/imagesampler-mobotix-2727/sage-imagesampler-mobotix-0.3.7/000048b02dd3c427/1765390624546074736-sample.jpg,firebench_q065,caption_failed,empty caption from provider,6,inserted_degraded,empty caption from provider
sage/W097/imagesampler-mobotix-2727/sage-imagesampler-mobotix-0.3.7/000048b02dd3c427/1765397344274922685-sample.jpg,firebench_q065,caption_failed,empty caption from provider,6,inserted_degraded,empty caption from provider
wildfire/The-Wildfire-Dataset/nofire/julian-villella-pKAom32wMj4-unsplash.jpg,firebench_q064,caption_failed,empty caption from provider,6,inserted_degraded,empty caption from provider
sage/W097/imagesampler-mobotix-2727/sage-imagesampler-mobotix-0.3.7/000048b02dd3c427/1765384184688831661-sample.jpg,firebench_q065,caption_failed,empty caption from provider,6,inserted_degraded,empty caption from provider
wildfire/The-Wildfire-Dataset/fire/33584185233_ec01986a56_o.jpg,firebench_q065,caption_failed,empty caption from provider,6,inserted_degraded,empty caption from provider
wildfire/The-Wildfire-Dataset/nofire/jonas-denil-Ht6kCAcD-1Y-unsplash.jpg,firebench_q064,caption_failed,empty caption from provider,6,inserted_degraded,empty caption from provider
sage/W097/imagesampler-mobotix-2727/sage-imagesampler-mobotix-0.3.7/000048b02dd3c427/1765412114583671154-sample.jpg,firebench_q065,caption_failed,empty caption from provider,6,inserted_degraded,empty caption from provider
sage/W097/imagesampler-mobotix-2727/sage-imagesampler-mobotix-0.3.7/000048b02dd3c427/1765408334735528788-sample.jpg,firebench_q065,caption_failed,empty caption from provider,6,inserted_degraded,empty caption from provider
figlib/HPWREN-FIgLib/20241007_Posta3Fire_ws-w-mobo-c/1728338221_2B01560.jpg,firebench_q065,caption_failed,empty caption from provider,6,inserted_degraded,empty caption from provider
sage/W097/imagesampler-mobotix-2727/sage-imagesampler-mobotix-0.3.7/000048b02dd3c427/1765415754899510464-sample.jpg,firebench_q065,caption_failed,empty caption from provider,6,inserted_degraded,empty caption from provider
sage/W097/imagesampler-mobotix-2727/sage-imagesampler-mobotix-0.3.7/000048b02dd3c427/1765415824829382224-sample.jpg,firebench_q065,caption_failed,empty caption from provider,6,inserted_degraded,empty caption from provider
sage/W097/imagesampler-mobotix-2727/sage-imagesampler-mobotix-0.3.7/000048b02dd3c427/1765419044260496279-sample.jpg,firebench_q065,caption_failed,empty caption from provider,6,inserted_degraded,empty caption from provider
sage/W097/imagesampler-mobotix-2727/sage-imagesampler-mobotix-0.3.7/000048b02dd3c427/1765418974475347778-sample.jpg,firebench_q065,caption_failed,empty caption from provider,6,inserted_degraded,empty caption from provider
sage/W097/imagesampler-mobotix-2727/sage-imagesampler-mobotix-0.3.7/000048b02dd3c427/1765423454463741376-sample.jpg,firebench_q065,caption_failed,empty caption from provider,6,inserted_degraded,empty caption from provider
sage/W097/imagesampler-mobotix-2727/sage-imagesampler-mobotix-0.3.7/000048b02dd3c427/1765383484385875148-sample.jpg,firebench_q065,caption_failed,empty caption from provider,6,inserted_degraded,empty caption from provider
sage/W097/imagesampler-mobotix-2727/sage-imagesampler-mobotix-0.3.7/000048b02dd3c427/1765416944097284882-sample.jpg,firebench_q065,caption_failed,empty caption from provider,6,inserted_degraded,empty caption from provider
wildfire/The-Wildfire-Dataset/fire/52798639193_b4c94df0be_o.jpg,firebench_q066,caption_failed,empty caption from provider,6,inserted_degraded,empty caption from provider
wildfire/The-Wildfire-Dataset/nofire/dustin-scarpitti-26-lAP0XprM-unsplash.jpg,firebench_q064,caption_failed,empty caption from provider,6,inserted_degraded,empty caption from provider
sage/W097/imagesampler-mobotix-2727/sage-imagesampler-mobotix-0.3.7/000048b02dd3c427/1765373684065930219-sample.jpg,firebench_q065,caption_failed,empty caption from provider,6,inserted_degraded,empty caption from provider
sage/W097/imagesampler-mobotix-2727/sage-imagesampler-mobotix-0.3.7/000048b02dd3c427/1765414144119244878-sample.jpg,firebench_q066,caption_failed,empty caption from provider,6,inserted_degraded,empty caption from provider
sage/W097/imagesampler-mobotix-2727/sage-imagesampler-mobotix-0.3.7/000048b02dd3c427/1765414773847586468-sample.jpg,firebench_q065,caption_failed,empty caption from provider,6,inserted_degraded,empty caption from provider
sage/W097/imagesampler-mobotix-2727/sage-imagesampler-mobotix-0.3.7/000048b02dd3c427/1765425903989926836-sample.jpg,firebench_q066,caption_failed,empty caption from provider,6,inserted_degraded,empty caption from provider
sage/W097/imagesampler-mobotix-2727/sage-imagesampler-mobotix-0.3.7/000048b02dd3c427/1765383274468936432-sample.jpg,firebench_q065,caption_failed,empty caption from provider,6,inserted_degraded,empty caption from provider
sage/W097/imagesampler-mobotix-2727/sage-imagesampler-mobotix-0.3.7/000048b02dd3c427/1765383904235411679-sample.jpg,firebench_q065,caption_failed,empty caption from provider,6,inserted_degraded,empty caption from provider
sage/W097/imagesampler-mobotix-2727/sage-imagesampler-mobotix-0.3.7/000048b02dd3c427/1765414983805269721-sample.jpg,firebench_q066,caption_failed,empty caption from provider,6,inserted_degraded,empty caption from provider
sage/W097/imagesampler-mobotix-2727/sage-imagesampler-mobotix-0.3.7/000048b02dd3c427/1765418764592695072-sample.jpg,firebench_q066,caption_failed,empty caption from provider,6,inserted_degraded,empty caption from provider
sage/W097/imagesampler-mobotix-2727/sage-imagesampler-mobotix-0.3.7/000048b02dd3c427/1765393075145878413-sample.jpg,firebench_q065,caption_failed,empty caption from provider,6,inserted_degraded,empty caption from provider
sage/W097/imagesampler-mobotix-2727/sage-imagesampler-mobotix-0.3.7/000048b02dd3c427/1765408893984735783-sample.jpg,firebench_q066,caption_failed,empty caption from provider,6,inserted_degraded,empty caption from provider
sage/W097/imagesampler-mobotix-2727/sage-imagesampler-mobotix-0.3.7/000048b02dd3c427/1765382783968536054-sample.jpg,firebench_q065,caption_failed,empty caption from provider,6,inserted_degraded,empty caption from provider
figlib/HPWREN-FIgLib/20170821_FIRE_lo-s-mobo-c/1503352163_2B02160.jpg,firebench_q066,caption_failed,empty caption from provider,6,inserted_degraded,empty caption from provider
sage/W097/imagesampler-mobotix-2727/sage-imagesampler-mobotix-0.3.7/000048b02dd3c427/1765383764133589872-sample.jpg,firebench_q065,caption_failed,empty caption from provider,6,inserted_degraded,empty caption from provider
sage/W097/imagesampler-mobotix-2727/sage-imagesampler-mobotix-0.3.7/000048b02dd3c427/1765393354624800878-sample.jpg,firebench_q066,caption_failed,empty caption from provider,6,inserted_degraded,empty caption from provider
sage/W097/imagesampler-mobotix-2727/sage-imagesampler-mobotix-0.3.7/000048b02dd3c427/1765420164460900225-sample.jpg,firebench_q066,caption_failed,empty caption from provider,6,inserted_degraded,empty caption from provider
sage/W097/imagesampler-mobotix-2727/sage-imagesampler-mobotix-0.3.7/000048b02dd3c427/1765415474365093649-sample.jpg,firebench_q066,caption_failed,empty caption from provider,6,inserted_degraded,empty caption from provider
sage/W097/imagesampler-mobotix-2727/sage-imagesampler-mobotix-0.3.7/000048b02dd3c427/1765409034219308114-sample.jpg,firebench_q066,caption_failed,empty caption from provider,6,inserted_degraded,empty caption from provider
figlib/HPWREN-FIgLib/20201208_FIRE_om-s-mobo-c/1607465379_2B00060.jpg,firebench_q066,caption_failed,empty caption from provider,6,inserted_degraded,empty caption from provider
sage/W097/imagesampler-mobotix-2727/sage-imagesampler-mobotix-0.3.7/000048b02dd3c427/1765421004019067039-sample.jpg,firebench_q066,caption_failed,empty caption from provider,6,inserted_degraded,empty caption from provider
figlib/HPWREN-FIgLib/20200905_ValleyFire_sm-e-mobo-c/1599342809_2B01440.jpg,firebench_q066,caption_failed,empty caption from provider,6,inserted_degraded,empty caption from provider
sage/W097/imagesampler-mobotix-2727/sage-imagesampler-mobotix-0.3.7/000048b02dd3c427/1765406094381809169-sample.jpg,firebench_q066,caption_failed,empty caption from provider,6,inserted_degraded,empty caption from provider
figlib/HPWREN-FIgLib/20240701_Kitchenfire_mlo-s-mobo-c/1719856851_2B01801.jpg,firebench_q066,caption_failed,empty caption from provider,6,inserted_degraded,empty caption from provider
sage/W097/imagesampler-bottom-2726/sage-imagesampler-bottom-0.3.7/000048b02dd3c427/1765393804796150122-sample.jpg,firebench_q066,caption_failed,empty caption from provider,6,inserted_degraded,empty caption from provider
sage/W097/imagesampler-mobotix-2727/sage-imagesampler-mobotix-0.3.7/000048b02dd3c427/1765412324374125139-sample.jpg,firebench_q066,caption_failed,empty caption from provider,6,inserted_degraded,empty caption from provider
wildfire/The-Wildfire-Dataset/fire/34937366285_1698fc409d_o.jpg,firebench_q066,caption_failed,empty caption from provider,6,inserted_degraded,empty caption from provider
wildfire/The-Wildfire-Dataset/fire/34896789386_b524350749_o.jpg,firebench_q066,caption_failed,empty caption from provider,6,inserted_degraded,empty caption from provider
wildfire/The-Wildfire-Dataset/fire/42966886204_edcdeaf7f6_o.jpg,firebench_q066,caption_failed,empty caption from provider,6,inserted_degraded,empty caption from provider
wildfire/The-Wildfire-Dataset/fire/34094010334_b62e68ea40_o.jpg,firebench_q066,caption_failed,empty caption from provider,6,inserted_degraded,empty caption from provider
sage/W097/imagesampler-mobotix-2727/sage-imagesampler-mobotix-0.3.7/000048b02dd3c427/1765410293728417439-sample.jpg,firebench_q066,caption_failed,empty caption from provider,6,inserted_degraded,empty caption from provider
sage/W097/imagesampler-mobotix-2727/sage-imagesampler-mobotix-0.3.7/000048b02dd3c427/1765391884014415569-sample.jpg,firebench_q066,caption_failed,empty caption from provider,6,inserted_degraded,empty caption from provider
wildfire/The-Wildfire-Dataset/nofire/miha-rekar--wm9OmdN_Ig-unsplash.jpg,firebench_q065,caption_failed,empty caption from provider,6,inserted_degraded,empty caption from provider
sage/W097/imagesampler-mobotix-2727/sage-imagesampler-mobotix-0.3.7/000048b02dd3c427/1765423804720157911-sample.jpg,firebench_q067,caption_failed,empty caption from provider,6,inserted_degraded,empty caption from provider
sage/W097/imagesampler-mobotix-2727/sage-imagesampler-mobotix-0.3.7/000048b02dd3c427/1765396293840924516-sample.jpg,firebench_q066,caption_failed,empty caption from provider,6,inserted_degraded,empty caption from provider
sage/W097/imagesampler-mobotix-2727/sage-imagesampler-mobotix-0.3.7/000048b02dd3c427/1765431713970652584-sample.jpg,firebench_q067,caption_failed,empty caption from provider,6,inserted_degraded,empty caption from provider
wildfire/The-Wildfire-Dataset/fire/malachi-brooks-LTeuOVKtr5Q-unsplash.jpg,firebench_q066,caption_failed,empty caption from provider,6,inserted_degraded,empty caption from provider
sage/W097/imagesampler-mobotix-2727/sage-imagesampler-mobotix-0.3.7/000048b02dd3c427/1765368573929814908-sample.jpg,firebench_q067,caption_failed,empty caption from provider,6,inserted_degraded,empty caption from provider
sage/W097/imagesampler-mobotix-2727/sage-imagesampler-mobotix-0.3.7/000048b02dd3c427/1765355904623731772-sample.jpg,firebench_q067,caption_failed,empty caption from provider,6,inserted_degraded,empty caption from provider
sage/W097/imagesampler-mobotix-2727/sage-imagesampler-mobotix-0.3.7/000048b02dd3c427/1765429614647017594-sample.jpg,firebench_q067,caption_failed,empty caption from provider,6,inserted_degraded,empty caption from provider
sage/W097/imagesampler-mobotix-2727/sage-imagesampler-mobotix-0.3.7/000048b02dd3c427/1765364514259065664-sample.jpg,firebench_q067,caption_failed,empty caption from provider,6,inserted_degraded,empty caption from provider
sage/W097/imagesampler-mobotix-2727/sage-imagesampler-mobotix-0.3.7/000048b02dd3c427/1765403014140476383-sample.jpg,firebench_q066,caption_failed,empty caption from provider,6,inserted_degraded,empty caption from provider
sage/W097/imagesampler-mobotix-2727/sage-imagesampler-mobotix-0.3.7/000048b02dd3c427/1765432344930984782-sample.jpg,firebench_q067,caption_failed,empty caption from provider,6,inserted_degraded,empty caption from provider
sage/W097/imagesampler-mobotix-2727/sage-imagesampler-mobotix-0.3.7/000048b02dd3c427/1765372424305449568-sample.jpg,firebench_q067,caption_failed,empty caption from provider,6,inserted_degraded,empty caption from provider
sage/W097/imagesampler-mobotix-2727/sage-imagesampler-mobotix-0.3.7/000048b02dd3c427/1765356184305636880-sample.jpg,firebench_q067,caption_failed,empty caption from provider,6,inserted_degraded,empty caption from provider
sage/W097/imagesampler-mobotix-2727/sage-imagesampler-mobotix-0.3.7/000048b02dd3c427/1765365844425217441-sample.jpg,firebench_q067,caption_failed,empty caption from provider,6,inserted_degraded,empty caption from provider
sage/W097/imagesampler-mobotix-2727/sage-imagesampler-mobotix-0.3.7/000048b02dd3c427/1765372564727391440-sample.jpg,firebench_q067,caption_failed,empty caption from provider,6,inserted_degraded,empty caption from provider
sage/W097/imagesampler-mobotix-2727/sage-imagesampler-mobotix-0.3.7/000048b02dd3c427/1765430174987823242-sample.jpg,firebench_q067,caption_failed,empty caption from provider,6,inserted_degraded,empty caption from provider
wildfire/The-Wildfire-Dataset/nofire/dustin-scarpitti-26-lAP0XprM-unsplash.jpg,firebench_q066,caption_failed,empty caption from provider,6,inserted_degraded,empty caption from provider
sage/W097/imagesampler-mobotix-2727/sage-imagesampler-mobotix-0.3.7/000048b02dd3c427/1765387684153082272-sample.jpg,firebench_q067,caption_failed,empty caption from provider,6,inserted_degraded,empty caption from provider
sage/W097/imagesampler-mobotix-2727/sage-imagesampler-mobotix-0.3.7/000048b02dd3c427/1765429964738918197-sample.jpg,firebench_q067,caption_failed,empty caption from provider,6,inserted_degraded,empty caption from provider
sage/W097/imagesampler-mobotix-2727/sage-imagesampler-mobotix-0.3.7/000048b02dd3c427/1765411064799618567-sample.jpg,firebench_q067,caption_failed,empty caption from provider,6,inserted_degraded,empty caption from provider
wildfire/The-Wildfire-Dataset/fire/52635039726_1ca5c67535_o.jpg,firebench_q066,caption_failed,empty caption from provider,6,inserted_degraded,empty caption from provider
sage/W097/imagesampler-mobotix-2727/sage-imagesampler-mobotix-0.3.7/000048b02dd3c427/1765359194656656373-sample.jpg,firebench_q067,caption_failed,empty caption from provider,6,inserted_degraded,empty caption from provider
sage/W097/imagesampler-mobotix-2727/sage-imagesampler-mobotix-0.3.7/000048b02dd3c427/1765388384374853880-sample.jpg,firebench_q067,caption_failed,empty caption from provider,6,inserted_degraded,empty caption from provider
sage/W097/imagesampler-mobotix-2727/sage-imagesampler-mobotix-0.3.7/000048b02dd3c427/1765364584954999462-sample.jpg,firebench_q067,caption_failed,empty caption from provider,6,inserted_degraded,empty caption from provider
sage/W097/imagesampler-mobotix-2727/sage-imagesampler-mobotix-0.3.7/000048b02dd3c427/1765366124063067448-sample.jpg,firebench_q067,caption_failed,empty caption from provider,6,inserted_degraded,empty caption from provider
sage/W097/imagesampler-mobotix-2727/sage-imagesampler-mobotix-0.3.7/000048b02dd3c427/1765375504716554801-sample.jpg,firebench_q067,caption_failed,empty caption from provider,6,inserted_degraded,empty caption from provider
sage/W097/imagesampler-mobotix-2727/sage-imagesampler-mobotix-0.3.7/000048b02dd3c427/1765430874250118081-sample.jpg,firebench_q067,caption_failed,empty caption from provider,6,inserted_degraded,empty caption from provider
wildfire/The-Wildfire-Dataset/nofire/cameron-stow-IknUlhvcpV0-unsplash.jpg,firebench_q066,caption_failed,empty caption from provider,6,inserted_degraded,empty caption from provider
wildfire/The-Wildfire-Dataset/nofire/nathan-anderson-1z6Soz2c61E-unsplash.jpg,firebench_q065,caption_failed,empty caption from provider,6,inserted_degraded,empty caption from provider
wildfire/The-Wildfire-Dataset/fire/28537729283_1d2daeaf5f_o.jpg,firebench_q068,caption_failed,empty caption from provider,6,inserted_degraded,empty caption from provider
sage/W097/imagesampler-mobotix-2727/sage-imagesampler-mobotix-0.3.7/000048b02dd3c427/1765366054397688240-sample.jpg,firebench_q067,caption_failed,empty caption from provider,6,inserted_degraded,empty caption from provider
sage/W097/imagesampler-mobotix-2727/sage-imagesampler-mobotix-0.3.7/000048b02dd3c427/1765431784584378460-sample.jpg,firebench_q067,caption_failed,empty caption from provider,6,inserted_degraded,empty caption from provider
sage/W097/imagesampler-mobotix-2727/sage-imagesampler-mobotix-0.3.7/000048b02dd3c427/1765368784976535158-sample.jpg,firebench_q067,caption_failed,empty caption from provider,6,inserted_degraded,empty caption from provider
sage/W097/imagesampler-mobotix-2727/sage-imagesampler-mobotix-0.3.7/000048b02dd3c427/1765365355028136439-sample.jpg,firebench_q067,caption_failed,empty caption from provider,6,inserted_degraded,empty caption from provider
sage/W097/imagesampler-mobotix-2727/sage-imagesampler-mobotix-0.3.7/000048b02dd3c427/1765368434692574966-sample.jpg,firebench_q067,caption_failed,empty caption from provider,6,inserted_degraded,empty caption from provider
sage/W097/imagesampler-mobotix-2727/sage-imagesampler-mobotix-0.3.7/000048b02dd3c427/1765372144699491536-sample.jpg,firebench_q067,caption_failed,empty caption from provider,6,inserted_degraded,empty caption from provider
sage/W097/imagesampler-mobotix-2727/sage-imagesampler-mobotix-0.3.7/000048b02dd3c427/1765349464224976119-sample.jpg,firebench_q067,caption_failed,empty caption from provider,6,inserted_degraded,empty caption from provider
sage/W097/imagesampler-mobotix-2727/sage-imagesampler-mobotix-0.3.7/000048b02dd3c427/1765378724031548069-sample.jpg,firebench_q067,caption_failed,empty caption from provider,6,inserted_degraded,empty caption from provider
sage/W097/imagesampler-mobotix-2727/sage-imagesampler-mobotix-0.3.7/000048b02dd3c427/1765365704207767771-sample.jpg,firebench_q067,caption_failed,empty caption from provider,6,inserted_degraded,empty caption from provider
sage/W097/imagesampler-mobotix-2727/sage-imagesampler-mobotix-0.3.7/000048b02dd3c427/1765357514353576886-sample.jpg,firebench_q067,caption_failed,empty caption from provider,6,inserted_degraded,empty caption from provider
sage/W097/imagesampler-mobotix-2727/sage-imagesampler-mobotix-0.3.7/000048b02dd3c427/1765359264352977867-sample.jpg,firebench_q067,caption_failed,empty caption from provider,6,inserted_degraded,empty caption from provider
sage/W097/imagesampler-mobotix-2727/sage-imagesampler-mobotix-0.3.7/000048b02dd3c427/1765365634631269797-sample.jpg,firebench_q067,caption_failed,empty caption from provider,6,inserted_degraded,empty caption from provider
wildfire/The-Wildfire-Dataset/nofire/julian-gruneberg-DupkgRi63ns-unsplash.jpg,firebench_q067,caption_failed,empty caption from provider,6,inserted_degraded,empty caption from provider
wildfire/The-Wildfire-Dataset/fire/malachi-brooks-YxyYrYXmnbs-unsplash.jpg,firebench_q068,caption_failed,empty caption from provider,6,inserted_degraded,empty caption from provider
wildfire/The-Wildfire-Dataset/fire/44678766291_7bdf899e71_o.jpg,firebench_q064,caption_failed,empty caption from provider,6,inserted_degraded,empty caption from provider
wildfire/The-Wildfire-Dataset/fire/malachi-brooks-EvJhJ75NwAc-unsplash.jpg,firebench_q068,caption_failed,empty caption from provider,6,inserted_degraded,empty caption from provider
wildfire/The-Wildfire-Dataset/fire/28460392672_b45947296a_o.jpg,firebench_q068,caption_failed,empty caption from provider,6,inserted_degraded,empty caption from provider
wildfire/The-Wildfire-Dataset/fire/malachi-brooks-co0q1GKx6xw-unsplash.jpg,firebench_q068,caption_failed,empty caption from provider,6,inserted_degraded,empty caption from provider
wildfire/The-Wildfire-Dataset/nofire/willian-justen-de-vasconcellos-S8fNXJimqdU-unsplash.jpg,firebench_q067,caption_failed,empty caption from provider,6,inserted_degraded,empty caption from provider
wildfire/The-Wildfire-Dataset/fire/48937621673_940560ccbd_o.jpg,firebench_q068,caption_failed,empty caption from provider,6,inserted_degraded,empty caption from provider
wildfire/The-Wildfire-Dataset/fire/43410505321_31a739fb64_o.jpg,firebench_q068,caption_failed,empty caption from provider,6,inserted_degraded,empty caption from provider
figlib/HPWREN-FIgLib/20250429_TrailFire_rm-w-mobo-c/1745955728_2B01200.jpg,firebench_q068,caption_failed,empty caption from provider,6,inserted_degraded,empty caption from provider
figlib/HPWREN-FIgLib/20170519_FIRE_rm-w-mobo-c/1495224006_-02280.jpg,firebench_q068,caption_failed,empty caption from provider,6,inserted_degraded,empty caption from provider
wildfire/The-Wildfire-Dataset/fire/48250059486_c704921b5d_o.jpg,firebench_q068,caption_failed,empty caption from provider,6,inserted_degraded,empty caption from provider
wildfire/The-Wildfire-Dataset/nofire/miha-rekar--wm9OmdN_Ig-unsplash.jpg,firebench_q067,caption_failed,empty caption from provider,6,inserted_degraded,empty caption from provider
figlib/HPWREN-FIgLib/20240907_FIRE_ws-s-mobo-c/1725729480_-02220.jpg,firebench_q068,caption_failed,empty caption from provider,6,inserted_degraded,empty caption from provider
wildfire/The-Wildfire-Dataset/nofire/derek-sears-1CdzukjTkKE-unsplash.jpg,firebench_q067,caption_failed,empty caption from provider,6,inserted_degraded,empty caption from provider
sage/W097/imagesampler-mobotix-2727/sage-imagesampler-mobotix-0.3.7/000048b02dd3c427/1765410714604484829-sample.jpg,firebench_q068,caption_failed,empty caption from provider,6,inserted_degraded,empty caption from provider
wildfire/The-Wildfire-Dataset/fire/48472397992_74e30b024c_o.jpg,firebench_q068,caption_failed,empty caption from provider,6,inserted_degraded,empty caption from provider
wildfire/The-Wildfire-Dataset/fire/36583423933_01030ea8f5_o.jpg,firebench_q068,caption_failed,empty caption from provider,6,inserted_degraded,empty caption from provider
wildfire/The-Wildfire-Dataset/fire/28757337722_68a87d1f68_o.jpg,firebench_q069,caption_failed,empty caption from provider,6,inserted_degraded,empty caption from provider
wildfire/The-Wildfire-Dataset/nofire/43048398825_ae99361954_o.jpg,firebench_q067,caption_failed,empty caption from provider,6,inserted_degraded,empty caption from provider
wildfire/The-Wildfire-Dataset/fire/48579551262_b5963116c0_o.jpg,firebench_q069,caption_failed,empty caption from provider,6,inserted_degraded,empty caption from provider
wildfire/The-Wildfire-Dataset/fire/48472398187_d02c871a2e_o.jpg,firebench_q069,caption_failed,empty caption from provider,6,inserted_degraded,empty caption from provider
wildfire/The-Wildfire-Dataset/fire/35531874233_8d14e0c7ba_o.jpg,firebench_q068,caption_failed,empty caption from provider,6,inserted_degraded,empty caption from provider
wildfire/The-Wildfire-Dataset/fire/52234791505_88b83b699a_o.jpg,firebench_q069,caption_failed,empty caption from provider,6,inserted_degraded,empty caption from provider
wildfire/The-Wildfire-Dataset/fire/28861884925_bdfb4316a2_o.jpg,firebench_q069,caption_failed,empty caption from provider,6,inserted_degraded,empty caption from provider
wildfire/The-Wildfire-Dataset/fire/28752190796_96d6b5ed3a_o.jpg,firebench_q069,caption_failed,empty caption from provider,6,inserted_degraded,empty caption from provider
wildfire/The-Wildfire-Dataset/fire/51840699904_8fd60b5e83_o.jpg,firebench_q068,caption_failed,empty caption from provider,6,inserted_degraded,empty caption from provider
wildfire/The-Wildfire-Dataset/fire/35531879493_9d0edc5cf2_o.jpg,firebench_q068,caption_failed,empty caption from provider,6,inserted_degraded,empty caption from provider
wildfire/The-Wildfire-Dataset/fire/42848957940_cc5924c5ba_o.jpg,firebench_q069,caption_failed,empty caption from provider,6,inserted_degraded,empty caption from provider
wildfire/The-Wildfire-Dataset/fire/35666721801_35f05dbd5f_o.jpg,firebench_q068,caption_failed,empty caption from provider,6,inserted_degraded,empty caption from provider
wildfire/The-Wildfire-Dataset/fire/34914713666_37fd3222f6_o.jpg,firebench_q069,caption_failed,empty caption from provider,6,inserted_degraded,empty caption from provider
wildfire/The-Wildfire-Dataset/fire/52046172443_a5da9c381b_o.jpg,firebench_q069,caption_failed,empty caption from provider,6,inserted_degraded,empty caption from provider
wildfire/The-Wildfire-Dataset/fire/33607866281_93d41bf0f4_o.jpg,firebench_q069,caption_failed,empty caption from provider,6,inserted_degraded,empty caption from provider
wildfire/The-Wildfire-Dataset/nofire/ben-den-engelsen-TCZ-8vsPAZ0-unsplash.jpg,firebench_q069,caption_failed,empty caption from provider,6,inserted_degraded,empty caption from provider
wildfire/The-Wildfire-Dataset/fire/28431971297_d7b1c5383a_o.jpg,firebench_q068,caption_failed,empty caption from provider,6,inserted_degraded,empty caption from provider
wildfire/The-Wildfire-Dataset/fire/53080010438_c3b6973476_o.jpg,firebench_q069,caption_failed,empty caption from provider,6,inserted_degraded,empty caption from provider
wildfire/The-Wildfire-Dataset/fire/26943699047_f37536c99a_o.jpg,firebench_q066,caption_failed,empty caption from provider,6,inserted_degraded,empty caption from provider
wildfire/The-Wildfire-Dataset/fire/50623038182_c2752178f2_o.jpg,firebench_q070,caption_failed,empty caption from provider,6,inserted_degraded,empty caption from provider
wildfire/The-Wildfire-Dataset/fire/33696329906_0577f32153_o.jpg,firebench_q069,caption_failed,empty caption from provider,6,inserted_degraded,empty caption from provider
wildfire/The-Wildfire-Dataset/fire/33607918741_a2418c5ed5_o.jpg,firebench_q069,caption_failed,empty caption from provider,6,inserted_degraded,empty caption from provider
wildfire/The-Wildfire-Dataset/fire/29325398052_e2e665bfca_o.jpg,firebench_q068,caption_failed,empty caption from provider,6,inserted_degraded,empty caption from provider
wildfire/The-Wildfire-Dataset/fire/33737027855_f74f71b6a1_o.jpg,firebench_q069,caption_failed,empty caption from provider,6,inserted_degraded,empty caption from provider
wildfire/The-Wildfire-Dataset/fire/37289047155_6d38810664_o.jpg,firebench_q068,caption_failed,empty caption from provider,6,inserted_degraded,empty caption from provider
wildfire/The-Wildfire-Dataset/fire/52368158446_429a153b04_o.jpg,firebench_q070,caption_failed,empty caption from provider,6,inserted_degraded,empty caption from provider
wildfire/The-Wildfire-Dataset/fire/29156511375_4c6bdfcc17_o.jpg,firebench_q070,caption_failed,empty caption from provider,6,inserted_degraded,empty caption from provider
wildfire/The-Wildfire-Dataset/fire/50343191921_f29318dbce_o.jpg,firebench_q069,caption_failed,empty caption from provider,6,inserted_degraded,empty caption from provider
wildfire/The-Wildfire-Dataset/nofire/51276757611_826ce8bbe5_o.jpg,firebench_q069,caption_failed,empty caption from provider,6,inserted_degraded,empty caption from provider
wildfire/The-Wildfire-Dataset/fire/11876299854_f22f787159_o.jpg,firebench_q070,caption_failed,empty caption from provider,6,inserted_degraded,empty caption from provider
wildfire/The-Wildfire-Dataset/fire/34163415785_8355d7da30_o.jpg,firebench_q070,caption_failed,empty caption from provider,6,inserted_degraded,empty caption from provider
wildfire/The-Wildfire-Dataset/fire/35943831620_2f3e25830c_o.jpg,firebench_q068,caption_failed,empty caption from provider,6,inserted_degraded,empty caption from provider
wildfire/The-Wildfire-Dataset/fire/52952509547_cc234e4e2f_o.jpg,firebench_q070,caption_failed,empty caption from provider,6,inserted_degraded,empty caption from provider
wildfire/The-Wildfire-Dataset/fire/28460392742_954d8b5806_o.jpg,firebench_q070,caption_failed,empty caption from provider,6,inserted_degraded,empty caption from provider
wildfire/The-Wildfire-Dataset/fire/50295008751_5b436a2f39_o.jpg,firebench_q068,caption_failed,empty caption from provider,6,inserted_degraded,empty caption from provider
wildfire/The-Wildfire-Dataset/fire/29813751658_b7a76805cc_o.jpg,firebench_q070,caption_failed,empty caption from provider,6,inserted_degraded,empty caption from provider
wildfire/The-Wildfire-Dataset/fire/35504733704_177275e7b4_o.jpg,firebench_q068,caption_failed,empty caption from provider,6,inserted_degraded,empty caption from provider
wildfire/The-Wildfire-Dataset/fire/52464696672_7224ba08b9_o.png,firebench_q069,caption_failed,empty caption from provider,6,abandoned,empty caption from provider
wildfire/The-Wildfire-Dataset/fire/52797625157_8123a34888_o.jpg,firebench_q070,caption_failed,empty caption from provider,6,inserted_degraded,empty caption from provider
wildfire/The-Wildfire-Dataset/fire/52232274786_3847f71eb8_o.jpg,firebench_q069,caption_failed,empty caption from provider,6,inserted_degraded,empty caption from provider
wildfire/The-Wildfire-Dataset/fire/35883375265_c23cbece87_o.jpg,firebench_q070,caption_failed,empty caption from provider,6,inserted_degraded,empty caption from provider
wildfire/The-Wildfire-Dataset/fire/34914716246_b84b6ce74c_o.jpg,firebench_q070,caption_failed,empty caption from provider,6,inserted_degraded,empty caption from provider
wildfire/The-Wildfire-Dataset/fire/29434256445_0fb01747a6_o.jpg,firebench_q069,caption_failed,empty caption from provider,6,inserted_degraded,empty caption from provider
wildfire/The-Wildfire-Dataset/fire/26943713307_03bc33d56f_o.jpg,firebench_q068,caption_failed,empty caption from provider,6,inserted_degraded,empty caption from provider
wildfire/The-Wildfire-Dataset/fire/43615020704_0b05413897_o.jpg,firebench_q068,caption_failed,empty caption from provider,6,inserted_degraded,empty caption from provider
wildfire/The-Wildfire-Dataset/fire/28460392812_9697a4061b_o.jpg,firebench_q070,caption_failed,empty caption from provider,6,inserted_degraded,empty caption from provider
wildfire/The-Wildfire-Dataset/fire/50356690687_f7c9058f01_o.jpg,firebench_q070,caption_failed,empty caption from provider,6,inserted_degraded,empty caption from provider
wildfire/The-Wildfire-Dataset/fire/34631783560_a93cbe6cf1_o.jpg,firebench_q071,caption_failed,empty caption from provider,6,inserted_degraded,empty caption from provider
wildfire/The-Wildfire-Dataset/fire/34914716246_b84b6ce74c_o.jpg,firebench_q071,caption_failed,empty caption from provider,6,inserted_degraded,empty caption from provider
wildfire/The-Wildfire-Dataset/nofire/aleksandar-jason-prv8AiRvS-s-unsplash.jpg,firebench_q069,caption_failed,empty caption from provider,6,inserted_degraded,empty caption from provider
wildfire/The-Wildfire-Dataset/fire/52952509547_cc234e4e2f_o.jpg,firebench_q071,caption_failed,empty caption from provider,6,inserted_degraded,empty caption from provider
wildfire/The-Wildfire-Dataset/nofire/alexandr-bormotin-7fmwqpFqoy4-unsplash.jpg,firebench_q069,caption_failed,empty caption from provider,6,inserted_degraded,empty caption from provider
wildfire/The-Wildfire-Dataset/fire/51286207225_dce2d3fee0_o.jpg,firebench_q071,caption_failed,empty caption from provider,6,inserted_degraded,empty caption from provider
wildfire/The-Wildfire-Dataset/fire/51353777180_ac4a44d7ee_o.jpg,firebench_q070,caption_failed,empty caption from provider,6,inserted_degraded,empty caption from provider
wildfire/The-Wildfire-Dataset/fire/34025005952_b1246f3b14_o.jpg,firebench_q070,caption_failed,empty caption from provider,6,inserted_degraded,empty caption from provider
wildfire/The-Wildfire-Dataset/fire/28431967897_9feb07ecd5_o.jpg,firebench_q069,caption_failed,empty caption from provider,6,inserted_degraded,empty caption from provider
wildfire/The-Wildfire-Dataset/fire/50229925311_ba849239ac_o.jpg,firebench_q071,caption_failed,empty caption from provider,6,inserted_degraded,empty caption from provider
wildfire/The-Wildfire-Dataset/fire/51310213455_e482232126_o.jpg,firebench_q070,caption_failed,empty caption from provider,6,inserted_degraded,empty caption from provider
wildfire/The-Wildfire-Dataset/fire/42210814850_eb0d174856_o.jpg,firebench_q068,caption_failed,empty caption from provider,6,inserted_degraded,empty caption from provider
wildfire/The-Wildfire-Dataset/fire/49785368728_0babc970df_o.jpg,firebench_q070,caption_failed,empty caption from provider,6,inserted_degraded,empty caption from provider
wildfire/The-Wildfire-Dataset/fire/44797217694_dbd11e2f30_o.jpg,firebench_q070,caption_failed,empty caption from provider,6,inserted_degraded,empty caption from provider
wildfire/The-Wildfire-Dataset/fire/51285917069_5af3c24da9_o.jpg,firebench_q071,caption_failed,empty caption from provider,6,inserted_degraded,empty caption from provider
wildfire/The-Wildfire-Dataset/fire/53079708914_067444e197_o.jpg,firebench_q071,caption_failed,empty caption from provider,6,inserted_degraded,empty caption from provider
figlib/HPWREN-FIgLib/20241031_MontezumaFire_sm-w-mobo-c/1730406745_-00119.jpg,firebench_q071,caption_failed,empty caption from provider,6,inserted_degraded,empty caption from provider
wildfire/The-Wildfire-Dataset/fire/34182396555_ed36d0170c_o.jpg,firebench_q071,caption_failed,empty caption from provider,6,inserted_degraded,empty caption from provider
wildfire/The-Wildfire-Dataset/fire/50623056657_2e848b0caa_o.jpg,firebench_q070,caption_failed,empty caption from provider,6,inserted_degraded,empty caption from provider
wildfire/The-Wildfire-Dataset/fire/52442672018_58ee104bdf_o.jpg,firebench_q071,caption_failed,empty caption from provider,6,inserted_degraded,empty caption from provider
wildfire/The-Wildfire-Dataset/fire/30227791868_e72b72e0c3_o.jpg,firebench_q070,caption_failed,empty caption from provider,6,inserted_degraded,empty caption from provider
wildfire/The-Wildfire-Dataset/fire/26072333151_58603327f0_o.jpg,firebench_q071,caption_failed,empty caption from provider,6,inserted_degraded,empty caption from provider
figlib/HPWREN-FIgLib/20200202_FIRE_hp-w-mobo-c/1580668231_2B00240.jpg,firebench_q071,caption_failed,empty caption from provider,6,inserted_degraded,empty caption from provider
figlib/HPWREN-FIgLib/20250823_Clubfire_stgo-s-mobo-c/1755964238_-00597.jpg,firebench_q071,caption_failed,empty caption from provider,6,inserted_degraded,empty caption from provider
wildfire/The-Wildfire-Dataset/fire/51820296693_9ba629927f_o.jpg,firebench_q071,caption_failed,empty caption from provider,6,inserted_degraded,empty caption from provider
wildfire/The-Wildfire-Dataset/fire/52467006943_6f3427729f_o.jpg,firebench_q071,caption_failed,empty caption from provider,6,inserted_degraded,empty caption from provider
wildfire/The-Wildfire-Dataset/fire/43301439861_2d519d129a_o.jpg,firebench_q069,caption_failed,empty caption from provider,6,inserted_degraded,empty caption from provider
wildfire/The-Wildfire-Dataset/fire/52925719910_cc0de9e099_o.jpg,firebench_q071,caption_failed,empty caption from provider,6,inserted_degraded,empty caption from provider
wildfire/The-Wildfire-Dataset/fire/51353777180_ac4a44d7ee_o.jpg,firebench_q071,caption_failed,empty caption from provider,6,inserted_degraded,empty caption from provider
wildfire/The-Wildfire-Dataset/fire/50225115988_91ee5e54e0_o.jpg,firebench_q071,caption_failed,empty caption from provider,6,inserted_degraded,empty caption from provider
wildfire/The-Wildfire-Dataset/fire/50356690687_f7c9058f01_o.jpg,firebench_q071,caption_failed,empty caption from provider,6,inserted_degraded,empty caption from provider
wildfire/The-Wildfire-Dataset/fire/30874319678_b44a05f558_o.jpg,firebench_q071,caption_failed,empty caption from provider,6,inserted_degraded,empty caption from provider
wildfire/The-Wildfire-Dataset/fire/50623056657_2e848b0caa_o.jpg,firebench_q071,caption_failed,empty caption from provider,6,inserted_degraded,empty caption from provider
wildfire/The-Wildfire-Dataset/fire/29012886626_b81f04e597_o.jpg,firebench_q071,caption_failed,empty caption from provider,6,inserted_degraded,empty caption from provider
wildfire/The-Wildfire-Dataset/fire/51700279846_b5cc4583de_o.jpg,firebench_q071,caption_failed,empty caption from provider,6,inserted_degraded,empty caption from provider
wildfire/The-Wildfire-Dataset/fire/28460392742_954d8b5806_o.jpg,firebench_q071,caption_failed,empty caption from provider,6,inserted_degraded,empty caption from provider
wildfire/The-Wildfire-Dataset/fire/29079516630_d726213e54_o.jpg,firebench_q071,caption_failed,empty caption from provider,6,inserted_degraded,empty caption from provider
wildfire/The-Wildfire-Dataset/fire/42797043485_8cbd6ec10d_o.jpg,firebench_q072,caption_failed,empty caption from provider,6,inserted_degraded,empty caption from provider
wildfire/The-Wildfire-Dataset/fire/4112276037_5a00123f8c_o.jpg,firebench_q072,caption_failed,empty caption from provider,6,inserted_degraded,empty caption from provider
wildfire/The-Wildfire-Dataset/fire/28460392812_9697a4061b_o.jpg,firebench_q071,caption_failed,empty caption from provider,6,inserted_degraded,empty caption from provider
wildfire/The-Wildfire-Dataset/fire/51321384666_c7b3e91be4_o.jpg,firebench_q072,caption_failed,empty caption from provider,6,inserted_degraded,empty caption from provider
wildfire/The-Wildfire-Dataset/fire/50516943398_0291669a23_o.jpg,firebench_q071,caption_failed,empty caption from provider,6,inserted_degraded,empty caption from provider
sage/W097/imagesampler-mobotix-2727/sage-imagesampler-mobotix-0.3.7/000048b02dd3c427/1765348554866804762-sample.jpg,firebench_q071,caption_failed,empty caption from provider,6,inserted_degraded,empty caption from provider
sage/W097/imagesampler-mobotix-2727/sage-imagesampler-mobotix-0.3.7/000048b02dd3c427/1765425903989926836-sample.jpg,firebench_q072,caption_failed,empty caption from provider,6,inserted_degraded,empty caption from provider
wildfire/The-Wildfire-Dataset/fire/21445932255_5c5391fcc5_o.jpg,firebench_q071,caption_failed,empty caption from provider,6,inserted_degraded,empty caption from provider
figlib/HPWREN-FIgLib/20191030_CopperCanyon_om-s-mobo-m/1572497980_2B00240.jpg,firebench_q072,caption_failed,empty caption from provider,6,inserted_degraded,empty caption from provider
wildfire/The-Wildfire-Dataset/fire/sippakorn-yamkasikorn-nVYEechGqqM-unsplash.jpg,firebench_q070,caption_failed,empty caption from provider,6,inserted_degraded,empty caption from provider
wildfire/The-Wildfire-Dataset/fire/malachi-brooks-6axIayVqRs8-unsplash.jpg,firebench_q072,caption_failed,empty caption from provider,6,inserted_degraded,empty caption from provider
wildfire/The-Wildfire-Dataset/fire/53079506416_d1691921da_o.jpg,firebench_q073,caption_failed,empty caption from provider,6,inserted_degraded,empty caption from provider
wildfire/The-Wildfire-Dataset/fire/35410025110_b70f64a6f4_o.jpg,firebench_q071,caption_failed,empty caption from provider,6,inserted_degraded,empty caption from provider
wildfire/The-Wildfire-Dataset/fire/34025005952_b1246f3b14_o.jpg,firebench_q071,caption_failed,empty caption from provider,6,inserted_degraded,empty caption from provider
figlib/HPWREN-FIgLib/20241209_FranklinFire_69bravo-w-mobo-c/1733811544_-01800.jpg,firebench_q072,caption_failed,empty caption from provider,6,inserted_degraded,empty caption from provider
sage/W097/imagesampler-mobotix-2727/sage-imagesampler-mobotix-0.3.7/000048b02dd3c427/1765403014140476383-sample.jpg,firebench_q072,caption_failed,empty caption from provider,6,inserted_degraded,empty caption from provider
wildfire/The-Wildfire-Dataset/fire/50343191921_f29318dbce_o.jpg,firebench_q073,caption_failed,empty caption from provider,6,inserted_degraded,empty caption from provider
wildfire/The-Wildfire-Dataset/fire/8469662486_333883dee1_o.jpg,firebench_q073,caption_failed,empty caption from provider,6,inserted_degraded,empty caption from provider
wildfire/The-Wildfire-Dataset/fire/28743622414_9982dcd3e0_o.jpg,firebench_q072,caption_failed,empty caption from provider,6,inserted_degraded,empty caption from provider
wildfire/The-Wildfire-Dataset/fire/21195741668_17c1281e9c_o.jpg,firebench_q068,caption_failed,empty caption from provider,6,inserted_degraded,empty caption from provider
wildfire/The-Wildfire-Dataset/fire/malachi-brooks-LTeuOVKtr5Q-unsplash.jpg,firebench_q072,caption_failed,empty caption from provider,6,inserted_degraded,empty caption from provider
wildfire/The-Wildfire-Dataset/fire/34896789386_b524350749_o.jpg,firebench_q072,caption_failed,empty caption from provider,6,inserted_degraded,empty caption from provider
wildfire/The-Wildfire-Dataset/fire/28743621984_dde9e64c11_o.jpg,firebench_q072,caption_failed,empty caption from provider,6,inserted_degraded,empty caption from provider
wildfire/The-Wildfire-Dataset/fire/42983576304_1e385a0831_o.jpg,firebench_q071,caption_failed,empty caption from provider,6,inserted_degraded,empty caption from provider
wildfire/The-Wildfire-Dataset/fire/50320042972_4b360e7903_o.jpg,firebench_q072,caption_failed,empty caption from provider,6,inserted_degraded,empty caption from provider
wildfire/The-Wildfire-Dataset/fire/walther-nunez-WSoPzcX_K3k-unsplash.jpg,firebench_q072,caption_failed,empty caption from provider,6,inserted_degraded,empty caption from provider
wildfire/The-Wildfire-Dataset/fire/50338173282_414e2dfde9_o.jpg,firebench_q072,caption_failed,empty caption from provider,6,inserted_degraded,empty caption from provider
wildfire/The-Wildfire-Dataset/fire/50303149397_6ccef9a4f5_o.jpg,firebench_q073,caption_failed,empty caption from provider,6,inserted_degraded,empty caption from provider
wildfire/The-Wildfire-Dataset/fire/50322961488_4b774b7c3f_o.jpg,firebench_q073,caption_failed,empty caption from provider,6,inserted_degraded,empty caption from provider
wildfire/The-Wildfire-Dataset/fire/36171932072_630ac67274_o.jpg,firebench_q072,caption_failed,empty caption from provider,6,inserted_degraded,empty caption from provider
wildfire/The-Wildfire-Dataset/fire/9570758963_0e23770a7a_o.jpg,firebench_q073,caption_failed,empty caption from provider,6,inserted_degraded,empty caption from provider
wildfire/The-Wildfire-Dataset/fire/35531880393_6e069a4320_o.jpg,firebench_q072,caption_failed,empty caption from provider,6,inserted_degraded,empty caption from provider
wildfire/The-Wildfire-Dataset/fire/45059296945_0fa9acdddd_o.jpg,firebench_q073,caption_failed,empty caption from provider,6,inserted_degraded,empty caption from provider
wildfire/The-Wildfire-Dataset/fire/21302983615_746b31213b_o.jpg,firebench_q073,caption_failed,empty caption from provider,6,inserted_degraded,empty caption from provider
wildfire/The-Wildfire-Dataset/fire/50381618553_0b4920f961_o.jpg,firebench_q072,caption_failed,empty caption from provider,6,inserted_degraded,empty caption from provider
wildfire/The-Wildfire-Dataset/fire/8468567409_4227539d23_o.jpg,firebench_q073,caption_failed,empty caption from provider,6,inserted_degraded,empty caption from provider
wildfire/The-Wildfire-Dataset/fire/50323628016_b80b3c7a3e_o.jpg,firebench_q073,caption_failed,empty caption from provider,6,inserted_degraded,empty caption from provider
wildfire/The-Wildfire-Dataset/fire/52464696672_7224ba08b9_o.png,firebench_q073,caption_failed,empty caption from provider,6,abandoned,empty caption from provider
wildfire/The-Wildfire-Dataset/fire/9573562938_bd50b7584a_o.jpg,firebench_q073,caption_failed,empty caption from provider,6,inserted_degraded,empty caption from provider
wildfire/The-Wildfire-Dataset/fire/37325145206_39f19f37c7_o.jpg,firebench_q073,caption_failed,empty caption from provider,6,inserted_degraded,empty caption from provider
wildfire/The-Wildfire-Dataset/fire/53080010438_c3b6973476_o.jpg,firebench_q073,caption_failed,empty caption from provider,6,inserted_degraded,empty caption from provider
wildfire/The-Wildfire-Dataset/fire/29217081572_916011567e_o.jpg,firebench_q072,caption_failed,empty caption from provider,6,inserted_degraded,empty caption from provider
wildfire/The-Wildfire-Dataset/fire/alex-widmer-Kw-S5Jt2lHU-unsplash.jpg,firebench_q073,caption_failed,empty caption from provider,6,inserted_degraded,empty caption from provider
sage/W097/imagesampler-mobotix-2727/sage-imagesampler-mobotix-0.3.7/000048b02dd3c427/1765392024505735237-sample.jpg,firebench_q074,caption_failed,empty caption from provider,6,inserted_degraded,empty caption from provider
wildfire/The-Wildfire-Dataset/fire/christian-buehner-U8bqDvBcZRE-unsplash.jpg,firebench_q072,caption_failed,empty caption from provider,6,inserted_degraded,empty caption from provider
wildfire/The-Wildfire-Dataset/fire/52635039726_1ca5c67535_o.jpg,firebench_q072,caption_failed,empty caption from provider,6,inserted_degraded,empty caption from provider
wildfire/The-Wildfire-Dataset/fire/malachi-brooks-A4KBMjkxV3k-unsplash.jpg,firebench_q074,caption_failed,empty caption from provider,6,inserted_degraded,empty caption from provider
wildfire/The-Wildfire-Dataset/fire/36340658435_4c5de984de_o.jpg,firebench_q072,caption_failed,empty caption from provider,6,inserted_degraded,empty caption from provider
wildfire/The-Wildfire-Dataset/fire/52390705491_bdce74ba62_o.jpg,firebench_q074,caption_failed,empty caption from provider,6,inserted_degraded,empty caption from provider
wildfire/The-Wildfire-Dataset/fire/41491769920_862cfdf03e_o.jpg,firebench_q073,caption_failed,empty caption from provider,6,inserted_degraded,empty caption from provider
wildfire/The-Wildfire-Dataset/fire/52925781633_c00a95f181_o.jpg,firebench_q074,caption_failed,empty caption from provider,6,inserted_degraded,empty caption from provider
sage/W097/imagesampler-mobotix-2727/sage-imagesampler-mobotix-0.3.7/000048b02dd3c427/1765412324374125139-sample.jpg,firebench_q074,caption_failed,empty caption from provider,6,inserted_degraded,empty caption from provider
wildfire/The-Wildfire-Dataset/fire/21195497870_9865f62d8b_o.jpg,firebench_q072,caption_failed,empty caption from provider,6,inserted_degraded,empty caption from provider
wildfire/The-Wildfire-Dataset/fire/36340904035_5ecfe76717_o.jpg,firebench_q073,caption_failed,empty caption from provider,6,inserted_degraded,empty caption from provider
sage/W097/imagesampler-bottom-2726/sage-imagesampler-bottom-0.3.7/000048b02dd3c427/1765401004937421621-sample.jpg,firebench_q074,caption_failed,empty caption from provider,6,inserted_degraded,empty caption from provider
wildfire/The-Wildfire-Dataset/fire/4112276037_5a00123f8c_o.jpg,firebench_q074,caption_failed,empty caption from provider,6,inserted_degraded,empty caption from provider
wildfire/The-Wildfire-Dataset/fire/28811874523_557bd5d653_o.jpg,firebench_q072,caption_failed,empty caption from provider,6,inserted_degraded,empty caption from provider
sage/W097/imagesampler-mobotix-2727/sage-imagesampler-mobotix-0.3.7/000048b02dd3c427/1765397134426602292-sample.jpg,firebench_q074,caption_failed,empty caption from provider,6,inserted_degraded,empty caption from provider
wildfire/The-Wildfire-Dataset/fire/28743622414_9982dcd3e0_o.jpg,firebench_q074,caption_failed,empty caption from provider,6,inserted_degraded,empty caption from provider
wildfire/The-Wildfire-Dataset/fire/41811387601_af923b9f7c_o.jpg,firebench_q072,caption_failed,empty caption from provider,6,inserted_degraded,empty caption from provider
wildfire/The-Wildfire-Dataset/fire/28431967897_9feb07ecd5_o.jpg,firebench_q073,caption_failed,empty caption from provider,6,inserted_degraded,empty caption from provider
sage/W097/imagesampler-mobotix-2727/sage-imagesampler-mobotix-0.3.7/000048b02dd3c427/1765403014140476383-sample.jpg,firebench_q074,caption_failed,empty caption from provider,6,inserted_degraded,empty caption from provider
wildfire/The-Wildfire-Dataset/fire/28743621984_dde9e64c11_o.jpg,firebench_q074,caption_failed,empty caption from provider,6,inserted_degraded,empty caption from provider
wildfire/The-Wildfire-Dataset/fire/36296147916_c7385539eb_o.jpg,firebench_q073,caption_failed,empty caption from provider,6,inserted_degraded,empty caption from provider
wildfire/The-Wildfire-Dataset/fire/43006225214_dac245102a_o.jpg,firebench_q072,caption_failed,empty caption from provider,6,inserted_degraded,empty caption from provider
sage/W097/imagesampler-mobotix-2727/sage-imagesampler-mobotix-0.3.7/000048b02dd3c427/1765393564470766503-sample.jpg,firebench_q074,caption_failed,empty caption from provider,6,inserted_degraded,empty caption from provider
wildfire/The-Wildfire-Dataset/fire/43301439861_2d519d129a_o.jpg,firebench_q073,caption_failed,empty caption from provider,6,inserted_degraded,empty caption from provider
wildfire/The-Wildfire-Dataset/fire/malachi-brooks-6axIayVqRs8-unsplash.jpg,firebench_q074,caption_failed,empty caption from provider,6,inserted_degraded,empty caption from provider
wildfire/The-Wildfire-Dataset/fire/9570758963_0e23770a7a_o.jpg,firebench_q075,caption_failed,empty caption from provider,6,inserted_degraded,empty caption from provider
sage/W097/imagesampler-mobotix-2727/sage-imagesampler-mobotix-0.3.7/000048b02dd3c427/1765409384476825232-sample.jpg,firebench_q074,caption_failed,empty caption from provider,6,inserted_degraded,empty caption from provider
wildfire/The-Wildfire-Dataset/fire/45059296945_0fa9acdddd_o.jpg,firebench_q075,caption_failed,empty caption from provider,6,inserted_degraded,empty caption from provider
wildfire/The-Wildfire-Dataset/fire/28431975197_d6415bdce5_o.jpg,firebench_q073,caption_failed,empty caption from provider,6,inserted_degraded,empty caption from provider
wildfire/The-Wildfire-Dataset/fire/53079506416_d1691921da_o.jpg,firebench_q075,caption_failed,empty caption from provider,6,inserted_degraded,empty caption from provider
wildfire/The-Wildfire-Dataset/fire/34896789386_b524350749_o.jpg,firebench_q074,caption_failed,empty caption from provider,6,inserted_degraded,empty caption from provider
wildfire/The-Wildfire-Dataset/fire/9600848878_2b94b23858_o.jpg,firebench_q075,caption_failed,empty caption from provider,6,inserted_degraded,empty caption from provider
wildfire/The-Wildfire-Dataset/nofire/meina-yin-_O_R3KLZx8o-unsplash.jpg,firebench_q074,caption_failed,empty caption from provider,6,inserted_degraded,empty caption from provider
wildfire/The-Wildfire-Dataset/fire/8469662486_333883dee1_o.jpg,firebench_q075,caption_failed,empty caption from provider,6,inserted_degraded,empty caption from provider
wildfire/The-Wildfire-Dataset/fire/34791620042_c6f1cc789d_o.jpg,firebench_q075,caption_failed,empty caption from provider,6,inserted_degraded,empty caption from provider
wildfire/The-Wildfire-Dataset/fire/36171926842_09c60c4c31_o.jpg,firebench_q072,caption_failed,empty caption from provider,6,inserted_degraded,empty caption from provider
wildfire/The-Wildfire-Dataset/fire/50338173282_414e2dfde9_o.jpg,firebench_q074,caption_failed,empty caption from provider,6,inserted_degraded,empty caption from provider
wildfire/The-Wildfire-Dataset/fire/50303149397_6ccef9a4f5_o.jpg,firebench_q075,caption_failed,empty caption from provider,6,inserted_degraded,empty caption from provider
wildfire/The-Wildfire-Dataset/fire/50320042972_4b360e7903_o.jpg,firebench_q074,caption_failed,empty caption from provider,6,inserted_degraded,empty caption from provider
wildfire/The-Wildfire-Dataset/fire/28431968257_796522ea52_o.jpg,firebench_q073,caption_failed,empty caption from provider,6,inserted_degraded,empty caption from provider
wildfire/The-Wildfire-Dataset/fire/52464696672_7224ba08b9_o.png,firebench_q075,caption_failed,empty caption from provider,6,abandoned,empty caption from provider
wildfire/The-Wildfire-Dataset/fire/21302983615_746b31213b_o.jpg,firebench_q075,caption_failed,empty caption from provider,6,inserted_degraded,empty caption from provider
wildfire/The-Wildfire-Dataset/fire/36171932072_630ac67274_o.jpg,firebench_q074,caption_failed,empty caption from provider,6,inserted_degraded,empty caption from provider
wildfire/The-Wildfire-Dataset/fire/50322961488_4b774b7c3f_o.jpg,firebench_q075,caption_failed,empty caption from provider,6,inserted_degraded,empty caption from provider
wildfire/The-Wildfire-Dataset/fire/51233236409_c8d76eb111_o.jpg,firebench_q075,caption_failed,empty caption from provider,6,inserted_degraded,empty caption from provider
wildfire/The-Wildfire-Dataset/fire/8468567409_4227539d23_o.jpg,firebench_q075,caption_failed,empty caption from provider,6,inserted_degraded,empty caption from provider
wildfire/The-Wildfire-Dataset/fire/28537729283_1d2daeaf5f_o.jpg,firebench_q076,caption_failed,empty caption from provider,6,inserted_degraded,empty caption from provider
wildfire/The-Wildfire-Dataset/fire/50381618553_0b4920f961_o.jpg,firebench_q074,caption_failed,empty caption from provider,6,inserted_degraded,empty caption from provider
wildfire/The-Wildfire-Dataset/fire/35531874233_8d14e0c7ba_o.jpg,firebench_q074,caption_failed,empty caption from provider,6,inserted_degraded,empty caption from provider
wildfire/The-Wildfire-Dataset/fire/37325145206_39f19f37c7_o.jpg,firebench_q075,caption_failed,empty caption from provider,6,inserted_degraded,empty caption from provider
wildfire/The-Wildfire-Dataset/fire/41491769920_862cfdf03e_o.jpg,firebench_q075,caption_failed,empty caption from provider,6,inserted_degraded,empty caption from provider
wildfire/The-Wildfire-Dataset/fire/48472398187_d02c871a2e_o.jpg,firebench_q075,caption_failed,empty caption from provider,6,inserted_degraded,empty caption from provider
wildfire/The-Wildfire-Dataset/fire/34163416695_fd80717cd0_o.jpg,firebench_q075,caption_failed,empty caption from provider,6,inserted_degraded,empty caption from provider
wildfire/The-Wildfire-Dataset/fire/43377037494_ea2f1a5605_o.jpg,firebench_q074,caption_failed,empty caption from provider,6,inserted_degraded,empty caption from provider
wildfire/The-Wildfire-Dataset/fire/malachi-brooks-EvJhJ75NwAc-unsplash.jpg,firebench_q076,caption_failed,empty caption from provider,6,inserted_degraded,empty caption from provider
wildfire/The-Wildfire-Dataset/fire/28811874523_557bd5d653_o.jpg,firebench_q074,caption_failed,empty caption from provider,6,inserted_degraded,empty caption from provider
wildfire/The-Wildfire-Dataset/fire/28459976202_11d097d569_o.jpg,firebench_q076,caption_failed,empty caption from provider,6,inserted_degraded,empty caption from provider
wildfire/The-Wildfire-Dataset/fire/alex-widmer-Kw-S5Jt2lHU-unsplash.jpg,firebench_q075,caption_failed,empty caption from provider,6,inserted_degraded,empty caption from provider
wildfire/The-Wildfire-Dataset/fire/36583423933_01030ea8f5_o.jpg,firebench_q076,caption_failed,empty caption from provider,6,inserted_degraded,empty caption from provider
wildfire/The-Wildfire-Dataset/fire/51285909189_01a4b610af_o.jpg,firebench_q076,caption_failed,empty caption from provider,6,inserted_degraded,empty caption from provider
wildfire/The-Wildfire-Dataset/fire/41811387601_af923b9f7c_o.jpg,firebench_q074,caption_failed,empty caption from provider,6,inserted_degraded,empty caption from provider
wildfire/The-Wildfire-Dataset/fire/43251633862_c4da756e5f_o.jpg,firebench_q075,caption_failed,empty caption from provider,6,inserted_degraded,empty caption from provider
wildfire/The-Wildfire-Dataset/fire/48250059486_c704921b5d_o.jpg,firebench_q076,caption_failed,empty caption from provider,6,inserted_degraded,empty caption from provider
wildfire/The-Wildfire-Dataset/fire/28431975197_d6415bdce5_o.jpg,firebench_q075,caption_failed,empty caption from provider,6,inserted_degraded,empty caption from provider
wildfire/The-Wildfire-Dataset/fire/52465190131_8e994c0137_o.jpg,firebench_q075,caption_failed,empty caption from provider,6,inserted_degraded,empty caption from provider
wildfire/The-Wildfire-Dataset/fire/michael-chacon-Pnkk0wRr018-unsplash.jpg,firebench_q076,caption_failed,empty caption from provider,6,inserted_degraded,empty caption from provider
wildfire/The-Wildfire-Dataset/fire/christian-buehner-U8bqDvBcZRE-unsplash.jpg,firebench_q074,caption_failed,empty caption from provider,6,inserted_degraded,empty caption from provider
sage/W097/imagesampler-mobotix-2727/sage-imagesampler-mobotix-0.3.7/000048b02dd3c427/1765410714604484829-sample.jpg,firebench_q076,caption_failed,empty caption from provider,6,inserted_degraded,empty caption from provider
figlib/HPWREN-FIgLib/20200806_SpringsFire_sm-e-mobo-c/1596763529_-00602.jpg,firebench_q076,caption_failed,empty caption from provider,6,inserted_degraded,empty caption from provider
wildfire/The-Wildfire-Dataset/fire/43301439861_2d519d129a_o.jpg,firebench_q075,caption_failed,empty caption from provider,6,inserted_degraded,empty caption from provider
sage/W097/imagesampler-mobotix-2727/sage-imagesampler-mobotix-0.3.7/000048b02dd3c427/1765396154432519865-sample.jpg,firebench_q076,caption_failed,empty caption from provider,6,inserted_degraded,empty caption from provider
wildfire/The-Wildfire-Dataset/fire/35666721801_35f05dbd5f_o.jpg,firebench_q076,caption_failed,empty caption from provider,6,inserted_degraded,empty caption from provider
wildfire/The-Wildfire-Dataset/fire/29369957265_4873339791_o.jpg,firebench_q076,caption_failed,empty caption from provider,6,inserted_degraded,empty caption from provider
wildfire/The-Wildfire-Dataset/fire/52149116460_a76bf7aaf8_o.jpg,firebench_q076,caption_failed,empty caption from provider,6,inserted_degraded,empty caption from provider
sage/W097/imagesampler-mobotix-2727/sage-imagesampler-mobotix-0.3.7/000048b02dd3c427/1765416804991415890-sample.jpg,firebench_q076,caption_failed,empty caption from provider,6,inserted_degraded,empty caption from provider
wildfire/The-Wildfire-Dataset/fire/35531880393_6e069a4320_o.jpg,firebench_q074,caption_failed,empty caption from provider,6,inserted_degraded,empty caption from provider
wildfire/The-Wildfire-Dataset/fire/29369955805_f0a93ac77e_o.jpg,firebench_q076,caption_failed,empty caption from provider,6,inserted_degraded,empty caption from provider
wildfire/The-Wildfire-Dataset/fire/29813751658_b7a76805cc_o.jpg,firebench_q077,caption_failed,empty caption from provider,6,inserted_degraded,empty caption from provider
wildfire/The-Wildfire-Dataset/fire/28431967897_9feb07ecd5_o.jpg,firebench_q075,caption_failed,empty caption from provider,6,inserted_degraded,empty caption from provider
wildfire/The-Wildfire-Dataset/fire/51840699904_8fd60b5e83_o.jpg,firebench_q076,caption_failed,empty caption from provider,6,inserted_degraded,empty caption from provider
wildfire/The-Wildfire-Dataset/nofire/cole-freeman-6PB8SYmwecM-unsplash.jpg,firebench_q076,caption_failed,empty caption from provider,6,inserted_degraded,empty caption from provider
wildfire/The-Wildfire-Dataset/fire/43825007480_381db74ae8_o.jpg,firebench_q076,caption_failed,empty caption from provider,6,inserted_degraded,empty caption from provider
wildfire/The-Wildfire-Dataset/fire/malachi-brooks-co0q1GKx6xw-unsplash.jpg,firebench_q076,caption_failed,empty caption from provider,6,inserted_degraded,empty caption from provider
sage/W097/imagesampler-mobotix-2727/sage-imagesampler-mobotix-0.3.7/000048b02dd3c427/1765409594298416728-sample.jpg,firebench_q076,caption_failed,empty caption from provider,6,inserted_degraded,empty caption from provider
wildfire/The-Wildfire-Dataset/fire/51310213455_e482232126_o.jpg,firebench_q077,caption_failed,empty caption from provider,6,inserted_degraded,empty caption from provider
wildfire/The-Wildfire-Dataset/fire/52952509547_cc234e4e2f_o.jpg,firebench_q077,caption_failed,empty caption from provider,6,inserted_degraded,empty caption from provider
wildfire/The-Wildfire-Dataset/fire/51353777180_ac4a44d7ee_o.jpg,firebench_q077,caption_failed,empty caption from provider,6,inserted_degraded,empty caption from provider
wildfire/The-Wildfire-Dataset/fire/34163415785_8355d7da30_o.jpg,firebench_q077,caption_failed,empty caption from provider,6,inserted_degraded,empty caption from provider
wildfire/The-Wildfire-Dataset/fire/50623056657_2e848b0caa_o.jpg,firebench_q077,caption_failed,empty caption from provider,6,inserted_degraded,empty caption from provider
wildfire/The-Wildfire-Dataset/fire/41769492782_06198c8e66_o.jpg,firebench_q074,caption_failed,empty caption from provider,6,inserted_degraded,empty caption from provider
wildfire/The-Wildfire-Dataset/fire/50229925311_ba849239ac_o.jpg,firebench_q077,caption_failed,empty caption from provider,6,inserted_degraded,empty caption from provider
wildfire/The-Wildfire-Dataset/nofire/natalya-letunova-WjqyWNCYSI8-unsplash.jpg,firebench_q076,caption_failed,empty caption from provider,6,inserted_degraded,empty caption from provider
wildfire/The-Wildfire-Dataset/fire/52798194816_c955dea4bb_o.jpg,firebench_q077,caption_failed,empty caption from provider,6,inserted_degraded,empty caption from provider
wildfire/The-Wildfire-Dataset/fire/35531874233_8d14e0c7ba_o.jpg,firebench_q076,caption_failed,empty caption from provider,6,inserted_degraded,empty caption from provider
wildfire/The-Wildfire-Dataset/fire/52442672018_58ee104bdf_o.jpg,firebench_q077,caption_failed,empty caption from provider,6,inserted_degraded,empty caption from provider
wildfire/The-Wildfire-Dataset/fire/51285187151_1dd566f7f7_o.jpg,firebench_q077,caption_failed,empty caption from provider,6,inserted_degraded,empty caption from provider
wildfire/The-Wildfire-Dataset/fire/50356690687_f7c9058f01_o.jpg,firebench_q077,caption_failed,empty caption from provider,6,inserted_degraded,empty caption from provider
wildfire/The-Wildfire-Dataset/fire/50623038182_c2752178f2_o.jpg,firebench_q077,caption_failed,empty caption from provider,6,inserted_degraded,empty caption from provider
wildfire/The-Wildfire-Dataset/fire/21195499370_69227bf392_o.jpg,firebench_q076,caption_failed,empty caption from provider,6,inserted_degraded,empty caption from provider
wildfire/The-Wildfire-Dataset/fire/52467006943_6f3427729f_o.jpg,firebench_q077,caption_failed,empty caption from provider,6,inserted_degraded,empty caption from provider
wildfire/The-Wildfire-Dataset/fire/51820296693_9ba629927f_o.jpg,firebench_q077,caption_failed,empty caption from provider,6,inserted_degraded,empty caption from provider
wildfire/The-Wildfire-Dataset/fire/51785936903_bc061a80b3_o.jpg,firebench_q076,caption_failed,empty caption from provider,6,inserted_degraded,empty caption from provider
wildfire/The-Wildfire-Dataset/fire/50225115988_91ee5e54e0_o.jpg,firebench_q077,caption_failed,empty caption from provider,6,inserted_degraded,empty caption from provider
wildfire/The-Wildfire-Dataset/fire/50516943398_0291669a23_o.jpg,firebench_q077,caption_failed,empty caption from provider,6,inserted_degraded,empty caption from provider
wildfire/The-Wildfire-Dataset/fire/50295008751_5b436a2f39_o.jpg,firebench_q076,caption_failed,empty caption from provider,6,inserted_degraded,empty caption from provider
wildfire/The-Wildfire-Dataset/fire/51700279846_b5cc4583de_o.jpg,firebench_q077,caption_failed,empty caption from provider,6,inserted_degraded,empty caption from provider
wildfire/The-Wildfire-Dataset/fire/malachi-brooks--uXv14QydSM-unsplash.jpg,firebench_q077,caption_failed,empty caption from provider,6,inserted_degraded,empty caption from provider
wildfire/The-Wildfire-Dataset/fire/51285917069_5af3c24da9_o.jpg,firebench_q078,caption_failed,empty caption from provider,6,inserted_degraded,empty caption from provider
wildfire/The-Wildfire-Dataset/fire/36340904035_5ecfe76717_o.jpg,firebench_q075,caption_failed,empty caption from provider,6,inserted_degraded,empty caption from provider
wildfire/The-Wildfire-Dataset/fire/52259119614_2746343258_o.jpg,firebench_q077,caption_failed,empty caption from provider,6,inserted_degraded,empty caption from provider
wildfire/The-Wildfire-Dataset/fire/29012886626_b81f04e597_o.jpg,firebench_q077,caption_failed,empty caption from provider,6,inserted_degraded,empty caption from provider
wildfire/The-Wildfire-Dataset/fire/50356690687_f7c9058f01_o.jpg,firebench_q078,caption_failed,empty caption from provider,6,inserted_degraded,empty caption from provider
wildfire/The-Wildfire-Dataset/fire/52467005948_9daf973ccf_o.jpg,firebench_q077,caption_failed,empty caption from provider,6,inserted_degraded,empty caption from provider
wildfire/The-Wildfire-Dataset/fire/34025005952_b1246f3b14_o.jpg,firebench_q077,caption_failed,empty caption from provider,6,inserted_degraded,empty caption from provider
wildfire/The-Wildfire-Dataset/fire/28460392812_9697a4061b_o.jpg,firebench_q077,caption_failed,empty caption from provider,6,inserted_degraded,empty caption from provider
wildfire/The-Wildfire-Dataset/fire/malachi-brooks-h7U5-PGa_70-unsplash.jpg,firebench_q078,caption_failed,empty caption from provider,6,inserted_degraded,empty caption from provider
wildfire/The-Wildfire-Dataset/fire/50623060397_1a1006da33_o.jpg,firebench_q076,caption_failed,empty caption from provider,6,inserted_degraded,empty caption from provider
wildfire/The-Wildfire-Dataset/fire/34300723214_3e649f65dd_o.jpg,firebench_q078,caption_failed,empty caption from provider,6,inserted_degraded,empty caption from provider
wildfire/The-Wildfire-Dataset/fire/51285187151_1dd566f7f7_o.jpg,firebench_q078,caption_failed,empty caption from provider,6,inserted_degraded,empty caption from provider
wildfire/The-Wildfire-Dataset/fire/45471863472_e1d0ef9ab8_o.jpg,firebench_q078,caption_failed,empty caption from provider,6,inserted_degraded,empty caption from provider
wildfire/The-Wildfire-Dataset/fire/50294329538_0d0eb0db94_o.jpg,firebench_q076,caption_failed,empty caption from provider,6,inserted_degraded,empty caption from provider
wildfire/The-Wildfire-Dataset/fire/51820296693_9ba629927f_o.jpg,firebench_q078,caption_failed,empty caption from provider,6,inserted_degraded,empty caption from provider
wildfire/The-Wildfire-Dataset/fire/51310213455_e482232126_o.jpg,firebench_q078,caption_failed,empty caption from provider,6,inserted_degraded,empty caption from provider
wildfire/The-Wildfire-Dataset/fire/28460392742_954d8b5806_o.jpg,firebench_q077,caption_failed,empty caption from provider,6,inserted_degraded,empty caption from provider
wildfire/The-Wildfire-Dataset/fire/29156511375_4c6bdfcc17_o.jpg,firebench_q078,caption_failed,empty caption from provider,6,inserted_degraded,empty caption from provider
wildfire/The-Wildfire-Dataset/fire/52259119614_2746343258_o.jpg,firebench_q078,caption_failed,empty caption from provider,6,inserted_degraded,empty caption from provider
wildfire/The-Wildfire-Dataset/fire/tim-mossholder-qmk3g1MpqiA-unsplash.jpg,firebench_q076,caption_failed,empty caption from provider,6,inserted_degraded,empty caption from provider
wildfire/The-Wildfire-Dataset/fire/29738293001_f2830b44bf_o.jpg,firebench_q077,caption_failed,empty caption from provider,6,inserted_degraded,empty caption from provider
wildfire/The-Wildfire-Dataset/fire/52925719910_cc0de9e099_o.jpg,firebench_q078,caption_failed,empty caption from provider,6,inserted_degraded,empty caption from provider
figlib/HPWREN-FIgLib/20170711_FIRE_bm-s-mobo-c/1499785657_-01740.jpg,firebench_q078,caption_failed,empty caption from provider,6,inserted_degraded,empty caption from provider
wildfire/The-Wildfire-Dataset/fire/50225115988_91ee5e54e0_o.jpg,firebench_q078,caption_failed,empty caption from provider,6,inserted_degraded,empty caption from provider
wildfire/The-Wildfire-Dataset/fire/malachi-brooks--uXv14QydSM-unsplash.jpg,firebench_q078,caption_failed,empty caption from provider,6,inserted_degraded,empty caption from provider
wildfire/The-Wildfire-Dataset/fire/51353777180_ac4a44d7ee_o.jpg,firebench_q078,caption_failed,empty caption from provider,6,inserted_degraded,empty caption from provider
wildfire/The-Wildfire-Dataset/fire/51700279846_b5cc4583de_o.jpg,firebench_q078,caption_failed,empty caption from provider,6,inserted_degraded,empty caption from provider
wildfire/The-Wildfire-Dataset/fire/42210814850_eb0d174856_o.jpg,firebench_q076,caption_failed,empty caption from provider,6,inserted_degraded,empty caption from provider
wildfire/The-Wildfire-Dataset/fire/34182396555_ed36d0170c_o.jpg,firebench_q078,caption_failed,empty caption from provider,6,inserted_degraded,empty caption from provider
wildfire/The-Wildfire-Dataset/fire/52467005948_9daf973ccf_o.jpg,firebench_q078,caption_failed,empty caption from provider,6,inserted_degraded,empty caption from provider
wildfire/The-Wildfire-Dataset/fire/50623056657_2e848b0caa_o.jpg,firebench_q078,caption_failed,empty caption from provider,6,inserted_degraded,empty caption from provider
wildfire/The-Wildfire-Dataset/fire/52952509547_cc234e4e2f_o.jpg,firebench_q079,caption_failed,empty caption from provider,6,inserted_degraded,empty caption from provider
wildfire/The-Wildfire-Dataset/fire/50238157442_3c68dd1dbb_o.jpg,firebench_q079,caption_failed,empty caption from provider,6,inserted_degraded,empty caption from provider
wildfire/The-Wildfire-Dataset/fire/50380592206_fa0cb90891_o.jpg,firebench_q078,caption_failed,empty caption from provider,6,inserted_degraded,empty caption from provider
wildfire/The-Wildfire-Dataset/fire/52353826615_7896d4f0f8_o.jpg,firebench_q078,caption_failed,empty caption from provider,6,inserted_degraded,empty caption from provider
figlib/HPWREN-FIgLib/20171017_FIRE_smer-tcs3-mobo-c/1508277068_2B01740.jpg,firebench_q078,caption_failed,empty caption from provider,6,inserted_degraded,empty caption from provider
sage/W097/imagesampler-mobotix-2727/sage-imagesampler-mobotix-0.3.7/000048b02dd3c427/1765428774889407130-sample.jpg,firebench_q078,caption_failed,empty caption from provider,6,inserted_degraded,empty caption from provider
wildfire/The-Wildfire-Dataset/fire/50229925311_ba849239ac_o.jpg,firebench_q079,caption_failed,empty caption from provider,6,inserted_degraded,empty caption from provider
wildfire/The-Wildfire-Dataset/fire/52467006943_6f3427729f_o.jpg,firebench_q079,caption_failed,empty caption from provider,6,inserted_degraded,empty caption from provider
wildfire/The-Wildfire-Dataset/fire/50516943398_0291669a23_o.jpg,firebench_q078,caption_failed,empty caption from provider,6,inserted_degraded,empty caption from provider
wildfire/The-Wildfire-Dataset/fire/28460392742_954d8b5806_o.jpg,firebench_q078,caption_failed,empty caption from provider,6,inserted_degraded,empty caption from provider
wildfire/The-Wildfire-Dataset/fire/51285187151_1dd566f7f7_o.jpg,firebench_q079,caption_failed,empty caption from provider,6,inserted_degraded,empty caption from provider
wildfire/The-Wildfire-Dataset/fire/51353777180_ac4a44d7ee_o.jpg,firebench_q079,caption_failed,empty caption from provider,6,inserted_degraded,empty caption from provider
wildfire/The-Wildfire-Dataset/fire/28460392812_9697a4061b_o.jpg,firebench_q078,caption_failed,empty caption from provider,6,inserted_degraded,empty caption from provider
wildfire/The-Wildfire-Dataset/fire/29813751658_b7a76805cc_o.jpg,firebench_q079,caption_failed,empty caption from provider,6,inserted_degraded,empty caption from provider
wildfire/The-Wildfire-Dataset/fire/34631783560_a93cbe6cf1_o.jpg,firebench_q079,caption_failed,empty caption from provider,6,inserted_degraded,empty caption from provider
wildfire/The-Wildfire-Dataset/fire/34914716246_b84b6ce74c_o.jpg,firebench_q079,caption_failed,empty caption from provider,6,inserted_degraded,empty caption from provider
wildfire/The-Wildfire-Dataset/nofire/ozark-drones-97WaZhEg0Hg-unsplash.jpg,firebench_q078,caption_failed,empty caption from provider,6,inserted_degraded,empty caption from provider
wildfire/The-Wildfire-Dataset/fire/51820296693_9ba629927f_o.jpg,firebench_q079,caption_failed,empty caption from provider,6,inserted_degraded,empty caption from provider
wildfire/The-Wildfire-Dataset/fire/51840497418_331b8005ec_o.jpg,firebench_q079,caption_failed,empty caption from provider,6,inserted_degraded,empty caption from provider
wildfire/The-Wildfire-Dataset/fire/29012886626_b81f04e597_o.jpg,firebench_q079,caption_failed,empty caption from provider,6,inserted_degraded,empty caption from provider
wildfire/The-Wildfire-Dataset/fire/50623056657_2e848b0caa_o.jpg,firebench_q079,caption_failed,empty caption from provider,6,inserted_degraded,empty caption from provider
figlib/HPWREN-FIgLib/20180504_FIRE_smer-tcs10-mobo-c/1525472219_2B00420.jpg,firebench_q079,caption_failed,empty caption from provider,6,inserted_degraded,empty caption from provider
wildfire/The-Wildfire-Dataset/fire/26072333151_58603327f0_o.jpg,firebench_q079,caption_failed,empty caption from provider,6,inserted_degraded,empty caption from provider
wildfire/The-Wildfire-Dataset/fire/51310213455_e482232126_o.jpg,firebench_q079,caption_failed,empty caption from provider,6,inserted_degraded,empty caption from provider
figlib/HPWREN-FIgLib/20190620_FIRE_smer-tcs9-mobo-c/1561065357_-00240.jpg,firebench_q079,caption_failed,empty caption from provider,6,inserted_degraded,empty caption from provider
wildfire/The-Wildfire-Dataset/fire/29156511375_4c6bdfcc17_o.jpg,firebench_q079,caption_failed,empty caption from provider,6,inserted_degraded,empty caption from provider
wildfire/The-Wildfire-Dataset/fire/28861884925_bdfb4316a2_o.jpg,firebench_q080,caption_failed,empty caption from provider,6,inserted_degraded,empty caption from provider
wildfire/The-Wildfire-Dataset/fire/42983576304_1e385a0831_o.jpg,firebench_q078,caption_failed,empty caption from provider,6,inserted_degraded,empty caption from provider
wildfire/The-Wildfire-Dataset/nofire/simone-daino-6bxvC6of7e4-unsplash.jpg,firebench_q078,caption_failed,empty caption from provider,6,inserted_degraded,empty caption from provider
wildfire/The-Wildfire-Dataset/fire/malachi-brooks--uXv14QydSM-unsplash.jpg,firebench_q079,caption_failed,empty caption from provider,6,inserted_degraded,empty caption from provider
wildfire/The-Wildfire-Dataset/fire/50356690687_f7c9058f01_o.jpg,firebench_q079,caption_failed,empty caption from provider,6,inserted_degraded,empty caption from provider
wildfire/The-Wildfire-Dataset/fire/21195741668_17c1281e9c_o.jpg,firebench_q076,caption_failed,empty caption from provider,6,inserted_degraded,empty caption from provider
wildfire/The-Wildfire-Dataset/fire/33607866281_93d41bf0f4_o.jpg,firebench_q080,caption_failed,empty caption from provider,6,inserted_degraded,empty caption from provider
wildfire/The-Wildfire-Dataset/fire/41769492782_06198c8e66_o.jpg,firebench_q076,caption_failed,empty caption from provider,6,inserted_degraded,empty caption from provider
wildfire/The-Wildfire-Dataset/fire/48472398187_d02c871a2e_o.jpg,firebench_q080,caption_failed,empty caption from provider,6,inserted_degraded,empty caption from provider
wildfire/The-Wildfire-Dataset/fire/8468567405_d5e7b0bf86_o.jpg,firebench_q080,caption_failed,empty caption from provider,6,inserted_degraded,empty caption from provider
wildfire/The-Wildfire-Dataset/fire/28368363193_a86b925901_o.jpg,firebench_q080,caption_failed,empty caption from provider,6,inserted_degraded,empty caption from provider
wildfire/The-Wildfire-Dataset/fire/53079506416_d1691921da_o.jpg,firebench_q080,caption_failed,empty caption from provider,6,inserted_degraded,empty caption from provider
wildfire/The-Wildfire-Dataset/fire/28460392812_9697a4061b_o.jpg,firebench_q079,caption_failed,empty caption from provider,6,inserted_degraded,empty caption from provider
wildfire/The-Wildfire-Dataset/fire/33696300466_5cb38a1047_o.jpg,firebench_q080,caption_failed,empty caption from provider,6,inserted_degraded,empty caption from provider
wildfire/The-Wildfire-Dataset/fire/51233236409_c8d76eb111_o.jpg,firebench_q080,caption_failed,empty caption from provider,6,inserted_degraded,empty caption from provider
wildfire/The-Wildfire-Dataset/fire/34914713666_37fd3222f6_o.jpg,firebench_q080,caption_failed,empty caption from provider,6,inserted_degraded,empty caption from provider
wildfire/The-Wildfire-Dataset/fire/34025005952_b1246f3b14_o.jpg,firebench_q079,caption_failed,empty caption from provider,6,inserted_degraded,empty caption from provider
wildfire/The-Wildfire-Dataset/fire/29079516630_d726213e54_o.jpg,firebench_q079,caption_failed,empty caption from provider,6,inserted_degraded,empty caption from provider
wildfire/The-Wildfire-Dataset/fire/52464903896_e395aa8fb8_o.png,firebench_q080,caption_failed,empty caption from provider,6,inserted_degraded,empty caption from provider
wildfire/The-Wildfire-Dataset/fire/52390705491_bdce74ba62_o.jpg,firebench_q081,caption_failed,empty caption from provider,6,inserted_degraded,empty caption from provider
wildfire/The-Wildfire-Dataset/fire/30227791868_e72b72e0c3_o.jpg,firebench_q079,caption_failed,empty caption from provider,6,inserted_degraded,empty caption from provider
wildfire/The-Wildfire-Dataset/fire/52046172443_a5da9c381b_o.jpg,firebench_q080,caption_failed,empty caption from provider,6,inserted_degraded,empty caption from provider
wildfire/The-Wildfire-Dataset/fire/32923762953_0a7618d118_o.jpg,firebench_q080,caption_failed,empty caption from provider,6,inserted_degraded,empty caption from provider
figlib/HPWREN-FIgLib/20250520_CrossingFire_hp-n-mobo-c/1747775433_2B02158.jpg,firebench_q081,caption_failed,empty caption from provider,6,inserted_degraded,empty caption from provider
wildfire/The-Wildfire-Dataset/fire/42848957940_cc5924c5ba_o.jpg,firebench_q080,caption_failed,empty caption from provider,6,inserted_degraded,empty caption from provider
wildfire/The-Wildfire-Dataset/fire/33607918741_a2418c5ed5_o.jpg,firebench_q080,caption_failed,empty caption from provider,6,inserted_degraded,empty caption from provider
wildfire/The-Wildfire-Dataset/nofire/ben-den-engelsen-TCZ-8vsPAZ0-unsplash.jpg,firebench_q080,caption_failed,empty caption from provider,6,inserted_degraded,empty caption from provider
wildfire/The-Wildfire-Dataset/fire/36451362154_bc062d5909_o.jpg,firebench_q078,caption_failed,empty caption from provider,6,inserted_degraded,empty caption from provider
wildfire/The-Wildfire-Dataset/fire/50303149397_6ccef9a4f5_o.jpg,firebench_q080,caption_failed,empty caption from provider,6,inserted_degraded,empty caption from provider
figlib/HPWREN-FIgLib/20170821_FIRE_lo-s-mobo-c/1503352163_2B02160.jpg,firebench_q081,caption_failed,empty caption from provider,6,inserted_degraded,empty caption from provider
wildfire/The-Wildfire-Dataset/fire/32894125434_2ce366b021_o.jpg,firebench_q080,caption_failed,empty caption from provider,6,inserted_degraded,empty caption from provider
figlib/HPWREN-FIgLib/20190712_RockHouse_wc-e-mobo-c/1562959940_2B00599.jpg,firebench_q081,caption_failed,empty caption from provider,6,inserted_degraded,empty caption from provider
wildfire/The-Wildfire-Dataset/fire/33584185233_ec01986a56_o.jpg,firebench_q081,caption_failed,empty caption from provider,6,inserted_degraded,empty caption from provider
figlib/HPWREN-FIgLib/20180727_FIRE_mg-w-mobo-c/1532725240_2B01080.jpg,firebench_q081,caption_failed,empty caption from provider,6,inserted_degraded,empty caption from provider
wildfire/The-Wildfire-Dataset/fire/52232762500_1b1b8dd6ff_o.jpg,firebench_q080,caption_failed,empty caption from provider,6,inserted_degraded,empty caption from provider
wildfire/The-Wildfire-Dataset/fire/23520595608_990735d4cb_o.jpg,firebench_q080,caption_failed,empty caption from provider,6,inserted_degraded,empty caption from provider
wildfire/The-Wildfire-Dataset/fire/30227794198_1bde9f94aa_o.jpg,firebench_q079,caption_failed,empty caption from provider,6,inserted_degraded,empty caption from provider
wildfire/The-Wildfire-Dataset/fire/wolf-schram-l0hLF3mtkX8-unsplash.jpg,firebench_q077,caption_failed,empty caption from provider,6,inserted_degraded,empty caption from provider
figlib/HPWREN-FIgLib/20240701_Kitchenfire_mlo-s-mobo-c/1719856851_2B01801.jpg,firebench_q081,caption_failed,empty caption from provider,6,inserted_degraded,empty caption from provider
wildfire/The-Wildfire-Dataset/fire/34805106991_533fcc2bb7_o.jpg,firebench_q081,caption_failed,empty caption from provider,6,inserted_degraded,empty caption from provider
figlib/HPWREN-FIgLib/20190529_94Fire_lp-s-mobo-c/1559168345_2B00960.jpg,firebench_q081,caption_failed,empty caption from provider,6,inserted_degraded,empty caption from provider
figlib/HPWREN-FIgLib/20191006_FIRE_lo-w-mobo-c/1570384946_2B00661.jpg,firebench_q081,caption_failed,empty caption from provider,6,inserted_degraded,empty caption from provider
wildfire/The-Wildfire-Dataset/fire/52231251857_edbea0a952_o.jpg,firebench_q080,caption_failed,empty caption from provider,6,inserted_degraded,empty caption from provider
sage/W097/imagesampler-mobotix-2727/sage-imagesampler-mobotix-0.3.7/000048b02dd3c427/1765403434198259543-sample.jpg,firebench_q081,caption_failed,empty caption from provider,6,inserted_degraded,empty caption from provider
wildfire/The-Wildfire-Dataset/fire/52798194816_c955dea4bb_o.jpg,firebench_q082,caption_failed,empty caption from provider,6,inserted_degraded,empty caption from provider
wildfire/The-Wildfire-Dataset/fire/52232274786_3847f71eb8_o.jpg,firebench_q080,caption_failed,empty caption from provider,6,inserted_degraded,empty caption from provider
wildfire/The-Wildfire-Dataset/fire/42983576304_1e385a0831_o.jpg,firebench_q079,caption_failed,empty caption from provider,6,inserted_degraded,empty caption from provider
wildfire/The-Wildfire-Dataset/nofire/dieter-pelz-TdBjJUJV9js-unsplash.jpg,firebench_q080,caption_failed,empty caption from provider,6,inserted_degraded,empty caption from provider
wildfire/The-Wildfire-Dataset/fire/31779181068_48e3660d32_o.jpg,firebench_q080,caption_failed,empty caption from provider,6,inserted_degraded,empty caption from provider
wildfire/The-Wildfire-Dataset/fire/51404400098_fd7857958c_o.jpg,firebench_q082,caption_failed,empty caption from provider,6,inserted_degraded,empty caption from provider
sage/W097/imagesampler-mobotix-2727/sage-imagesampler-mobotix-0.3.7/000048b02dd3c427/1765387824326896465-sample.jpg,firebench_q081,caption_failed,empty caption from provider,6,inserted_degraded,empty caption from provider
wildfire/The-Wildfire-Dataset/nofire/36321782572_3aa9b4fc64_o.jpg,firebench_q079,caption_failed,empty caption from provider,6,inserted_degraded,empty caption from provider
sage/W097/imagesampler-mobotix-2727/sage-imagesampler-mobotix-0.3.7/000048b02dd3c427/1765388804231616758-sample.jpg,firebench_q081,caption_failed,empty caption from provider,6,inserted_degraded,empty caption from provider
sage/W097/imagesampler-mobotix-2727/sage-imagesampler-mobotix-0.3.7/000048b02dd3c427/1765399094461725333-sample.jpg,firebench_q081,caption_failed,empty caption from provider,6,inserted_degraded,empty caption from provider
wildfire/The-Wildfire-Dataset/fire/48472397992_74e30b024c_o.jpg,firebench_q081,caption_failed,empty caption from provider,6,inserted_degraded,empty caption from provider
wildfire/The-Wildfire-Dataset/fire/51404702784_7ca9c6e9c5_o.jpg,firebench_q081,caption_failed,empty caption from provider,6,inserted_degraded,empty caption from provider
wildfire/The-Wildfire-Dataset/fire/34300723214_3e649f65dd_o.jpg,firebench_q082,caption_failed,empty caption from provider,6,inserted_degraded,empty caption from provider
wildfire/The-Wildfire-Dataset/nofire/chad-mcmillan-R4T9TI8EsJI-unsplash.jpg,firebench_q081,caption_failed,empty caption from provider,6,inserted_degraded,empty caption from provider
wildfire/The-Wildfire-Dataset/fire/34979352386_d7f84d688b_o.jpg,firebench_q082,caption_failed,empty caption from provider,6,inserted_degraded,empty caption from provider
wildfire/The-Wildfire-Dataset/fire/34094010334_b62e68ea40_o.jpg,firebench_q081,caption_failed,empty caption from provider,6,inserted_degraded,empty caption from provider
wildfire/The-Wildfire-Dataset/fire/28431967897_9feb07ecd5_o.jpg,firebench_q080,caption_failed,empty caption from provider,6,inserted_degraded,empty caption from provider
wildfire/The-Wildfire-Dataset/fire/7562428594_157fbcbb4c_o.jpg,firebench_q081,caption_failed,empty caption from provider,6,inserted_degraded,empty caption from provider
sage/W097/imagesampler-mobotix-2727/sage-imagesampler-mobotix-0.3.7/000048b02dd3c427/1765390135066494723-sample.jpg,firebench_q081,caption_failed,empty caption from provider,6,inserted_degraded,empty caption from provider
wildfire/The-Wildfire-Dataset/fire/52925781633_c00a95f181_o.jpg,firebench_q081,caption_failed,empty caption from provider,6,inserted_degraded,empty caption from provider
wildfire/The-Wildfire-Dataset/nofire/kym-mackinnon-1YyuJxUG_R8-unsplash.jpg,firebench_q081,caption_failed,empty caption from provider,6,inserted_degraded,empty caption from provider
wildfire/The-Wildfire-Dataset/fire/52231281737_dd64306712_o.jpg,firebench_q080,caption_failed,empty caption from provider,6,inserted_degraded,empty caption from provider
wildfire/The-Wildfire-Dataset/fire/52467005948_9daf973ccf_o.jpg,firebench_q082,caption_failed,empty caption from provider,6,inserted_degraded,empty caption from provider
wildfire/The-Wildfire-Dataset/fire/30874319678_b44a05f558_o.jpg,firebench_q082,caption_failed,empty caption from provider,6,inserted_degraded,empty caption from provider
wildfire/The-Wildfire-Dataset/fire/52353826615_7896d4f0f8_o.jpg,firebench_q082,caption_failed,empty caption from provider,6,inserted_degraded,empty caption from provider
wildfire/The-Wildfire-Dataset/fire/52293032031_c8141b0af9_o.jpg,firebench_q082,caption_failed,empty caption from provider,6,inserted_degraded,empty caption from provider
wildfire/The-Wildfire-Dataset/fire/42770631260_9553b47f0e_o.jpg,firebench_q082,caption_failed,empty caption from provider,6,inserted_degraded,empty caption from provider
wildfire/The-Wildfire-Dataset/fire/21420066145_eef9273782_o.jpg,firebench_q081,caption_failed,empty caption from provider,6,inserted_degraded,empty caption from provider
wildfire/The-Wildfire-Dataset/fire/32939733596_6bed2927a5_o.jpg,firebench_q082,caption_failed,empty caption from provider,6,inserted_degraded,empty caption from provider
wildfire/The-Wildfire-Dataset/fire/34773677392_0eb5cb6c56_o.jpg,firebench_q082,caption_failed,empty caption from provider,6,inserted_degraded,empty caption from provider
wildfire/The-Wildfire-Dataset/fire/51310213455_e482232126_o.jpg,firebench_q082,caption_failed,empty caption from provider,6,inserted_degraded,empty caption from provider
wildfire/The-Wildfire-Dataset/fire/50623056657_2e848b0caa_o.jpg,firebench_q082,caption_failed,empty caption from provider,6,inserted_degraded,empty caption from provider
wildfire/The-Wildfire-Dataset/fire/52259119614_2746343258_o.jpg,firebench_q082,caption_failed,empty caption from provider,6,inserted_degraded,empty caption from provider
wildfire/The-Wildfire-Dataset/fire/50356690687_f7c9058f01_o.jpg,firebench_q082,caption_failed,empty caption from provider,6,inserted_degraded,empty caption from provider
wildfire/The-Wildfire-Dataset/fire/malachi-brooks-utCa3lcWQxg-unsplash.jpg,firebench_q082,caption_failed,empty caption from provider,6,inserted_degraded,empty caption from provider
wildfire/The-Wildfire-Dataset/fire/9598060845_af2261514e_o.jpg,firebench_q083,caption_failed,empty caption from provider,6,inserted_degraded,empty caption from provider
wildfire/The-Wildfire-Dataset/fire/28811874523_557bd5d653_o.jpg,firebench_q081,caption_failed,empty caption from provider,6,inserted_degraded,empty caption from provider
wildfire/The-Wildfire-Dataset/fire/51353777180_ac4a44d7ee_o.jpg,firebench_q082,caption_failed,empty caption from provider,6,inserted_degraded,empty caption from provider
wildfire/The-Wildfire-Dataset/fire/9598076793_f83b3e76bb_o.jpg,firebench_q083,caption_failed,empty caption from provider,6,inserted_degraded,empty caption from provider
wildfire/The-Wildfire-Dataset/fire/36663923064_69ef7931fe_o.jpg,firebench_q083,caption_failed,empty caption from provider,6,inserted_degraded,empty caption from provider
wildfire/The-Wildfire-Dataset/fire/9573551152_f21299aed8_o.jpg,firebench_q083,caption_failed,empty caption from provider,6,inserted_degraded,empty caption from provider
wildfire/The-Wildfire-Dataset/fire/34914713666_37fd3222f6_o.jpg,firebench_q083,caption_failed,empty caption from provider,6,inserted_degraded,empty caption from provider
wildfire/The-Wildfire-Dataset/fire/35410025110_b70f64a6f4_o.jpg,firebench_q082,caption_failed,empty caption from provider,6,inserted_degraded,empty caption from provider
wildfire/The-Wildfire-Dataset/fire/29325831982_e5743845e0_o.jpg,firebench_q080,caption_failed,empty caption from provider,6,inserted_degraded,empty caption from provider
wildfire/The-Wildfire-Dataset/fire/37325145206_39f19f37c7_o.jpg,firebench_q083,caption_failed,empty caption from provider,6,inserted_degraded,empty caption from provider
wildfire/The-Wildfire-Dataset/fire/21429820471_b637dc46de_o.jpg,firebench_q083,caption_failed,empty caption from provider,6,inserted_degraded,empty caption from provider
wildfire/The-Wildfire-Dataset/fire/9573552122_3d4c47851f_o.jpg,firebench_q083,caption_failed,empty caption from provider,6,inserted_degraded,empty caption from provider
wildfire/The-Wildfire-Dataset/fire/51840372636_9258eb8261_o.jpg,firebench_q083,caption_failed,empty caption from provider,6,inserted_degraded,empty caption from provider
wildfire/The-Wildfire-Dataset/fire/50516943398_0291669a23_o.jpg,firebench_q082,caption_failed,empty caption from provider,6,inserted_degraded,empty caption from provider
wildfire/The-Wildfire-Dataset/fire/37325120996_c0c698ae0f_o.jpg,firebench_q083,caption_failed,empty caption from provider,6,inserted_degraded,empty caption from provider
wildfire/The-Wildfire-Dataset/fire/50163494266_c04244c4f3_o.jpg,firebench_q083,caption_failed,empty caption from provider,6,inserted_degraded,empty caption from provider
wildfire/The-Wildfire-Dataset/fire/9573554458_47e3bbb2ec_o.jpg,firebench_q083,caption_failed,empty caption from provider,6,inserted_degraded,empty caption from provider
wildfire/The-Wildfire-Dataset/fire/51299010911_26aaf74757_o.jpg,firebench_q084,caption_failed,empty caption from provider,6,inserted_degraded,empty caption from provider
wildfire/The-Wildfire-Dataset/nofire/pramod-tiwari--uVQYYD5qco-unsplash.jpg,firebench_q083,caption_failed,empty caption from provider,6,inserted_degraded,empty caption from provider
wildfire/The-Wildfire-Dataset/fire/43251220702_671d03f40b_o.jpg,firebench_q081,caption_failed,empty caption from provider,6,inserted_degraded,empty caption from provider
wildfire/The-Wildfire-Dataset/fire/9573555526_ca9322b143_o.jpg,firebench_q083,caption_failed,empty caption from provider,6,inserted_degraded,empty caption from provider
wildfire/The-Wildfire-Dataset/fire/36792334002_e6c4ae2ac4_o.jpg,firebench_q081,caption_failed,empty caption from provider,6,inserted_degraded,empty caption from provider
wildfire/The-Wildfire-Dataset/fire/50322961488_4b774b7c3f_o.jpg,firebench_q083,caption_failed,empty caption from provider,6,inserted_degraded,empty caption from provider
wildfire/The-Wildfire-Dataset/fire/52368158446_429a153b04_o.jpg,firebench_q084,caption_failed,empty caption from provider,6,inserted_degraded,empty caption from provider
wildfire/The-Wildfire-Dataset/fire/50303149397_6ccef9a4f5_o.jpg,firebench_q083,caption_failed,empty caption from provider,6,inserted_degraded,empty caption from provider
wildfire/The-Wildfire-Dataset/fire/37116436092_15b77407fb_o.jpg,firebench_q082,caption_failed,empty caption from provider,6,inserted_degraded,empty caption from provider
wildfire/The-Wildfire-Dataset/fire/50163809252_54b7daedd2_o.jpg,firebench_q084,caption_failed,empty caption from provider,6,inserted_degraded,empty caption from provider
wildfire/The-Wildfire-Dataset/fire/52530684530_26c6809974_o.jpg,firebench_q084,caption_failed,empty caption from provider,6,inserted_degraded,empty caption from provider
wildfire/The-Wildfire-Dataset/fire/50623038182_c2752178f2_o.jpg,firebench_q084,caption_failed,empty caption from provider,6,inserted_degraded,empty caption from provider
wildfire/The-Wildfire-Dataset/fire/35751271762_db47281eee_o.jpg,firebench_q082,caption_failed,empty caption from provider,6,inserted_degraded,empty caption from provider
wildfire/The-Wildfire-Dataset/fire/37342471232_fc3070ea8d_o.jpg,firebench_q082,caption_failed,empty caption from provider,6,inserted_degraded,empty caption from provider
wildfire/The-Wildfire-Dataset/fire/50163583211_0e4782cefe_o.jpg,firebench_q084,caption_failed,empty caption from provider,6,inserted_degraded,empty caption from provider
wildfire/The-Wildfire-Dataset/nofire/artem-sapegin-GP3EdRRvu2Q-unsplash.jpg,firebench_q083,caption_failed,empty caption from provider,6,inserted_degraded,empty caption from provider
wildfire/The-Wildfire-Dataset/fire/52038223744_f643056f8c_o.jpg,firebench_q083,caption_failed,empty caption from provider,6,inserted_degraded,empty caption from provider
wildfire/The-Wildfire-Dataset/fire/36451362154_bc062d5909_o.jpg,firebench_q082,caption_failed,empty caption from provider,6,inserted_degraded,empty caption from provider
wildfire/The-Wildfire-Dataset/fire/36296147916_c7385539eb_o.jpg,firebench_q083,caption_failed,empty caption from provider,6,inserted_degraded,empty caption from provider
wildfire/The-Wildfire-Dataset/fire/52465134334_ef86f31730_o.jpg,firebench_q083,caption_failed,empty caption from provider,6,inserted_degraded,empty caption from provider
wildfire/The-Wildfire-Dataset/fire/35883375265_c23cbece87_o.jpg,firebench_q084,caption_failed,empty caption from provider,6,inserted_degraded,empty caption from provider
figlib/HPWREN-FIgLib/20171010_FIRE_hp-n-mobo-c/1507672645_-00180.jpg,firebench_q084,caption_failed,empty caption from provider,6,inserted_degraded,empty caption from provider
wildfire/The-Wildfire-Dataset/fire/51839436817_64da9116eb_o.jpg,firebench_q083,caption_failed,empty caption from provider,6,inserted_degraded,empty caption from provider
wildfire/The-Wildfire-Dataset/fire/11876299854_f22f787159_o.jpg,firebench_q084,caption_failed,empty caption from provider,6,inserted_degraded,empty caption from provider
figlib/HPWREN-FIgLib/20210113_Borderfire_mlo-s-mobo-c/1610570783_-01320.jpg,firebench_q084,caption_failed,empty caption from provider,6,inserted_degraded,empty caption from provider
wildfire/The-Wildfire-Dataset/nofire/irina-iriser-FfmUE-cVHN8-unsplash.jpg,firebench_q083,caption_failed,empty caption from provider,6,inserted_degraded,empty caption from provider
wildfire/The-Wildfire-Dataset/fire/51592886998_f6f34cf4fa_o.jpg,firebench_q084,caption_failed,empty caption from provider,6,inserted_degraded,empty caption from provider
figlib/HPWREN-FIgLib/20190716_Meadowfire_hp-n-mobo-c/1563305725_-00600.jpg,firebench_q084,caption_failed,empty caption from provider,6,inserted_degraded,empty caption from provider
wildfire/The-Wildfire-Dataset/fire/29156511375_4c6bdfcc17_o.jpg,firebench_q084,caption_failed,empty caption from provider,6,inserted_degraded,empty caption from provider
wildfire/The-Wildfire-Dataset/fire/52038492755_cb909d2e08_o.jpg,firebench_q083,caption_failed,empty caption from provider,6,inserted_degraded,empty caption from provider
figlib/HPWREN-FIgLib/20190803_OtaySouth_lp-s-mobo/1564868465_-00960.jpg,firebench_q084,caption_failed,empty caption from provider,6,inserted_degraded,empty caption from provider
wildfire/The-Wildfire-Dataset/fire/52573945163_b9b10b149a_o.jpg,firebench_q084,caption_failed,empty caption from provider,6,inserted_degraded,empty caption from provider
wildfire/The-Wildfire-Dataset/nofire/44045546545_937513d5b0_o.jpg,firebench_q085,caption_failed,empty caption from provider,6,inserted_degraded,empty caption from provider
wildfire/The-Wildfire-Dataset/fire/28431968257_796522ea52_o.jpg,firebench_q083,caption_failed,empty caption from provider,6,inserted_degraded,empty caption from provider
wildfire/The-Wildfire-Dataset/fire/36340904035_5ecfe76717_o.jpg,firebench_q083,caption_failed,empty caption from provider,6,inserted_degraded,empty caption from provider
wildfire/The-Wildfire-Dataset/fire/34025005952_b1246f3b14_o.jpg,firebench_q084,caption_failed,empty caption from provider,6,inserted_degraded,empty caption from provider
wildfire/The-Wildfire-Dataset/fire/28460392742_954d8b5806_o.jpg,firebench_q084,caption_failed,empty caption from provider,6,inserted_degraded,empty caption from provider
wildfire/The-Wildfire-Dataset/fire/41811387601_af923b9f7c_o.jpg,firebench_q081,caption_failed,empty caption from provider,6,inserted_degraded,empty caption from provider
wildfire/The-Wildfire-Dataset/fire/50237929906_32fcef2170_o.jpg,firebench_q084,caption_failed,empty caption from provider,6,inserted_degraded,empty caption from provider
wildfire/The-Wildfire-Dataset/fire/michael-held-Of-NXuECJbE-unsplash.jpg,firebench_q084,caption_failed,empty caption from provider,6,inserted_degraded,empty caption from provider
wildfire/The-Wildfire-Dataset/fire/28431976157_b75441158f_o.jpg,firebench_q083,caption_failed,empty caption from provider,6,inserted_degraded,empty caption from provider
wildfire/The-Wildfire-Dataset/nofire/kym-mackinnon-MZEn2BigCaA-unsplash.jpg,firebench_q085,caption_failed,empty caption from provider,6,inserted_degraded,empty caption from provider
wildfire/The-Wildfire-Dataset/fire/28460392812_9697a4061b_o.jpg,firebench_q084,caption_failed,empty caption from provider,6,inserted_degraded,empty caption from provider
wildfire/The-Wildfire-Dataset/fire/36610208784_c4cde0d404_o.jpg,firebench_q085,caption_failed,empty caption from provider,6,inserted_degraded,empty caption from provider
wildfire/The-Wildfire-Dataset/nofire/rd-mcclenagan-lTQ3GT-sb9Q-unsplash.jpg,firebench_q085,caption_failed,empty caption from provider,6,inserted_degraded,empty caption from provider
wildfire/The-Wildfire-Dataset/nofire/kym-mackinnon-qMH6mosLwJc-unsplash.jpg,firebench_q085,caption_failed,empty caption from provider,6,inserted_degraded,empty caption from provider
wildfire/The-Wildfire-Dataset/fire/44797217694_dbd11e2f30_o.jpg,firebench_q084,caption_failed,empty caption from provider,6,inserted_degraded,empty caption from provider
wildfire/The-Wildfire-Dataset/nofire/kym-mackinnon-ECFfcKlXaiA-unsplash.jpg,firebench_q085,caption_failed,empty caption from provider,6,inserted_degraded,empty caption from provider
wildfire/The-Wildfire-Dataset/nofire/anjali-mehta-CVWEGj6SDVU-unsplash.jpg,firebench_q085,caption_failed,empty caption from provider,6,inserted_degraded,empty caption from provider
wildfire/The-Wildfire-Dataset/nofire/kym-mackinnon-3UysRR0fVIk-unsplash.jpg,firebench_q085,caption_failed,empty caption from provider,6,inserted_degraded,empty caption from provider
wildfire/The-Wildfire-Dataset/nofire/kym-mackinnon-MZEn2BigCaA-unsplash.jpg,firebench_q085,caption_failed,empty caption from provider,6,inserted_degraded,empty caption from provider
wildfire/The-Wildfire-Dataset/nofire/49628338762_5fc600c4da_o.jpg,firebench_q085,caption_failed,empty caption from provider,6,inserted_degraded,empty caption from provider
wildfire/The-Wildfire-Dataset/nofire/cristian-castillo-D4yjy4ZsJck-unsplash.jpg,firebench_q083,caption_failed,empty caption from provider,6,inserted_degraded,empty caption from provider
wildfire/The-Wildfire-Dataset/nofire/taneli-lahtinen-FUoyHvCUpGY-unsplash.jpg,firebench_q085,caption_failed,empty caption from provider,6,inserted_degraded,empty caption from provider
figlib/HPWREN-FIgLib/20250710_SpringsFire_lp-n-mobo-c/1752197616_2B00719.jpg,firebench_q085,caption_failed,empty caption from provider,6,inserted_degraded,empty caption from provider
wildfire/The-Wildfire-Dataset/nofire/kym-mackinnon-4ebLGN1H8iQ-unsplash.jpg,firebench_q085,caption_failed,empty caption from provider,6,inserted_degraded,empty caption from provider
wildfire/The-Wildfire-Dataset/fire/50622760386_ca8ecf40cc_o.jpg,firebench_q084,caption_failed,empty caption from provider,6,inserted_degraded,empty caption from provider
wildfire/The-Wildfire-Dataset/nofire/52403307048_a7dba6168f_o.jpg,firebench_q085,caption_failed,empty caption from provider,6,inserted_degraded,empty caption from provider
wildfire/The-Wildfire-Dataset/fire/28812298933_d2076951cd_o.jpg,firebench_q083,caption_failed,empty caption from provider,6,inserted_degraded,empty caption from provider
wildfire/The-Wildfire-Dataset/nofire/kym-mackinnon-UWjYnPFvGCM-unsplash.jpg,firebench_q085,caption_failed,empty caption from provider,6,inserted_degraded,empty caption from provider
wildfire/The-Wildfire-Dataset/nofire/51685365993_4961a37b68_o.jpg,firebench_q085,caption_failed,empty caption from provider,6,inserted_degraded,empty caption from provider
wildfire/The-Wildfire-Dataset/nofire/50576699296_2a14c3664a_o.jpg,firebench_q085,caption_failed,empty caption from provider,6,inserted_degraded,empty caption from provider
wildfire/The-Wildfire-Dataset/nofire/adam-wilson-stTnQThfQ_g-unsplash.jpg,firebench_q085,caption_failed,empty caption from provider,6,inserted_degraded,empty caption from provider
wildfire/The-Wildfire-Dataset/fire/27539093561_c89709c6c0_o.jpg,firebench_q085,caption_failed,empty caption from provider,6,inserted_degraded,empty caption from provider
wildfire/The-Wildfire-Dataset/fire/50229121426_9b22179db9_o.jpg,firebench_q084,caption_failed,empty caption from provider,6,inserted_degraded,empty caption from provider
wildfire/The-Wildfire-Dataset/fire/32923776623_06c59b5d7f_o.jpg,firebench_q085,caption_failed,empty caption from provider,6,inserted_degraded,empty caption from provider
wildfire/The-Wildfire-Dataset/nofire/daniel-plan-rroHrT9LtQo-unsplash.jpg,firebench_q084,caption_failed,empty caption from provider,6,inserted_degraded,empty caption from provider
wildfire/The-Wildfire-Dataset/nofire/paul-pastourmatzis-N2JMp29mwk4-unsplash.jpg,firebench_q086,caption_failed,empty caption from provider,6,inserted_degraded,empty caption from provider
wildfire/The-Wildfire-Dataset/nofire/50587721368_c131de8c2d_o.jpg,firebench_q086,caption_failed,empty caption from provider,6,inserted_degraded,empty caption from provider
wildfire/The-Wildfire-Dataset/fire/27978266643_95de6efafa_o.jpg,firebench_q085,caption_failed,empty caption from provider,6,inserted_degraded,empty caption from provider
wildfire/The-Wildfire-Dataset/nofire/tandem-x-visuals-ebd1rqRbV40-unsplash.jpg,firebench_q085,caption_failed,empty caption from provider,6,inserted_degraded,empty caption from provider
wildfire/The-Wildfire-Dataset/fire/33607918741_a2418c5ed5_o.jpg,firebench_q085,caption_failed,empty caption from provider,6,inserted_degraded,empty caption from provider
wildfire/The-Wildfire-Dataset/nofire/50409277767_1aab46e387_o.jpg,firebench_q086,caption_failed,empty caption from provider,6,inserted_degraded,empty caption from provider
wildfire/The-Wildfire-Dataset/nofire/52358931414_39e8c7bd40_o.jpg,firebench_q086,caption_failed,empty caption from provider,6,inserted_degraded,empty caption from provider
wildfire/The-Wildfire-Dataset/nofire/daniil-silantev-n6to3HSgTXI-unsplash.jpg,firebench_q085,caption_failed,empty caption from provider,6,inserted_degraded,empty caption from provider
wildfire/The-Wildfire-Dataset/nofire/52451596106_99dee92c84_o.jpg,firebench_q086,caption_failed,empty caption from provider,6,inserted_degraded,empty caption from provider
wildfire/The-Wildfire-Dataset/fire/sippakorn-yamkasikorn-nVYEechGqqM-unsplash.jpg,firebench_q084,caption_failed,empty caption from provider,6,inserted_degraded,empty caption from provider
wildfire/The-Wildfire-Dataset/nofire/52452042720_8271cec62d_o.jpg,firebench_q086,caption_failed,empty caption from provider,6,inserted_degraded,empty caption from provider
wildfire/The-Wildfire-Dataset/nofire/will-swann-3VdXaG9lvqc-unsplash.jpg,firebench_q085,caption_failed,empty caption from provider,6,inserted_degraded,empty caption from provider
wildfire/The-Wildfire-Dataset/nofire/52452049280_49b1b711b6_o.jpg,firebench_q086,caption_failed,empty caption from provider,6,inserted_degraded,empty caption from provider
wildfire/The-Wildfire-Dataset/nofire/52357670897_5e4bd8fa2f_o.jpg,firebench_q086,caption_failed,empty caption from provider,6,inserted_degraded,empty caption from provider
wildfire/The-Wildfire-Dataset/nofire/52452307498_5217d473e9_o.jpg,firebench_q086,caption_failed,empty caption from provider,6,inserted_degraded,empty caption from provider
wildfire/The-Wildfire-Dataset/nofire/loic-furhoff-3wy-uqOBJtY-unsplash.jpg,firebench_q086,caption_failed,empty caption from provider,6,inserted_degraded,empty caption from provider
wildfire/The-Wildfire-Dataset/nofire/husen-siraaj-3fucumsUI68-unsplash.jpg,firebench_q086,caption_failed,empty caption from provider,6,inserted_degraded,empty caption from provider
wildfire/The-Wildfire-Dataset/nofire/35944033580_07096038ac_o.jpg,firebench_q086,caption_failed,empty caption from provider,6,inserted_degraded,empty caption from provider
wildfire/The-Wildfire-Dataset/nofire/52359037790_bccbaa71d3_o.jpg,firebench_q086,caption_failed,empty caption from provider,6,inserted_degraded,empty caption from provider
wildfire/The-Wildfire-Dataset/nofire/35681707033_7081ce71a3_o.jpg,firebench_q085,caption_failed,empty caption from provider,6,inserted_degraded,empty caption from provider
wildfire/The-Wildfire-Dataset/nofire/vlad-hilitanu-xXpPNxoPTvI-unsplash.jpg,firebench_q086,caption_failed,empty caption from provider,6,inserted_degraded,empty caption from provider
wildfire/The-Wildfire-Dataset/nofire/52451082862_018b9aaa9e_o.jpg,firebench_q086,caption_failed,empty caption from provider,6,inserted_degraded,empty caption from provider
wildfire/The-Wildfire-Dataset/nofire/52359027885_6e6d8fa484_o.jpg,firebench_q086,caption_failed,empty caption from provider,6,inserted_degraded,empty caption from provider
wildfire/The-Wildfire-Dataset/nofire/dave-hoefler-zR1-jvnJSSc-unsplash.jpg,firebench_q086,caption_failed,empty caption from provider,6,inserted_degraded,empty caption from provider
wildfire/The-Wildfire-Dataset/nofire/miroslav-skopek-f6D-1vvwKSE-unsplash.jpg,firebench_q086,caption_failed,empty caption from provider,6,inserted_degraded,empty caption from provider
wildfire/The-Wildfire-Dataset/nofire/pavel-neznanov-ta-I8rZ6zJc-unsplash.jpg,firebench_q086,caption_failed,empty caption from provider,6,inserted_degraded,empty caption from provider
wildfire/The-Wildfire-Dataset/nofire/52341458554_918f27dc7c_o.jpg,firebench_q086,caption_failed,empty caption from provider,6,inserted_degraded,empty caption from provider
wildfire/The-Wildfire-Dataset/nofire/52358606086_0fa4a5f2d7_o.jpg,firebench_q086,caption_failed,empty caption from provider,6,inserted_degraded,empty caption from provider
wildfire/The-Wildfire-Dataset/nofire/30788828648_cd9f8f044f_o.jpg,firebench_q086,caption_failed,empty caption from provider,6,inserted_degraded,empty caption from provider
wildfire/The-Wildfire-Dataset/nofire/daniel-olah-ZbEURDlbE6o-unsplash.jpg,firebench_q085,caption_failed,empty caption from provider,6,inserted_degraded,empty caption from provider
wildfire/The-Wildfire-Dataset/nofire/lucas-ludwig-SRdFJC0Xblc-unsplash.jpg,firebench_q085,caption_failed,empty caption from provider,6,inserted_degraded,empty caption from provider
wildfire/The-Wildfire-Dataset/nofire/johny-goerend-U7icXzyYg7A-unsplash.jpg,firebench_q087,caption_failed,empty caption from provider,6,inserted_degraded,empty caption from provider
wildfire/The-Wildfire-Dataset/nofire/cristian-castillo-D4yjy4ZsJck-unsplash.jpg,firebench_q085,caption_failed,empty caption from provider,6,inserted_degraded,empty caption from provider
wildfire/The-Wildfire-Dataset/nofire/52451074762_afc058d6ea_o.jpg,firebench_q086,caption_failed,empty caption from provider,6,inserted_degraded,empty caption from provider
wildfire/The-Wildfire-Dataset/nofire/cole-freeman-6PB8SYmwecM-unsplash.jpg,firebench_q087,caption_failed,empty caption from provider,6,inserted_degraded,empty caption from provider
wildfire/The-Wildfire-Dataset/nofire/single-earth-FaMAJOWxSZc-unsplash.jpg,firebench_q085,caption_failed,empty caption from provider,6,inserted_degraded,empty caption from provider
wildfire/The-Wildfire-Dataset/nofire/23862743953_9107eb402a_o.png,firebench_q085,caption_failed,empty caption from provider,6,abandoned,empty caption from provider
wildfire/The-Wildfire-Dataset/nofire/bobby-stevenson-Bi8vaFCoaNM-unsplash.jpg,firebench_q086,caption_failed,empty caption from provider,6,inserted_degraded,empty caption from provider
wildfire/The-Wildfire-Dataset/nofire/42396555205_6e91e7a730_o.jpg,firebench_q086,caption_failed,empty caption from provider,6,inserted_degraded,empty caption from provider
wildfire/The-Wildfire-Dataset/fire/36171926842_09c60c4c31_o.jpg,firebench_q085,caption_failed,empty caption from provider,6,inserted_degraded,empty caption from provider
wildfire/The-Wildfire-Dataset/nofire/lennart-heim-ldz-H1VyrEo-unsplash.jpg,firebench_q086,caption_failed,empty caption from provider,6,inserted_degraded,empty caption from provider
wildfire/The-Wildfire-Dataset/nofire/36695119610_29f33a1b37_o.jpg,firebench_q086,caption_failed,empty caption from provider,6,inserted_degraded,empty caption from provider
wildfire/The-Wildfire-Dataset/fire/malachi-brooks-utCa3lcWQxg-unsplash.jpg,firebench_q086,caption_failed,empty caption from provider,6,inserted_degraded,empty caption from provider
wildfire/The-Wildfire-Dataset/nofire/bobby-stevenson-Bi8vaFCoaNM-unsplash.jpg,firebench_q087,caption_failed,empty caption from provider,6,inserted_degraded,empty caption from provider
wildfire/The-Wildfire-Dataset/nofire/miroslav-skopek-f6D-1vvwKSE-unsplash.jpg,firebench_q087,caption_failed,empty caption from provider,6,inserted_degraded,empty caption from provider
wildfire/The-Wildfire-Dataset/nofire/julien-kettmann-r8od1mgZ8Sk-unsplash.jpg,firebench_q086,caption_failed,empty caption from provider,6,inserted_degraded,empty caption from provider
wildfire/The-Wildfire-Dataset/nofire/cole-freeman-Nb4S6o1Z8pU-unsplash.jpg,firebench_q087,caption_failed,empty caption from provider,6,inserted_degraded,empty caption from provider
wildfire/The-Wildfire-Dataset/nofire/joshua-fuller-SFRVfLZ7ORo-unsplash.jpg,firebench_q087,caption_failed,empty caption from provider,6,inserted_degraded,empty caption from provider
wildfire/The-Wildfire-Dataset/nofire/52231272657_49992e05aa_o.jpg,firebench_q086,caption_failed,empty caption from provider,6,inserted_degraded,empty caption from provider
wildfire/The-Wildfire-Dataset/fire/52232762500_1b1b8dd6ff_o.jpg,firebench_q086,caption_failed,empty caption from provider,6,inserted_degraded,empty caption from provider
wildfire/The-Wildfire-Dataset/nofire/levi-bare-fVpCWcX70ns-unsplash.jpg,firebench_q087,caption_failed,empty caption from provider,6,inserted_degraded,empty caption from provider
wildfire/The-Wildfire-Dataset/nofire/50409277767_1aab46e387_o.jpg,firebench_q087,caption_failed,empty caption from provider,6,inserted_degraded,empty caption from provider
wildfire/The-Wildfire-Dataset/nofire/julian-hochgesang-OUCxBh3AOWg-unsplash.jpg,firebench_q087,caption_failed,empty caption from provider,6,inserted_degraded,empty caption from provider
sage/W097/imagesampler-mobotix-2727/sage-imagesampler-mobotix-0.3.7/000048b02dd3c427/1765348764679267219-sample.jpg,firebench_q086,caption_failed,empty caption from provider,6,inserted_degraded,empty caption from provider
wildfire/The-Wildfire-Dataset/nofire/alex-kolodziej-jduGZnew-TE-unsplash.jpg,firebench_q087,caption_failed,empty caption from provider,6,inserted_degraded,empty caption from provider
wildfire/The-Wildfire-Dataset/nofire/dave-hoefler-zR1-jvnJSSc-unsplash.jpg,firebench_q087,caption_failed,empty caption from provider,6,inserted_degraded,empty caption from provider
wildfire/The-Wildfire-Dataset/fire/51182603157_bd5b0a1f46_o.jpg,firebench_q085,caption_failed,empty caption from provider,6,inserted_degraded,empty caption from provider
wildfire/The-Wildfire-Dataset/nofire/nathan-queloz-USuDsWIPgNA-unsplash.jpg,firebench_q087,caption_failed,empty caption from provider,6,inserted_degraded,empty caption from provider
wildfire/The-Wildfire-Dataset/nofire/52451074762_afc058d6ea_o.jpg,firebench_q087,caption_failed,empty caption from provider,6,inserted_degraded,empty caption from provider
wildfire/The-Wildfire-Dataset/nofire/clay-elliot-nWr7mUFtyho-unsplash.jpg,firebench_q087,caption_failed,empty caption from provider,6,inserted_degraded,empty caption from provider
wildfire/The-Wildfire-Dataset/nofire/tandya-rachmat-wh32vzAZMHo-unsplash.jpg,firebench_q086,caption_failed,empty caption from provider,6,inserted_degraded,empty caption from provider
wildfire/The-Wildfire-Dataset/nofire/52452306753_e9fd479f41_o.jpg,firebench_q087,caption_failed,empty caption from provider,6,inserted_degraded,empty caption from provider
wildfire/The-Wildfire-Dataset/nofire/cristian-vieriu-vvEpj8d7dQc-unsplash.jpg,firebench_q087,caption_failed,empty caption from provider,6,inserted_degraded,empty caption from provider
wildfire/The-Wildfire-Dataset/nofire/esteban-benites-Xp9hn1HzzDk-unsplash.jpg,firebench_q087,caption_failed,empty caption from provider,6,inserted_degraded,empty caption from provider
wildfire/The-Wildfire-Dataset/nofire/kristaps-ungurs-bqRUmr144Rc-unsplash.jpg,firebench_q086,caption_failed,empty caption from provider,6,inserted_degraded,empty caption from provider
wildfire/The-Wildfire-Dataset/nofire/dan-meyers-8m1fC4aPxuw-unsplash.jpg,firebench_q087,caption_failed,empty caption from provider,6,inserted_degraded,empty caption from provider
wildfire/The-Wildfire-Dataset/nofire/johannes-plenio-a9PDBZO7Ivk-unsplash.jpg,firebench_q087,caption_failed,empty caption from provider,6,inserted_degraded,empty caption from provider
wildfire/The-Wildfire-Dataset/nofire/arnold-dogelis-AW0nMIAQRP4-unsplash.jpg,firebench_q087,caption_failed,empty caption from provider,6,inserted_degraded,empty caption from provider
wildfire/The-Wildfire-Dataset/nofire/52341458554_918f27dc7c_o.jpg,firebench_q087,caption_failed,empty caption from provider,6,inserted_degraded,empty caption from provider
wildfire/The-Wildfire-Dataset/nofire/51276757611_826ce8bbe5_o.jpg,firebench_q087,caption_failed,empty caption from provider,6,inserted_degraded,empty caption from provider
wildfire/The-Wildfire-Dataset/nofire/luke-baard-xR6qUaDRjOE-unsplash.jpg,firebench_q087,caption_failed,empty caption from provider,6,inserted_degraded,empty caption from provider
wildfire/The-Wildfire-Dataset/nofire/andrew-svk-Koa7ccTs-ak-unsplash.jpg,firebench_q087,caption_failed,empty caption from provider,6,inserted_degraded,empty caption from provider
wildfire/The-Wildfire-Dataset/fire/51184375575_e852de66c1_o.jpg,firebench_q085,caption_failed,empty caption from provider,6,inserted_degraded,empty caption from provider
sage/W097/imagesampler-mobotix-2727/sage-imagesampler-mobotix-0.3.7/000048b02dd3c427/1765369344237745305-sample.jpg,firebench_q087,caption_failed,empty caption from provider,6,inserted_degraded,empty caption from provider
wildfire/The-Wildfire-Dataset/nofire/kristaps-ungurs-BAvDjy8cmAM-unsplash.jpg,firebench_q087,caption_failed,empty caption from provider,6,inserted_degraded,empty caption from provider
wildfire/The-Wildfire-Dataset/nofire/anup-shrestha-9-rPZAD3KkU-unsplash.jpg,firebench_q086,caption_failed,empty caption from provider,6,inserted_degraded,empty caption from provider
wildfire/The-Wildfire-Dataset/nofire/yin-yin-low-mn_-rlTJc7w-unsplash.jpg,firebench_q086,caption_failed,empty caption from provider,6,inserted_degraded,empty caption from provider
wildfire/The-Wildfire-Dataset/nofire/benjamin-voros-rNeBqnm1JXY-unsplash.jpg,firebench_q088,caption_failed,empty caption from provider,6,inserted_degraded,empty caption from provider
wildfire/The-Wildfire-Dataset/nofire/husen-siraaj-3fucumsUI68-unsplash.jpg,firebench_q088,caption_failed,empty caption from provider,6,inserted_degraded,empty caption from provider
wildfire/The-Wildfire-Dataset/nofire/danilo-capece-R6Svc7JWhIo-unsplash.jpg,firebench_q087,caption_failed,empty caption from provider,6,inserted_degraded,empty caption from provider
sage/W097/imagesampler-mobotix-2727/sage-imagesampler-mobotix-0.3.7/000048b02dd3c427/1765363744168443313-sample.jpg,firebench_q087,caption_failed,empty caption from provider,6,inserted_degraded,empty caption from provider
sage/W097/imagesampler-mobotix-2727/sage-imagesampler-mobotix-0.3.7/000048b02dd3c427/1765351844937429020-sample.jpg,firebench_q087,caption_failed,empty caption from provider,6,inserted_degraded,empty caption from provider
figlib/HPWREN-FIgLib/20240908_RiceFire_rm-e-mobo-c/1725849966_2B01320.jpg,firebench_q087,caption_failed,empty caption from provider,6,inserted_degraded,empty caption from provider
wildfire/The-Wildfire-Dataset/nofire/52358819323_9baa33acde_o.jpg,firebench_q088,caption_failed,empty caption from provider,6,inserted_degraded,empty caption from provider
wildfire/The-Wildfire-Dataset/nofire/42396555205_6e91e7a730_o.jpg,firebench_q087,caption_failed,empty caption from provider,6,inserted_degraded,empty caption from provider
wildfire/The-Wildfire-Dataset/nofire/nate-johnston-seLQo3j7Xu4-unsplash.jpg,firebench_q087,caption_failed,empty caption from provider,6,inserted_degraded,empty caption from provider
wildfire/The-Wildfire-Dataset/nofire/daniel-oberg-49CAJoYFmdg-unsplash.jpg,firebench_q088,caption_failed,empty caption from provider,6,inserted_degraded,empty caption from provider
wildfire/The-Wildfire-Dataset/nofire/52341458554_918f27dc7c_o.jpg,firebench_q088,caption_failed,empty caption from provider,6,inserted_degraded,empty caption from provider
wildfire/The-Wildfire-Dataset/nofire/jonny-caspari-hIF_K6PRjko-unsplash.jpg,firebench_q087,caption_failed,empty caption from provider,6,inserted_degraded,empty caption from provider
wildfire/The-Wildfire-Dataset/nofire/52359027885_6e6d8fa484_o.jpg,firebench_q088,caption_failed,empty caption from provider,6,inserted_degraded,empty caption from provider
wildfire/The-Wildfire-Dataset/nofire/aaron-burden-00QWN1J0g48-unsplash.jpg,firebench_q088,caption_failed,empty caption from provider,6,inserted_degraded,empty caption from provider
wildfire/The-Wildfire-Dataset/nofire/aleksandar-jason-prv8AiRvS-s-unsplash.jpg,firebench_q087,caption_failed,empty caption from provider,6,inserted_degraded,empty caption from provider
wildfire/The-Wildfire-Dataset/nofire/52358931349_9edefe0acc_o.jpg,firebench_q088,caption_failed,empty caption from provider,6,inserted_degraded,empty caption from provider
wildfire/The-Wildfire-Dataset/nofire/lennart-heim-ldz-H1VyrEo-unsplash.jpg,firebench_q088,caption_failed,empty caption from provider,6,inserted_degraded,empty caption from provider
wildfire/The-Wildfire-Dataset/nofire/meric-dagli-2AwOeLElK7c-unsplash.jpg,firebench_q088,caption_failed,empty caption from provider,6,inserted_degraded,empty caption from provider
wildfire/The-Wildfire-Dataset/nofire/52293279724_c5250f6aa9_o.png,firebench_q086,hard_fail,process_item returned None,6,abandoned,process_item returned None
wildfire/The-Wildfire-Dataset/nofire/aaron-burden-UF0WlFvPvrk-unsplash.jpg,firebench_q088,caption_failed,empty caption from provider,6,inserted_degraded,empty caption from provider
wildfire/The-Wildfire-Dataset/nofire/52358931414_39e8c7bd40_o.jpg,firebench_q088,caption_failed,empty caption from provider,6,inserted_degraded,empty caption from provider
wildfire/The-Wildfire-Dataset/nofire/eberhard-grossgasteiger-K27cUzugBiA-unsplash.jpg,firebench_q087,caption_failed,empty caption from provider,6,inserted_degraded,empty caption from provider
wildfire/The-Wildfire-Dataset/nofire/52452307498_5217d473e9_o.jpg,firebench_q088,caption_failed,empty caption from provider,6,inserted_degraded,empty caption from provider
wildfire/The-Wildfire-Dataset/nofire/52357670897_5e4bd8fa2f_o.jpg,firebench_q088,caption_failed,empty caption from provider,6,inserted_degraded,empty caption from provider
wildfire/The-Wildfire-Dataset/nofire/kristaps-ungurs-kYN0KehKdBY-unsplash.jpg,firebench_q088,caption_failed,empty caption from provider,6,inserted_degraded,empty caption from provider
wildfire/The-Wildfire-Dataset/nofire/julian-hochgesang-F9HYmeJ9i0s-unsplash.jpg,firebench_q087,caption_failed,empty caption from provider,6,inserted_degraded,empty caption from provider
wildfire/The-Wildfire-Dataset/nofire/36695119610_29f33a1b37_o.jpg,firebench_q088,caption_failed,empty caption from provider,6,inserted_degraded,empty caption from provider
wildfire/The-Wildfire-Dataset/nofire/52451082862_018b9aaa9e_o.jpg,firebench_q088,caption_failed,empty caption from provider,6,inserted_degraded,empty caption from provider
wildfire/The-Wildfire-Dataset/nofire/benjamin-voros-t-3f5RS-JGI-unsplash.jpg,firebench_q088,caption_failed,empty caption from provider,6,inserted_degraded,empty caption from provider
wildfire/The-Wildfire-Dataset/fire/51829087853_36bd588ba8_o.jpg,firebench_q088,caption_failed,empty caption from provider,6,inserted_degraded,empty caption from provider
wildfire/The-Wildfire-Dataset/nofire/kristaps-ungurs-fQEVCD1lsoM-unsplash.jpg,firebench_q087,caption_failed,empty caption from provider,6,inserted_degraded,empty caption from provider
wildfire/The-Wildfire-Dataset/nofire/dave-hoefler-zR1-jvnJSSc-unsplash.jpg,firebench_q088,caption_failed,empty caption from provider,6,inserted_degraded,empty caption from provider
wildfire/The-Wildfire-Dataset/nofire/ilia-bronskiy-Tyrw_avINt8-unsplash.jpg,firebench_q088,caption_failed,empty caption from provider,6,inserted_degraded,empty caption from provider
wildfire/The-Wildfire-Dataset/nofire/vlad-hilitanu-xXpPNxoPTvI-unsplash.jpg,firebench_q088,caption_failed,empty caption from provider,6,inserted_degraded,empty caption from provider
wildfire/The-Wildfire-Dataset/nofire/jonas-denil-Ht6kCAcD-1Y-unsplash.jpg,firebench_q088,caption_failed,empty caption from provider,6,inserted_degraded,empty caption from provider
wildfire/The-Wildfire-Dataset/nofire/thor-schroeder-AfvHfK_LBAc-unsplash.jpg,firebench_q088,caption_failed,empty caption from provider,6,inserted_degraded,empty caption from provider
wildfire/The-Wildfire-Dataset/fire/9570758963_0e23770a7a_o.jpg,firebench_q088,caption_failed,empty caption from provider,6,inserted_degraded,empty caption from provider
wildfire/The-Wildfire-Dataset/nofire/cole-freeman-6PB8SYmwecM-unsplash.jpg,firebench_q089,caption_failed,empty caption from provider,6,inserted_degraded,empty caption from provider
wildfire/The-Wildfire-Dataset/nofire/johny-goerend-U7icXzyYg7A-unsplash.jpg,firebench_q089,caption_failed,empty caption from provider,6,inserted_degraded,empty caption from provider
wildfire/The-Wildfire-Dataset/nofire/52359037790_bccbaa71d3_o.jpg,firebench_q088,caption_failed,empty caption from provider,6,inserted_degraded,empty caption from provider
wildfire/The-Wildfire-Dataset/nofire/daniel-soderman-ds7eUa2MfNA-unsplash.jpg,firebench_q088,caption_failed,empty caption from provider,6,inserted_degraded,empty caption from provider
wildfire/The-Wildfire-Dataset/nofire/pat-whelen-Bpomb1492ng-unsplash.jpg,firebench_q088,caption_failed,empty caption from provider,6,inserted_degraded,empty caption from provider
wildfire/The-Wildfire-Dataset/nofire/yin-yin-low-mn_-rlTJc7w-unsplash.jpg,firebench_q087,caption_failed,empty caption from provider,6,inserted_degraded,empty caption from provider
wildfire/The-Wildfire-Dataset/nofire/tandya-rachmat-wh32vzAZMHo-unsplash.jpg,firebench_q087,caption_failed,empty caption from provider,6,inserted_degraded,empty caption from provider
wildfire/The-Wildfire-Dataset/nofire/ryan-miller-4QC6kfE5Z8U-unsplash.jpg,firebench_q089,caption_failed,empty caption from provider,6,inserted_degraded,empty caption from provider
wildfire/The-Wildfire-Dataset/nofire/sebastian-ruck-6j3Ykslbi9g-unsplash.jpg,firebench_q089,caption_failed,empty caption from provider,6,inserted_degraded,empty caption from provider
wildfire/The-Wildfire-Dataset/nofire/52358819323_9baa33acde_o.jpg,firebench_q089,caption_failed,empty caption from provider,6,inserted_degraded,empty caption from provider
sage/W097/imagesampler-mobotix-2727/sage-imagesampler-mobotix-0.3.7/000048b02dd3c427/1765375364432529138-sample.jpg,firebench_q088,caption_failed,empty caption from provider,6,inserted_degraded,empty caption from provider
wildfire/The-Wildfire-Dataset/nofire/ralph-ravi-kayden-JU4uYq6r5do-unsplash.jpg,firebench_q089,caption_failed,empty caption from provider,6,inserted_degraded,empty caption from provider
wildfire/The-Wildfire-Dataset/nofire/damien-checoury-03YfWDpHv40-unsplash.jpg,firebench_q088,caption_failed,empty caption from provider,6,inserted_degraded,empty caption from provider
wildfire/The-Wildfire-Dataset/nofire/joshua-fuller-Cwtv6BIi8IY-unsplash.jpg,firebench_q088,caption_failed,empty caption from provider,6,inserted_degraded,empty caption from provider
wildfire/The-Wildfire-Dataset/nofire/nathan-queloz-USuDsWIPgNA-unsplash.jpg,firebench_q089,caption_failed,empty caption from provider,6,inserted_degraded,empty caption from provider
wildfire/The-Wildfire-Dataset/nofire/52938755866_fc0a5ae872_o.jpg,firebench_q088,caption_failed,empty caption from provider,6,inserted_degraded,empty caption from provider
wildfire/The-Wildfire-Dataset/nofire/julian-hochgesang-OUCxBh3AOWg-unsplash.jpg,firebench_q089,caption_failed,empty caption from provider,6,inserted_degraded,empty caption from provider
wildfire/The-Wildfire-Dataset/nofire/levi-bare-fVpCWcX70ns-unsplash.jpg,firebench_q089,caption_failed,empty caption from provider,6,inserted_degraded,empty caption from provider
wildfire/The-Wildfire-Dataset/nofire/42396555205_6e91e7a730_o.jpg,firebench_q088,caption_failed,empty caption from provider,6,inserted_degraded,empty caption from provider
wildfire/The-Wildfire-Dataset/nofire/felipe-dias-0nMS196uiEs-unsplash.jpg,firebench_q088,caption_failed,empty caption from provider,6,inserted_degraded,empty caption from provider
wildfire/The-Wildfire-Dataset/nofire/bobby-stevenson-Bi8vaFCoaNM-unsplash.jpg,firebench_q089,caption_failed,empty caption from provider,6,inserted_degraded,empty caption from provider
wildfire/The-Wildfire-Dataset/nofire/ivars-utinans-dRTNlyYERxM-unsplash.jpg,firebench_q088,caption_failed,empty caption from provider,6,inserted_degraded,empty caption from provider
wildfire/The-Wildfire-Dataset/nofire/alex-kolodziej-jduGZnew-TE-unsplash.jpg,firebench_q089,caption_failed,empty caption from provider,6,inserted_degraded,empty caption from provider
wildfire/The-Wildfire-Dataset/nofire/johannes-plenio-a9PDBZO7Ivk-unsplash.jpg,firebench_q089,caption_failed,empty caption from provider,6,inserted_degraded,empty caption from provider
wildfire/The-Wildfire-Dataset/nofire/52359027885_6e6d8fa484_o.jpg,firebench_q089,caption_failed,empty caption from provider,6,inserted_degraded,empty caption from provider
wildfire/The-Wildfire-Dataset/nofire/52341458554_918f27dc7c_o.jpg,firebench_q089,caption_failed,empty caption from provider,6,inserted_degraded,empty caption from provider
wildfire/The-Wildfire-Dataset/fire/36171927572_ec3c2e0716_o.jpg,firebench_q088,caption_failed,empty caption from provider,6,inserted_degraded,empty caption from provider
wildfire/The-Wildfire-Dataset/nofire/jonny-caspari-hIF_K6PRjko-unsplash.jpg,firebench_q089,caption_failed,empty caption from provider,6,inserted_degraded,empty caption from provider
wildfire/The-Wildfire-Dataset/nofire/joshua-fuller-SFRVfLZ7ORo-unsplash.jpg,firebench_q089,caption_failed,empty caption from provider,6,inserted_degraded,empty caption from provider
wildfire/The-Wildfire-Dataset/nofire/arnold-dogelis-AW0nMIAQRP4-unsplash.jpg,firebench_q089,caption_failed,empty caption from provider,6,inserted_degraded,empty caption from provider
wildfire/The-Wildfire-Dataset/nofire/benjamin-voros-t-3f5RS-JGI-unsplash.jpg,firebench_q089,caption_failed,empty caption from provider,6,inserted_degraded,empty caption from provider
wildfire/The-Wildfire-Dataset/nofire/52451074762_afc058d6ea_o.jpg,firebench_q089,caption_failed,empty caption from provider,6,inserted_degraded,empty caption from provider
wildfire/The-Wildfire-Dataset/nofire/jamo-images-1qLVCKLsPpA-unsplash.jpg,firebench_q089,caption_failed,empty caption from provider,6,inserted_degraded,empty caption from provider
wildfire/The-Wildfire-Dataset/nofire/johannes-plenio-51TpweqbK0E-unsplash.jpg,firebench_q090,caption_failed,empty caption from provider,6,inserted_degraded,empty caption from provider
wildfire/The-Wildfire-Dataset/nofire/alexander-slash-reYDl88Nah0-unsplash.jpg,firebench_q089,caption_failed,empty caption from provider,6,inserted_degraded,empty caption from provider
wildfire/The-Wildfire-Dataset/nofire/52359037790_bccbaa71d3_o.jpg,firebench_q089,caption_failed,empty caption from provider,6,inserted_degraded,empty caption from provider
figlib/HPWREN-FIgLib/20180725_FIRE_smer-tcs10-mobo-c/1532530979_-00900.jpg,firebench_q090,caption_failed,empty caption from provider,6,inserted_degraded,empty caption from provider
sage/W097/imagesampler-mobotix-2727/sage-imagesampler-mobotix-0.3.7/000048b02dd3c427/1765349464224976119-sample.jpg,firebench_q089,caption_failed,empty caption from provider,6,inserted_degraded,empty caption from provider
sage/W097/imagesampler-mobotix-2727/sage-imagesampler-mobotix-0.3.7/000048b02dd3c427/1765380404597933298-sample.jpg,firebench_q089,caption_failed,empty caption from provider,6,inserted_degraded,empty caption from provider
wildfire/The-Wildfire-Dataset/nofire/dan-meyers-TWENdzEF6-o-unsplash.jpg,firebench_q089,caption_failed,empty caption from provider,6,inserted_degraded,empty caption from provider
wildfire/The-Wildfire-Dataset/nofire/andrew-svk-Koa7ccTs-ak-unsplash.jpg,firebench_q089,caption_failed,empty caption from provider,6,inserted_degraded,empty caption from provider
wildfire/The-Wildfire-Dataset/nofire/36695119610_29f33a1b37_o.jpg,firebench_q089,caption_failed,empty caption from provider,6,inserted_degraded,empty caption from provider
wildfire/The-Wildfire-Dataset/nofire/julien-lanoy-hxhmflnl5d8-unsplash.jpg,firebench_q088,caption_failed,empty caption from provider,6,inserted_degraded,empty caption from provider
wildfire/The-Wildfire-Dataset/nofire/dave-hoefler-zR1-jvnJSSc-unsplash.jpg,firebench_q089,caption_failed,empty caption from provider,6,inserted_degraded,empty caption from provider
wildfire/The-Wildfire-Dataset/nofire/jerad-hill-xMc1FYzNgEQ-unsplash.jpg,firebench_q088,caption_failed,empty caption from provider,6,inserted_degraded,empty caption from provider
sage/W097/imagesampler-mobotix-2727/sage-imagesampler-mobotix-0.3.7/000048b02dd3c427/1765383274468936432-sample.jpg,firebench_q089,caption_failed,empty caption from provider,6,inserted_degraded,empty caption from provider
wildfire/The-Wildfire-Dataset/nofire/ales-krivec-vMwcWBEB-Pg-unsplash.jpg,firebench_q090,caption_failed,empty caption from provider,6,inserted_degraded,empty caption from provider
wildfire/The-Wildfire-Dataset/nofire/luke-baard-DdNyljNFYX4-unsplash.jpg,firebench_q089,caption_failed,empty caption from provider,6,inserted_degraded,empty caption from provider
figlib/HPWREN-FIgLib/20201202_WillowFire-nightime-near-CDF-HQ_lp-w-mobo-c/1606977187_2B01556.jpg,firebench_q090,caption_failed,empty caption from provider,6,inserted_degraded,empty caption from provider
wildfire/The-Wildfire-Dataset/fire/51839429297_23e725a318_o.jpg,firebench_q088,caption_failed,empty caption from provider,6,inserted_degraded,empty caption from provider
wildfire/The-Wildfire-Dataset/nofire/justin-kauffman-AXnzRL3fc44-unsplash (1).jpg,firebench_q089,caption_failed,empty caption from provider,6,inserted_degraded,empty caption from provider
wildfire/The-Wildfire-Dataset/nofire/dawson-mccormick-54KgZS_r-n0-unsplash.jpg,firebench_q090,caption_failed,empty caption from provider,6,inserted_degraded,empty caption from provider
wildfire/The-Wildfire-Dataset/nofire/andy-wright-aQ0S_jhEm0w-unsplash.jpg,firebench_q090,caption_failed,empty caption from provider,6,inserted_degraded,empty caption from provider
figlib/HPWREN-FIgLib/20200806_BorderFire_lp-s-mobo-c/1596730865_2B01500.jpg,firebench_q090,caption_failed,empty caption from provider,6,inserted_degraded,empty caption from provider
wildfire/The-Wildfire-Dataset/nofire/ricardo-gomez-angel-dbu1zrkZZuo-unsplash.jpg,firebench_q090,caption_failed,empty caption from provider,6,inserted_degraded,empty caption from provider
wildfire/The-Wildfire-Dataset/nofire/52358606891_9216660b61_o.jpg,firebench_q089,caption_failed,empty caption from provider,6,inserted_degraded,empty caption from provider
wildfire/The-Wildfire-Dataset/nofire/42396555205_6e91e7a730_o.jpg,firebench_q089,caption_failed,empty caption from provider,6,inserted_degraded,empty caption from provider
wildfire/The-Wildfire-Dataset/nofire/nathan-queloz-kVSgiAHSDmw-unsplash.jpg,firebench_q089,caption_failed,empty caption from provider,6,inserted_degraded,empty caption from provider
wildfire/The-Wildfire-Dataset/nofire/carmine-de-fazio-3ytjETpQMNY-unsplash.jpg,firebench_q090,caption_failed,empty caption from provider,6,inserted_degraded,empty caption from provider
wildfire/The-Wildfire-Dataset/nofire/nate-johnston-seLQo3j7Xu4-unsplash.jpg,firebench_q089,caption_failed,empty caption from provider,6,inserted_degraded,empty caption from provider
wildfire/The-Wildfire-Dataset/nofire/alec-krum-OlPF1KqTqYw-unsplash.jpg,firebench_q090,caption_failed,empty caption from provider,6,inserted_degraded,empty caption from provider
wildfire/The-Wildfire-Dataset/nofire/julian-hochgesang-F9HYmeJ9i0s-unsplash.jpg,firebench_q089,caption_failed,empty caption from provider,6,inserted_degraded,empty caption from provider
wildfire/The-Wildfire-Dataset/fire/51235316460_8279cd1316_o.jpg,firebench_q090,caption_failed,empty caption from provider,6,inserted_degraded,empty caption from provider
sage/W097/imagesampler-mobotix-2727/sage-imagesampler-mobotix-0.3.7/000048b02dd3c427/1765416593725041199-sample.jpg,firebench_q090,caption_failed,empty caption from provider,6,inserted_degraded,empty caption from provider
wildfire/The-Wildfire-Dataset/nofire/kristaps-ungurs-fQEVCD1lsoM-unsplash.jpg,firebench_q089,caption_failed,empty caption from provider,6,inserted_degraded,empty caption from provider
wildfire/The-Wildfire-Dataset/nofire/ivana-cajina-g6B4rdvegMc-unsplash.jpg,firebench_q089,caption_failed,empty caption from provider,6,inserted_degraded,empty caption from provider
wildfire/The-Wildfire-Dataset/nofire/malik-skydsgaard-zNwXhNeqqgI-unsplash.jpg,firebench_q090,caption_failed,empty caption from provider,6,inserted_degraded,empty caption from provider
wildfire/The-Wildfire-Dataset/nofire/yin-yin-low-mn_-rlTJc7w-unsplash.jpg,firebench_q089,caption_failed,empty caption from provider,6,inserted_degraded,empty caption from provider
wildfire/The-Wildfire-Dataset/nofire/37407554780_e47b9ce511_o.jpg,firebench_q090,caption_failed,empty caption from provider,6,inserted_degraded,empty caption from provider
wildfire/The-Wildfire-Dataset/nofire/pat-whelen-fej4S52jRJg-unsplash.jpg,firebench_q091,caption_failed,empty caption from provider,6,inserted_degraded,empty caption from provider
wildfire/The-Wildfire-Dataset/nofire/paul-pastourmatzis-N2JMp29mwk4-unsplash.jpg,firebench_q090,caption_failed,empty caption from provider,6,inserted_degraded,empty caption from provider
wildfire/The-Wildfire-Dataset/nofire/zetong-li-eDFJt7M-1Ww-unsplash.jpg,firebench_q090,caption_failed,empty caption from provider,6,inserted_degraded,empty caption from provider
wildfire/The-Wildfire-Dataset/nofire/artem-sapegin-wzLm9aAi1rc-unsplash.jpg,firebench_q090,caption_failed,empty caption from provider,6,inserted_degraded,empty caption from provider
wildfire/The-Wildfire-Dataset/nofire/52358819323_9baa33acde_o.jpg,firebench_q091,caption_failed,empty caption from provider,6,inserted_degraded,empty caption from provider
wildfire/The-Wildfire-Dataset/fire/29012886626_b81f04e597_o.jpg,firebench_q090,caption_failed,empty caption from provider,6,inserted_degraded,empty caption from provider
wildfire/The-Wildfire-Dataset/fire/51248360089_e7ea1fac21_o.jpg,firebench_q089,caption_failed,empty caption from provider,6,inserted_degraded,empty caption from provider
wildfire/The-Wildfire-Dataset/nofire/sebastian-ruck-6j3Ykslbi9g-unsplash.jpg,firebench_q091,caption_failed,empty caption from provider,6,inserted_degraded,empty caption from provider
wildfire/The-Wildfire-Dataset/nofire/esteban-benites-Xp9hn1HzzDk-unsplash.jpg,firebench_q091,caption_failed,empty caption from provider,6,inserted_degraded,empty caption from provider
wildfire/The-Wildfire-Dataset/nofire/43048398825_ae99361954_o.jpg,firebench_q090,caption_failed,empty caption from provider,6,inserted_degraded,empty caption from provider
wildfire/The-Wildfire-Dataset/nofire/pat-whelen-FEsS8cYQM-0-unsplash.jpg,firebench_q091,caption_failed,empty caption from provider,6,inserted_degraded,empty caption from provider
wildfire/The-Wildfire-Dataset/nofire/pat-whelen-O3XNdXVR9PU-unsplash.jpg,firebench_q091,caption_failed,empty caption from provider,6,inserted_degraded,empty caption from provider
wildfire/The-Wildfire-Dataset/nofire/julian-hochgesang-OUCxBh3AOWg-unsplash.jpg,firebench_q091,caption_failed,empty caption from provider,6,inserted_degraded,empty caption from provider
wildfire/The-Wildfire-Dataset/nofire/ddp-mRTLNEEsIvU-unsplash.jpg,firebench_q090,caption_failed,empty caption from provider,6,inserted_degraded,empty caption from provider
wildfire/The-Wildfire-Dataset/nofire/simone-daino-6bxvC6of7e4-unsplash.jpg,firebench_q091,caption_failed,empty caption from provider,6,inserted_degraded,empty caption from provider
wildfire/The-Wildfire-Dataset/nofire/james-eades-aGooiI3zka4-unsplash.jpg,firebench_q090,caption_failed,empty caption from provider,6,inserted_degraded,empty caption from provider
wildfire/The-Wildfire-Dataset/nofire/benjamin-voros-rNeBqnm1JXY-unsplash.jpg,firebench_q091,caption_failed,empty caption from provider,6,inserted_degraded,empty caption from provider
wildfire/The-Wildfire-Dataset/nofire/annie-spratt-gfHX4x8N1kI-unsplash.jpg,firebench_q091,caption_failed,empty caption from provider,6,inserted_degraded,empty caption from provider
wildfire/The-Wildfire-Dataset/nofire/52451600526_77ef5f823d_o.jpg,firebench_q091,caption_failed,empty caption from provider,6,inserted_degraded,empty caption from provider
wildfire/The-Wildfire-Dataset/nofire/demian-tejeda-benitez-G-LvmhhXBdQ-unsplash.jpg,firebench_q090,caption_failed,empty caption from provider,6,inserted_degraded,empty caption from provider
wildfire/The-Wildfire-Dataset/nofire/vickry-alvian-ILddwdiE8OY-unsplash.jpg,firebench_q091,caption_failed,empty caption from provider,6,inserted_degraded,empty caption from provider
wildfire/The-Wildfire-Dataset/fire/36114718993_02a17ebac8_o.jpg,firebench_q090,caption_failed,empty caption from provider,6,inserted_degraded,empty caption from provider
wildfire/The-Wildfire-Dataset/nofire/cole-freeman-Nb4S6o1Z8pU-unsplash.jpg,firebench_q091,caption_failed,empty caption from provider,6,inserted_degraded,empty caption from provider
wildfire/The-Wildfire-Dataset/nofire/casey-horner-09Ds-LMCimI-unsplash.jpg,firebench_q090,caption_failed,empty caption from provider,6,inserted_degraded,empty caption from provider
wildfire/The-Wildfire-Dataset/nofire/42396555205_6e91e7a730_o.jpg,firebench_q091,caption_failed,empty caption from provider,6,inserted_degraded,empty caption from provider
wildfire/The-Wildfire-Dataset/nofire/kristaps-ungurs-Q_vei2vnPPk-unsplash.jpg,firebench_q091,caption_failed,empty caption from provider,6,inserted_degraded,empty caption from provider
wildfire/The-Wildfire-Dataset/nofire/dawson-mccormick-JM7go_siWXM-unsplash.jpg,firebench_q090,caption_failed,empty caption from provider,6,inserted_degraded,empty caption from provider
wildfire/The-Wildfire-Dataset/nofire/52341458554_918f27dc7c_o.jpg,firebench_q091,caption_failed,empty caption from provider,6,inserted_degraded,empty caption from provider
wildfire/The-Wildfire-Dataset/nofire/ryan-miller-4QC6kfE5Z8U-unsplash.jpg,firebench_q091,caption_failed,empty caption from provider,6,inserted_degraded,empty caption from provider
wildfire/The-Wildfire-Dataset/nofire/daniel-frank-LIHiWVXaUyM-unsplash.jpg,firebench_q091,caption_failed,empty caption from provider,6,inserted_degraded,empty caption from provider
wildfire/The-Wildfire-Dataset/nofire/samuel-scrimshaw-DMcI0cmYJYk-unsplash.jpg,firebench_q090,caption_failed,empty caption from provider,6,inserted_degraded,empty caption from provider
wildfire/The-Wildfire-Dataset/nofire/ddp--uj_8hOwWkc-unsplash.jpg,firebench_q090,caption_failed,empty caption from provider,6,inserted_degraded,empty caption from provider
wildfire/The-Wildfire-Dataset/nofire/52451082862_018b9aaa9e_o.jpg,firebench_q091,caption_failed,empty caption from provider,6,inserted_degraded,empty caption from provider
wildfire/The-Wildfire-Dataset/nofire/52451074762_afc058d6ea_o.jpg,firebench_q091,caption_failed,empty caption from provider,6,inserted_degraded,empty caption from provider
wildfire/The-Wildfire-Dataset/fire/11876299854_f22f787159_o.jpg,firebench_q091,caption_failed,empty caption from provider,6,inserted_degraded,empty caption from provider
wildfire/The-Wildfire-Dataset/nofire/bobby-stevenson-Bi8vaFCoaNM-unsplash.jpg,firebench_q091,caption_failed,empty caption from provider,6,inserted_degraded,empty caption from provider
wildfire/The-Wildfire-Dataset/nofire/52359027885_6e6d8fa484_o.jpg,firebench_q091,caption_failed,empty caption from provider,6,inserted_degraded,empty caption from provider
wildfire/The-Wildfire-Dataset/nofire/daniil-silantev-wzLhNAHiOvE-unsplash.jpg,firebench_q090,caption_failed,empty caption from provider,6,inserted_degraded,empty caption from provider
wildfire/The-Wildfire-Dataset/nofire/miha-rekar--wm9OmdN_Ig-unsplash.jpg,firebench_q091,caption_failed,empty caption from provider,6,inserted_degraded,empty caption from provider
wildfire/The-Wildfire-Dataset/nofire/dave-hoefler-zR1-jvnJSSc-unsplash.jpg,firebench_q091,caption_failed,empty caption from provider,6,inserted_degraded,empty caption from provider
wildfire/The-Wildfire-Dataset/fire/35532185633_2477844982_o.jpg,firebench_q090,caption_failed,empty caption from provider,6,inserted_degraded,empty caption from provider
figlib/HPWREN-FIgLib/20200829_inside-Mexico_mlo-s-mobo-c/1598722283_-01200.jpg,firebench_q092,caption_failed,empty caption from provider,6,inserted_degraded,empty caption from provider
wildfire/The-Wildfire-Dataset/nofire/luke-baard-DdNyljNFYX4-unsplash.jpg,firebench_q091,caption_failed,empty caption from provider,6,inserted_degraded,empty caption from provider
wildfire/The-Wildfire-Dataset/fire/52530727100_85c15724f7_o.jpg,firebench_q091,caption_failed,empty caption from provider,6,inserted_degraded,empty caption from provider
wildfire/The-Wildfire-Dataset/nofire/william-topa-tIC1KjXpa58-unsplash.jpg,firebench_q092,caption_failed,empty caption from provider,6,inserted_degraded,empty caption from provider
wildfire/The-Wildfire-Dataset/nofire/francisco-gonzalez-2_mO5_qyevs-unsplash.jpg,firebench_q091,caption_failed,empty caption from provider,6,inserted_degraded,empty caption from provider
wildfire/The-Wildfire-Dataset/nofire/aaron-burden-00QWN1J0g48-unsplash.jpg,firebench_q091,caption_failed,empty caption from provider,6,inserted_degraded,empty caption from provider
wildfire/The-Wildfire-Dataset/nofire/aleksandar-jason-HB5E80dln6M-unsplash.jpg,firebench_q091,caption_failed,empty caption from provider,6,inserted_degraded,empty caption from provider
figlib/HPWREN-FIgLib/20210113_Borderfire_mlo-s-mobo-c/1610570783_-01320.jpg,firebench_q092,caption_failed,empty caption from provider,6,inserted_degraded,empty caption from provider
wildfire/The-Wildfire-Dataset/nofire/nathan-queloz-USuDsWIPgNA-unsplash.jpg,firebench_q091,caption_failed,empty caption from provider,6,inserted_degraded,empty caption from provider
wildfire/The-Wildfire-Dataset/nofire/ivana-cajina-DuiPYwz3CBA-unsplash.jpg,firebench_q092,caption_failed,empty caption from provider,6,inserted_degraded,empty caption from provider
figlib/HPWREN-FIgLib/20171207_FIRE_bh-n-mobo-c/1512682090_2B00480.jpg,firebench_q092,caption_failed,empty caption from provider,6,inserted_degraded,empty caption from provider
wildfire/The-Wildfire-Dataset/nofire/52452042720_8271cec62d_o.jpg,firebench_q091,caption_failed,empty caption from provider,6,inserted_degraded,empty caption from provider
wildfire/The-Wildfire-Dataset/nofire/marek-piwnicki-Za_PRp9Dx3Q-unsplash.jpg,firebench_q092,caption_failed,empty caption from provider,6,inserted_degraded,empty caption from provider
figlib/HPWREN-FIgLib/20200601_WILDLAND-DRILLS_mlo-e-mobo-c/1591046121_2B01380.jpg,firebench_q092,caption_failed,empty caption from provider,6,inserted_degraded,empty caption from provider
wildfire/The-Wildfire-Dataset/nofire/tandya-rachmat-wh32vzAZMHo-unsplash.jpg,firebench_q091,caption_failed,empty caption from provider,6,inserted_degraded,empty caption from provider
wildfire/The-Wildfire-Dataset/nofire/julian-hochgesang-F9HYmeJ9i0s-unsplash.jpg,firebench_q091,caption_failed,empty caption from provider,6,inserted_degraded,empty caption from provider
wildfire/The-Wildfire-Dataset/nofire/52357670897_5e4bd8fa2f_o.jpg,firebench_q091,caption_failed,empty caption from provider,6,inserted_degraded,empty caption from provider
figlib/HPWREN-FIgLib/20240903_NavajoFire_cp-n-mobo-c/1725409950_2B00660.jpg,firebench_q092,caption_failed,empty caption from provider,6,inserted_degraded,empty caption from provider
wildfire/The-Wildfire-Dataset/nofire/dan-meyers-TWENdzEF6-o-unsplash.jpg,firebench_q091,caption_failed,empty caption from provider,6,inserted_degraded,empty caption from provider
wildfire/The-Wildfire-Dataset/nofire/marek-piwnicki-aDAivSo7IgM-unsplash.jpg,firebench_q092,caption_failed,empty caption from provider,6,inserted_degraded,empty caption from provider
figlib/HPWREN-FIgLib/20170826_FIRE_tp-s-mobo-c/1503771733_-01200.jpg,firebench_q092,caption_failed,empty caption from provider,6,inserted_degraded,empty caption from provider
wildfire/The-Wildfire-Dataset/nofire/eberhard-grossgasteiger-DYPGr9SP68E-unsplash.jpg,firebench_q092,caption_failed,empty caption from provider,6,inserted_degraded,empty caption from provider
sage/W097/imagesampler-bottom-2726/sage-imagesampler-bottom-0.3.7/000048b02dd3c427/1765354205217748211-sample.jpg,firebench_q092,caption_failed,empty caption from provider,6,inserted_degraded,empty caption from provider
figlib/HPWREN-FIgLib/20201202_WillowFire-nightime-near-CDF-HQ_om-n-mobo-c/1606976435_2B00600.jpg,firebench_q092,caption_failed,empty caption from provider,6,inserted_degraded,empty caption from provider
wildfire/The-Wildfire-Dataset/nofire/eberhard-grossgasteiger-13RPKrir2Z4-unsplash.jpg,firebench_q092,caption_failed,empty caption from provider,6,inserted_degraded,empty caption from provider
wildfire/The-Wildfire-Dataset/nofire/40391460514_d774fb1cf2_o.jpg,firebench_q092,caption_failed,empty caption from provider,6,inserted_degraded,empty caption from provider
figlib/HPWREN-FIgLib/20180719_Skyline_sp-n-mobo-c/1532041646_2B01980.jpg,firebench_q093,caption_failed,empty caption from provider,6,inserted_degraded,empty caption from provider
wildfire/The-Wildfire-Dataset/nofire/harald-pliessnig-fI_UmufdnX4-unsplash.jpg,firebench_q092,caption_failed,empty caption from provider,6,inserted_degraded,empty caption from provider
wildfire/The-Wildfire-Dataset/nofire/52452049280_49b1b711b6_o.jpg,firebench_q091,caption_failed,empty caption from provider,6,inserted_degraded,empty caption from provider
wildfire/The-Wildfire-Dataset/fire/36171927572_ec3c2e0716_o.jpg,firebench_q091,caption_failed,empty caption from provider,6,inserted_degraded,empty caption from provider
sage/W097/imagesampler-mobotix-2727/sage-imagesampler-mobotix-0.3.7/000048b02dd3c427/1765384394716147184-sample.jpg,firebench_q092,caption_failed,empty caption from provider,6,inserted_degraded,empty caption from provider
figlib/HPWREN-FIgLib/20250823_Clubfire_starr-n-mobo-c/1755966094_2B01259.jpg,firebench_q092,caption_failed,empty caption from provider,6,inserted_degraded,empty caption from provider
wildfire/The-Wildfire-Dataset/nofire/kym-mackinnon-k58gUCTJwX8-unsplash.jpg,firebench_q092,caption_failed,empty caption from provider,6,inserted_degraded,empty caption from provider
figlib/HPWREN-FIgLib/20180727_FIRE_mg-w-mobo-c/1532722480_-01680.jpg,firebench_q093,caption_failed,empty caption from provider,6,inserted_degraded,empty caption from provider
figlib/HPWREN-FIgLib/20180727_FIRE_mg-w-mobo-c/1532726320_2B02160.jpg,firebench_q093,caption_failed,empty caption from provider,6,inserted_degraded,empty caption from provider
wildfire/The-Wildfire-Dataset/nofire/eberhard-grossgasteiger-K27cUzugBiA-unsplash.jpg,firebench_q091,caption_failed,empty caption from provider,6,inserted_degraded,empty caption from provider
wildfire/The-Wildfire-Dataset/nofire/kym-mackinnon-HSFyO6DkOqQ-unsplash.jpg,firebench_q092,caption_failed,empty caption from provider,6,inserted_degraded,empty caption from provider
figlib/HPWREN-FIgLib/20180727_FIRE_mg-w-mobo-c/1532724340_2B00180.jpg,firebench_q093,caption_failed,empty caption from provider,6,inserted_degraded,empty caption from provider
figlib/HPWREN-FIgLib/20200813_Ranch2Fire_sjh-n-mobo-c/1597358498_2B02280.jpg,firebench_q093,caption_failed,empty caption from provider,6,inserted_degraded,empty caption from provider
figlib/HPWREN-FIgLib/20200521_VEGMGMT_wc-e-mobo-c/1590079280_-01680.jpg,firebench_q093,caption_failed,empty caption from provider,6,inserted_degraded,empty caption from provider
figlib/HPWREN-FIgLib/20200930_inMexico_om-e-mobo-c/1601494237_2B00300.jpg,firebench_q093,caption_failed,empty caption from provider,6,inserted_degraded,empty caption from provider
figlib/HPWREN-FIgLib/20180605_FIRE_smer-tcs9-mobo-c/1528230357_-00900.jpg,firebench_q093,caption_failed,empty caption from provider,6,inserted_degraded,empty caption from provider
wildfire/The-Wildfire-Dataset/nofire/36335039364_4c327b9de1_o.jpg,firebench_q092,caption_failed,empty caption from provider,6,inserted_degraded,empty caption from provider
wildfire/The-Wildfire-Dataset/nofire/vitaly-sacred-giho2M2QXQQ-unsplash.jpg,firebench_q092,caption_failed,empty caption from provider,6,inserted_degraded,empty caption from provider
wildfire/The-Wildfire-Dataset/nofire/eberhard-grossgasteiger-yQgOSaXemqA-unsplash.jpg,firebench_q092,caption_failed,empty caption from provider,6,inserted_degraded,empty caption from provider
figlib/HPWREN-FIgLib/20180602_FIRE_smer-tcs8-mobo-c/1527978655_2B00420.jpg,firebench_q093,caption_failed,empty caption from provider,6,inserted_degraded,empty caption from provider
wildfire/The-Wildfire-Dataset/nofire/23931777065_23aede20f6_o.jpg,firebench_q092,caption_failed,empty caption from provider,6,inserted_degraded,empty caption from provider
sage/W097/imagesampler-mobotix-2727/sage-imagesampler-mobotix-0.3.7/000048b02dd3c427/1765348554866804762-sample.jpg,firebench_q093,caption_failed,empty caption from provider,6,inserted_degraded,empty caption from provider
wildfire/The-Wildfire-Dataset/nofire/aniket-deole-T-tOgjWZ0fQ-unsplash.jpg,firebench_q092,caption_failed,empty caption from provider,6,inserted_degraded,empty caption from provider
wildfire/The-Wildfire-Dataset/nofire/yang-song-QfoS3mD5wDw-unsplash.jpg,firebench_q092,caption_failed,empty caption from provider,6,inserted_degraded,empty caption from provider
wildfire/The-Wildfire-Dataset/nofire/johannes-plenio-sY5llOA25Ck-unsplash.jpg,firebench_q092,caption_failed,empty caption from provider,6,inserted_degraded,empty caption from provider
wildfire/The-Wildfire-Dataset/nofire/kym-mackinnon-1YyuJxUG_R8-unsplash.jpg,firebench_q093,caption_failed,empty caption from provider,6,inserted_degraded,empty caption from provider
wildfire/The-Wildfire-Dataset/nofire/nicolas-hippert-4doZmorf3IE-unsplash.jpg,firebench_q092,caption_failed,empty caption from provider,6,inserted_degraded,empty caption from provider
figlib/HPWREN-FIgLib/20200822_SloaneFire_lp-n-mobo-c/1598131621_2B01740.jpg,firebench_q093,caption_failed,empty caption from provider,6,inserted_degraded,empty caption from provider
wildfire/The-Wildfire-Dataset/nofire/futc-WnEYElZDaDE-unsplash.jpg,firebench_q092,caption_failed,empty caption from provider,6,inserted_degraded,empty caption from provider
wildfire/The-Wildfire-Dataset/nofire/marek-piwnicki-yK8lUcBBPDA-unsplash.jpg,firebench_q093,caption_failed,empty caption from provider,6,inserted_degraded,empty caption from provider
sage/W097/imagesampler-mobotix-2727/sage-imagesampler-mobotix-0.3.7/000048b02dd3c427/1765413934143075808-sample.jpg,firebench_q093,caption_failed,empty caption from provider,6,inserted_degraded,empty caption from provider
wildfire/The-Wildfire-Dataset/nofire/daniel-wallace-USu6TA8aQ1E-unsplash.jpg,firebench_q093,caption_failed,empty caption from provider,6,inserted_degraded,empty caption from provider
wildfire/The-Wildfire-Dataset/nofire/casey-horner-1ntpXBX2-JU-unsplash.jpg,firebench_q093,caption_failed,empty caption from provider,6,inserted_degraded,empty caption from provider
wildfire/The-Wildfire-Dataset/nofire/calin-stan-s7qKz3sGhc4-unsplash.jpg,firebench_q093,caption_failed,empty caption from provider,6,inserted_degraded,empty caption from provider
wildfire/The-Wildfire-Dataset/nofire/marek-piwnicki-py3GLPFvmpg-unsplash.jpg,firebench_q093,caption_failed,empty caption from provider,6,inserted_degraded,empty caption from provider
wildfire/The-Wildfire-Dataset/nofire/ryan-miller-4QC6kfE5Z8U-unsplash.jpg,firebench_q094,caption_failed,empty caption from provider,6,inserted_degraded,empty caption from provider
wildfire/The-Wildfire-Dataset/nofire/kym-mackinnon-VOyHZUbt4Fc-unsplash.jpg,firebench_q093,caption_failed,empty caption from provider,6,inserted_degraded,empty caption from provider
wildfire/The-Wildfire-Dataset/nofire/nic-y-c-Nss8xlrf2gc-unsplash.jpg,firebench_q093,caption_failed,empty caption from provider,6,inserted_degraded,empty caption from provider
wildfire/The-Wildfire-Dataset/nofire/isaac-mitchell-vkB3A-TyQPc-unsplash.jpg,firebench_q092,caption_failed,empty caption from provider,6,inserted_degraded,empty caption from provider
wildfire/The-Wildfire-Dataset/nofire/dylan-taylor-zMHCC6BQJFU-unsplash.jpg,firebench_q092,caption_failed,empty caption from provider,6,inserted_degraded,empty caption from provider
wildfire/The-Wildfire-Dataset/nofire/egor-vikhrev-E_edycnsz_E-unsplash.jpg,firebench_q094,caption_failed,empty caption from provider,6,inserted_degraded,empty caption from provider
wildfire/The-Wildfire-Dataset/nofire/thomas-haas-BFyhlZYMd0Y-unsplash.jpg,firebench_q092,caption_failed,empty caption from provider,6,inserted_degraded,empty caption from provider
wildfire/The-Wildfire-Dataset/nofire/alberto-caliman-twV9DVoPB7Y-unsplash.jpg,firebench_q094,caption_failed,empty caption from provider,6,inserted_degraded,empty caption from provider
wildfire/The-Wildfire-Dataset/nofire/nic-y-c-_uQqjtLk_Cs-unsplash.jpg,firebench_q093,caption_failed,empty caption from provider,6,inserted_degraded,empty caption from provider
wildfire/The-Wildfire-Dataset/nofire/olena-sergienko-1wYD3cqD83I-unsplash.jpg,firebench_q094,caption_failed,empty caption from provider,6,inserted_degraded,empty caption from provider
wildfire/The-Wildfire-Dataset/nofire/jonathan-borba-IeUIUmbnXHg-unsplash.jpg,firebench_q093,caption_failed,empty caption from provider,6,inserted_degraded,empty caption from provider
wildfire/The-Wildfire-Dataset/nofire/kristaps-ungurs-8xLNRmRj95A-unsplash.jpg,firebench_q094,caption_failed,empty caption from provider,6,inserted_degraded,empty caption from provider
wildfire/The-Wildfire-Dataset/nofire/levi-bare-sxZ4wOoQ2io-unsplash.jpg,firebench_q092,caption_failed,empty caption from provider,6,inserted_degraded,empty caption from provider
wildfire/The-Wildfire-Dataset/nofire/joel-vodell-nCFY9hNoUYk-unsplash.jpg,firebench_q094,caption_failed,empty caption from provider,6,inserted_degraded,empty caption from provider
wildfire/The-Wildfire-Dataset/nofire/aaron-burden-UF0WlFvPvrk-unsplash.jpg,firebench_q094,caption_failed,empty caption from provider,6,inserted_degraded,empty caption from provider
wildfire/The-Wildfire-Dataset/nofire/maciek-sulkowski-43gFXiPsMbY-unsplash.jpg,firebench_q093,caption_failed,empty caption from provider,6,inserted_degraded,empty caption from provider
wildfire/The-Wildfire-Dataset/nofire/ruben-marques-DUxJSaANcWs-unsplash.jpg,firebench_q093,caption_failed,empty caption from provider,6,inserted_degraded,empty caption from provider
wildfire/The-Wildfire-Dataset/nofire/andrew-pons-p67k6hPMDCs-unsplash.jpg,firebench_q092,caption_failed,empty caption from provider,6,inserted_degraded,empty caption from provider
wildfire/The-Wildfire-Dataset/nofire/aleksandar-jason-HB5E80dln6M-unsplash.jpg,firebench_q094,caption_failed,empty caption from provider,6,inserted_degraded,empty caption from provider
wildfire/The-Wildfire-Dataset/nofire/bobby-stevenson-Bi8vaFCoaNM-unsplash.jpg,firebench_q094,caption_failed,empty caption from provider,6,inserted_degraded,empty caption from provider
wildfire/The-Wildfire-Dataset/nofire/nathan-anderson-j1_s52QX6fs-unsplash.jpg,firebench_q094,caption_failed,empty caption from provider,6,inserted_degraded,empty caption from provider
wildfire/The-Wildfire-Dataset/nofire/ralph-ravi-kayden-JU4uYq6r5do-unsplash.jpg,firebench_q094,caption_failed,empty caption from provider,6,inserted_degraded,empty caption from provider
figlib/HPWREN-FIgLib/20171010_FIRE_rm-e-mobo-c/1507674602_2B01980.jpg,firebench_q094,caption_failed,empty caption from provider,6,inserted_degraded,empty caption from provider
wildfire/The-Wildfire-Dataset/nofire/honza-reznik-lScQonfzQ1s-unsplash.jpg,firebench_q094,caption_failed,empty caption from provider,6,inserted_degraded,empty caption from provider
wildfire/The-Wildfire-Dataset/nofire/kristaps-ungurs-UbnPaBCUxig-unsplash.jpg,firebench_q094,caption_failed,empty caption from provider,6,inserted_degraded,empty caption from provider
wildfire/The-Wildfire-Dataset/nofire/arnold-dogelis-AW0nMIAQRP4-unsplash.jpg,firebench_q094,caption_failed,empty caption from provider,6,inserted_degraded,empty caption from provider
wildfire/The-Wildfire-Dataset/nofire/geran-de-klerk-qzgN45hseN0-unsplash.jpg,firebench_q094,caption_failed,empty caption from provider,6,inserted_degraded,empty caption from provider
wildfire/The-Wildfire-Dataset/nofire/amir-saboury-1EhK52npZMo-unsplash.jpg,firebench_q094,caption_failed,empty caption from provider,6,inserted_degraded,empty caption from provider
wildfire/The-Wildfire-Dataset/nofire/levi-bare-fVpCWcX70ns-unsplash.jpg,firebench_q094,caption_failed,empty caption from provider,6,inserted_degraded,empty caption from provider
wildfire/The-Wildfire-Dataset/nofire/daniel-frank-LIHiWVXaUyM-unsplash.jpg,firebench_q094,caption_failed,empty caption from provider,6,inserted_degraded,empty caption from provider
wildfire/The-Wildfire-Dataset/nofire/natalya-letunova-WjqyWNCYSI8-unsplash.jpg,firebench_q094,caption_failed,empty caption from provider,6,inserted_degraded,empty caption from provider
wildfire/The-Wildfire-Dataset/nofire/cristian-vieriu-vvEpj8d7dQc-unsplash.jpg,firebench_q094,caption_failed,empty caption from provider,6,inserted_degraded,empty caption from provider
figlib/HPWREN-FIgLib/20210110_Borderfire_lp-s-mobo-c/1610306885_2B01799.jpg,firebench_q094,caption_failed,empty caption from provider,6,inserted_degraded,empty caption from provider
wildfire/The-Wildfire-Dataset/nofire/cole-freeman-BeAiBhYTvLg-unsplash.jpg,firebench_q094,caption_failed,empty caption from provider,6,inserted_degraded,empty caption from provider
wildfire/The-Wildfire-Dataset/nofire/dan-meyers-TWENdzEF6-o-unsplash.jpg,firebench_q094,caption_failed,empty caption from provider,6,inserted_degraded,empty caption from provider
wildfire/The-Wildfire-Dataset/nofire/balazs-busznyak-LuwE0_o4GAQ-unsplash.jpg,firebench_q094,caption_failed,empty caption from provider,6,inserted_degraded,empty caption from provider
wildfire/The-Wildfire-Dataset/nofire/jamo-images-1qLVCKLsPpA-unsplash.jpg,firebench_q094,caption_failed,empty caption from provider,6,inserted_degraded,empty caption from provider
wildfire/The-Wildfire-Dataset/nofire/axel-czikora-aRIy1z11U3Q-unsplash.jpg,firebench_q094,caption_failed,empty caption from provider,6,inserted_degraded,empty caption from provider
wildfire/The-Wildfire-Dataset/nofire/44045546545_937513d5b0_o.jpg,firebench_q095,caption_failed,empty caption from provider,6,inserted_degraded,empty caption from provider
wildfire/The-Wildfire-Dataset/nofire/kristaps-ungurs-Muamasw0mz8-unsplash.jpg,firebench_q094,caption_failed,empty caption from provider,6,inserted_degraded,empty caption from provider
wildfire/The-Wildfire-Dataset/nofire/dillon-austin-xI-57L4_P1U-unsplash.jpg,firebench_q094,caption_failed,empty caption from provider,6,inserted_degraded,empty caption from provider
wildfire/The-Wildfire-Dataset/fire/52530796548_e83fdef4b3_o.jpg,firebench_q093,caption_failed,empty caption from provider,6,inserted_degraded,empty caption from provider
sage/W097/imagesampler-mobotix-2727/sage-imagesampler-mobotix-0.3.7/000048b02dd3c427/1765368015472201598-sample.jpg,firebench_q094,caption_failed,empty caption from provider,6,inserted_degraded,empty caption from provider
sage/W097/imagesampler-mobotix-2727/sage-imagesampler-mobotix-0.3.7/000048b02dd3c427/1765428914248032040-sample.jpg,firebench_q094,caption_failed,empty caption from provider,6,inserted_degraded,empty caption from provider
wildfire/The-Wildfire-Dataset/fire/36610208784_c4cde0d404_o.jpg,firebench_q095,caption_failed,empty caption from provider,6,inserted_degraded,empty caption from provider
wildfire/The-Wildfire-Dataset/nofire/kym-mackinnon-MZEn2BigCaA-unsplash.jpg,firebench_q095,caption_failed,empty caption from provider,6,inserted_degraded,empty caption from provider
wildfire/The-Wildfire-Dataset/nofire/kym-mackinnon-qMH6mosLwJc-unsplash.jpg,firebench_q095,caption_failed,empty caption from provider,6,inserted_degraded,empty caption from provider
wildfire/The-Wildfire-Dataset/nofire/justin-kauffman-AXnzRL3fc44-unsplash (1).jpg,firebench_q094,caption_failed,empty caption from provider,6,inserted_degraded,empty caption from provider
wildfire/The-Wildfire-Dataset/nofire/kym-mackinnon-ECFfcKlXaiA-unsplash.jpg,firebench_q095,caption_failed,empty caption from provider,6,inserted_degraded,empty caption from provider
wildfire/The-Wildfire-Dataset/nofire/nathan-queloz-kVSgiAHSDmw-unsplash.jpg,firebench_q094,caption_failed,empty caption from provider,6,inserted_degraded,empty caption from provider
wildfire/The-Wildfire-Dataset/nofire/52403307048_a7dba6168f_o.jpg,firebench_q095,caption_failed,empty caption from provider,6,inserted_degraded,empty caption from provider
wildfire/The-Wildfire-Dataset/nofire/anjali-mehta-CVWEGj6SDVU-unsplash.jpg,firebench_q095,caption_failed,empty caption from provider,6,inserted_degraded,empty caption from provider
wildfire/The-Wildfire-Dataset/nofire/35940048970_d3324ee10f_o.jpg,firebench_q092,caption_failed,empty caption from provider,6,inserted_degraded,empty caption from provider
wildfire/The-Wildfire-Dataset/nofire/johannes-plenio-a9PDBZO7Ivk-unsplash.jpg,firebench_q094,caption_failed,empty caption from provider,6,inserted_degraded,empty caption from provider
wildfire/The-Wildfire-Dataset/nofire/kym-mackinnon-4ebLGN1H8iQ-unsplash.jpg,firebench_q095,caption_failed,empty caption from provider,6,inserted_degraded,empty caption from provider
wildfire/The-Wildfire-Dataset/nofire/cody-doherty-i2se8qITSWA-unsplash.jpg,firebench_q094,caption_failed,empty caption from provider,6,inserted_degraded,empty caption from provider
wildfire/The-Wildfire-Dataset/nofire/kym-mackinnon-UWjYnPFvGCM-unsplash.jpg,firebench_q095,caption_failed,empty caption from provider,6,inserted_degraded,empty caption from provider
figlib/HPWREN-FIgLib/20190712_RockHouse_wc-e-mobo-c/1562959940_2B00599.jpg,firebench_q095,caption_failed,empty caption from provider,6,inserted_degraded,empty caption from provider
wildfire/The-Wildfire-Dataset/nofire/taneli-lahtinen-FUoyHvCUpGY-unsplash.jpg,firebench_q095,caption_failed,empty caption from provider,6,inserted_degraded,empty caption from provider
wildfire/The-Wildfire-Dataset/nofire/kym-mackinnon-AsCZJR42I24-unsplash.jpg,firebench_q096,caption_failed,empty caption from provider,6,inserted_degraded,empty caption from provider
wildfire/The-Wildfire-Dataset/nofire/tandya-rachmat-wh32vzAZMHo-unsplash.jpg,firebench_q094,caption_failed,empty caption from provider,6,inserted_degraded,empty caption from provider
wildfire/The-Wildfire-Dataset/nofire/kym-mackinnon-3UysRR0fVIk-unsplash.jpg,firebench_q095,caption_failed,empty caption from provider,6,inserted_degraded,empty caption from provider
wildfire/The-Wildfire-Dataset/nofire/casey-horner-dTLj_5Nmhjs-unsplash.jpg,firebench_q094,caption_failed,empty caption from provider,6,inserted_degraded,empty caption from provider
wildfire/The-Wildfire-Dataset/nofire/daniil-silantev-n6to3HSgTXI-unsplash.jpg,firebench_q095,caption_failed,empty caption from provider,6,inserted_degraded,empty caption from provider
wildfire/The-Wildfire-Dataset/nofire/hari-nandakumar-9rr5frs3Dlo-unsplash.jpg,firebench_q095,caption_failed,empty caption from provider,6,inserted_degraded,empty caption from provider
wildfire/The-Wildfire-Dataset/nofire/49628338762_5fc600c4da_o.jpg,firebench_q095,caption_failed,empty caption from provider,6,inserted_degraded,empty caption from provider
wildfire/The-Wildfire-Dataset/nofire/joey-kyber-Qcvjbkw1N0M-unsplash.jpg,firebench_q096,caption_failed,empty caption from provider,6,inserted_degraded,empty caption from provider
wildfire/The-Wildfire-Dataset/nofire/rd-mcclenagan-lTQ3GT-sb9Q-unsplash.jpg,firebench_q095,caption_failed,empty caption from provider,6,inserted_degraded,empty caption from provider
sage/W097/imagesampler-mobotix-2727/sage-imagesampler-mobotix-0.3.7/000048b02dd3c427/1765382993854545466-sample.jpg,firebench_q095,caption_failed,empty caption from provider,6,inserted_degraded,empty caption from provider
wildfire/The-Wildfire-Dataset/nofire/50576699296_2a14c3664a_o.jpg,firebench_q095,caption_failed,empty caption from provider,6,inserted_degraded,empty caption from provider
wildfire/The-Wildfire-Dataset/nofire/nate-johnston-seLQo3j7Xu4-unsplash.jpg,firebench_q094,caption_failed,empty caption from provider,6,inserted_degraded,empty caption from provider
wildfire/The-Wildfire-Dataset/nofire/tandem-x-visuals-ebd1rqRbV40-unsplash.jpg,firebench_q095,caption_failed,empty caption from provider,6,inserted_degraded,empty caption from provider
wildfire/The-Wildfire-Dataset/fire/32894104394_bfe4bf3c79_o.jpg,firebench_q095,caption_failed,empty caption from provider,6,inserted_degraded,empty caption from provider
wildfire/The-Wildfire-Dataset/nofire/adam-wilson-stTnQThfQ_g-unsplash.jpg,firebench_q095,caption_failed,empty caption from provider,6,inserted_degraded,empty caption from provider
wildfire/The-Wildfire-Dataset/fire/27539093561_c89709c6c0_o.jpg,firebench_q095,caption_failed,empty caption from provider,6,inserted_degraded,empty caption from provider
wildfire/The-Wildfire-Dataset/nofire/jamie-street-Fu6xQ7dQQms-unsplash.jpg,firebench_q096,caption_failed,empty caption from provider,6,inserted_degraded,empty caption from provider
wildfire/The-Wildfire-Dataset/nofire/marek-piwnicki-py3GLPFvmpg-unsplash.jpg,firebench_q096,caption_failed,empty caption from provider,6,inserted_degraded,empty caption from provider
wildfire/The-Wildfire-Dataset/fire/27978266643_95de6efafa_o.jpg,firebench_q095,caption_failed,empty caption from provider,6,inserted_degraded,empty caption from provider
wildfire/The-Wildfire-Dataset/nofire/51685365993_4961a37b68_o.jpg,firebench_q095,caption_failed,empty caption from provider,6,inserted_degraded,empty caption from provider
wildfire/The-Wildfire-Dataset/nofire/marek-piwnicki-dtEOybOiLFk-unsplash.jpg,firebench_q096,caption_failed,empty caption from provider,6,inserted_degraded,empty caption from provider
wildfire/The-Wildfire-Dataset/nofire/brendan-beale-YJsw2TfZ_F4-unsplash.jpg,firebench_q094,caption_failed,empty caption from provider,6,inserted_degraded,empty caption from provider
wildfire/The-Wildfire-Dataset/nofire/marek-piwnicki-nxL_enz7A1A-unsplash.jpg,firebench_q096,caption_failed,empty caption from provider,6,inserted_degraded,empty caption from provider
wildfire/The-Wildfire-Dataset/nofire/ricardo-gomez-angel-dbu1zrkZZuo-unsplash.jpg,firebench_q096,caption_failed,empty caption from provider,6,inserted_degraded,empty caption from provider
wildfire/The-Wildfire-Dataset/nofire/will-swann-3VdXaG9lvqc-unsplash.jpg,firebench_q095,caption_failed,empty caption from provider,6,inserted_degraded,empty caption from provider
wildfire/The-Wildfire-Dataset/nofire/kym-mackinnon-RoUhvO7lHg4-unsplash.jpg,firebench_q096,caption_failed,empty caption from provider,6,inserted_degraded,empty caption from provider
figlib/HPWREN-FIgLib/20200727_Border11Fire_om-e-mobo-c/1595907037_2B00300.jpg,firebench_q096,caption_failed,empty caption from provider,6,inserted_degraded,empty caption from provider
wildfire/The-Wildfire-Dataset/nofire/vangelis-batsikostas-BETurN_ZZPs-unsplash.jpg,firebench_q096,caption_failed,empty caption from provider,6,inserted_degraded,empty caption from provider
wildfire/The-Wildfire-Dataset/nofire/daniel-olah-ZbEURDlbE6o-unsplash.jpg,firebench_q095,caption_failed,empty caption from provider,6,inserted_degraded,empty caption from provider
wildfire/The-Wildfire-Dataset/nofire/38366811414_25cefcff6b_o.jpg,firebench_q096,caption_failed,empty caption from provider,6,inserted_degraded,empty caption from provider
wildfire/The-Wildfire-Dataset/nofire/lou-levit-0lHIMPhRtN8-unsplash.jpg,firebench_q096,caption_failed,empty caption from provider,6,inserted_degraded,empty caption from provider
figlib/HPWREN-FIgLib/20201105_Roundfire_lp-s-mobo-c/1604614205_-00600.jpg,firebench_q096,caption_failed,empty caption from provider,6,inserted_degraded,empty caption from provider
wildfire/The-Wildfire-Dataset/nofire/cristian-castillo-D4yjy4ZsJck-unsplash.jpg,firebench_q095,caption_failed,empty caption from provider,6,inserted_degraded,empty caption from provider
figlib/HPWREN-FIgLib/20251009_RanchoFire_bm-s-mobo-c/1760039419_-00959.jpg,firebench_q096,caption_failed,empty caption from provider,6,inserted_degraded,empty caption from provider
figlib/HPWREN-FIgLib/20250823_Clubfire_starr-n-mobo-m/1755963455_-01380.jpg,firebench_q096,caption_failed,empty caption from provider,6,inserted_degraded,empty caption from provider
wildfire/The-Wildfire-Dataset/nofire/kym-mackinnon-oegVwnc5YFA-unsplash.jpg,firebench_q096,caption_failed,empty caption from provider,6,inserted_degraded,empty caption from provider
figlib/HPWREN-FIgLib/20200828_BorderFire_om-w-mobo-c/1598628821_-00500.jpg,firebench_q096,caption_failed,empty caption from provider,6,inserted_degraded,empty caption from provider
figlib/HPWREN-FIgLib/20200828_BorderFire_om-w-mobo-c/1598628581_-00740.jpg,firebench_q096,caption_failed,empty caption from provider,6,inserted_degraded,empty caption from provider
sage/W097/imagesampler-bottom-2726/sage-imagesampler-bottom-0.3.7/000048b02dd3c427/1765357804953550058-sample.jpg,firebench_q096,caption_failed,empty caption from provider,6,inserted_degraded,empty caption from provider
wildfire/The-Wildfire-Dataset/nofire/leslie-cross-hO9CKGCnB-M-unsplash.jpg,firebench_q096,caption_failed,empty caption from provider,6,inserted_degraded,empty caption from provider
figlib/HPWREN-FIgLib/20200828_BorderFire_sm-s-mobo-c/1598628091_-01080.jpg,firebench_q096,caption_failed,empty caption from provider,6,inserted_degraded,empty caption from provider
wildfire/The-Wildfire-Dataset/nofire/nadiia-ploshchenko-0mjWYcMPPNU-unsplash.jpg,firebench_q096,caption_failed,empty caption from provider,6,inserted_degraded,empty caption from provider
wildfire/The-Wildfire-Dataset/nofire/lucas-ludwig-SRdFJC0Xblc-unsplash.jpg,firebench_q095,caption_failed,empty caption from provider,6,inserted_degraded,empty caption from provider
wildfire/The-Wildfire-Dataset/nofire/single-earth-FaMAJOWxSZc-unsplash.jpg,firebench_q095,caption_failed,empty caption from provider,6,inserted_degraded,empty caption from provider
wildfire/The-Wildfire-Dataset/nofire/timothy-l-brock-UQiBY1yu8U0-unsplash.jpg,firebench_q096,caption_failed,empty caption from provider,6,inserted_degraded,empty caption from provider
wildfire/The-Wildfire-Dataset/nofire/nathan-anderson-PBRkqx-r6_c-unsplash.jpg,firebench_q097,caption_failed,empty caption from provider,6,inserted_degraded,empty caption from provider
wildfire/The-Wildfire-Dataset/nofire/artem-sapegin-GP3EdRRvu2Q-unsplash.jpg,firebench_q096,caption_failed,empty caption from provider,6,inserted_degraded,empty caption from provider
wildfire/The-Wildfire-Dataset/nofire/craig-bradford-9bUkEBeXUUQ-unsplash.jpg,firebench_q097,caption_failed,empty caption from provider,6,inserted_degraded,empty caption from provider
wildfire/The-Wildfire-Dataset/fire/51248360089_e7ea1fac21_o.jpg,firebench_q095,caption_failed,empty caption from provider,6,inserted_degraded,empty caption from provider
wildfire/The-Wildfire-Dataset/nofire/52293279724_c5250f6aa9_o.png,firebench_q094,hard_fail,process_item returned None,6,abandoned,process_item returned None
wildfire/The-Wildfire-Dataset/nofire/lorenzo-spoleti-FXEWwXMCq3I-unsplash.jpg,firebench_q096,caption_failed,empty caption from provider,6,inserted_degraded,empty caption from provider
wildfire/The-Wildfire-Dataset/nofire/23862743953_9107eb402a_o.png,firebench_q095,caption_failed,empty caption from provider,6,abandoned,empty caption from provider
wildfire/The-Wildfire-Dataset/nofire/aaron-burden-UF0WlFvPvrk-unsplash.jpg,firebench_q097,caption_failed,empty caption from provider,6,inserted_degraded,empty caption from provider
wildfire/The-Wildfire-Dataset/nofire/wolfgang-hasselmann-S0XT-3Wuzj8-unsplash.jpg,firebench_q096,caption_failed,empty caption from provider,6,inserted_degraded,empty caption from provider
sage/W097/imagesampler-mobotix-2727/sage-imagesampler-mobotix-0.3.7/000048b02dd3c427/1765403853834860836-sample.jpg,firebench_q096,caption_failed,empty caption from provider,6,inserted_degraded,empty caption from provider
wildfire/The-Wildfire-Dataset/nofire/husen-siraaj-3fucumsUI68-unsplash.jpg,firebench_q097,caption_failed,empty caption from provider,6,inserted_degraded,empty caption from provider
wildfire/The-Wildfire-Dataset/nofire/casey-horner-RakULpn7Vns-unsplash.jpg,firebench_q096,caption_failed,empty caption from provider,6,inserted_degraded,empty caption from provider
wildfire/The-Wildfire-Dataset/nofire/keagan-henman-wsFzXgWMlLA-unsplash.jpg,firebench_q097,caption_failed,empty caption from provider,6,inserted_degraded,empty caption from provider
wildfire/The-Wildfire-Dataset/nofire/50409277767_1aab46e387_o.jpg,firebench_q097,caption_failed,empty caption from provider,6,inserted_degraded,empty caption from provider
wildfire/The-Wildfire-Dataset/nofire/honza-reznik-lScQonfzQ1s-unsplash.jpg,firebench_q097,caption_failed,empty caption from provider,6,inserted_degraded,empty caption from provider
wildfire/The-Wildfire-Dataset/nofire/benjamin-voros-t-3f5RS-JGI-unsplash.jpg,firebench_q097,caption_failed,empty caption from provider,6,inserted_degraded,empty caption from provider
wildfire/The-Wildfire-Dataset/nofire/keagan-henman-N8zMX_2MKJk-unsplash.jpg,firebench_q097,caption_failed,empty caption from provider,6,inserted_degraded,empty caption from provider
wildfire/The-Wildfire-Dataset/nofire/kurt-van-krieken-VKrrZKWKYAo-unsplash.jpg,firebench_q096,caption_failed,empty caption from provider,6,inserted_degraded,empty caption from provider
wildfire/The-Wildfire-Dataset/nofire/peter-vanosdall-ktpyjH2h9xs-unsplash.jpg,firebench_q096,caption_failed,empty caption from provider,6,inserted_degraded,empty caption from provider
wildfire/The-Wildfire-Dataset/nofire/keagan-henman-wyoPyihLCug-unsplash.jpg,firebench_q097,caption_failed,empty caption from provider,6,inserted_degraded,empty caption from provider
wildfire/The-Wildfire-Dataset/nofire/olena-sergienko-zp1Rq3OkVpM-unsplash.jpg,firebench_q097,caption_failed,empty caption from provider,6,inserted_degraded,empty caption from provider
wildfire/The-Wildfire-Dataset/nofire/ruben-marques-DUxJSaANcWs-unsplash.jpg,firebench_q096,caption_failed,empty caption from provider,6,inserted_degraded,empty caption from provider
wildfire/The-Wildfire-Dataset/nofire/ricardo-gomez-angel-j4YcBgiBJxY-unsplash.jpg,firebench_q096,caption_failed,empty caption from provider,6,inserted_degraded,empty caption from provider
wildfire/The-Wildfire-Dataset/nofire/jonas-denil-Ht6kCAcD-1Y-unsplash.jpg,firebench_q097,caption_failed,empty caption from provider,6,inserted_degraded,empty caption from provider
wildfire/The-Wildfire-Dataset/nofire/52357670897_5e4bd8fa2f_o.jpg,firebench_q097,caption_failed,empty caption from provider,6,inserted_degraded,empty caption from provider
wildfire/The-Wildfire-Dataset/nofire/lennart-heim-ldz-H1VyrEo-unsplash.jpg,firebench_q097,caption_failed,empty caption from provider,6,inserted_degraded,empty caption from provider
wildfire/The-Wildfire-Dataset/nofire/52451082862_018b9aaa9e_o.jpg,firebench_q097,caption_failed,empty caption from provider,6,inserted_degraded,empty caption from provider
wildfire/The-Wildfire-Dataset/nofire/silas-baisch-rf5R1qXwlDU-unsplash.jpg,firebench_q097,caption_failed,empty caption from provider,6,inserted_degraded,empty caption from provider
wildfire/The-Wildfire-Dataset/nofire/dylan-taylor-zMHCC6BQJFU-unsplash.jpg,firebench_q096,caption_failed,empty caption from provider,6,inserted_degraded,empty caption from provider
wildfire/The-Wildfire-Dataset/nofire/52359027885_6e6d8fa484_o.jpg,firebench_q097,caption_failed,empty caption from provider,6,inserted_degraded,empty caption from provider
wildfire/The-Wildfire-Dataset/fire/43188992025_7a89e96477_o.jpg,firebench_q096,caption_failed,empty caption from provider,6,inserted_degraded,empty caption from provider
wildfire/The-Wildfire-Dataset/nofire/52938755866_fc0a5ae872_o.jpg,firebench_q097,caption_failed,empty caption from provider,6,inserted_degraded,empty caption from provider
wildfire/The-Wildfire-Dataset/nofire/erik-odiin-yblSCZMxzD4-unsplash.jpg,firebench_q097,caption_failed,empty caption from provider,6,inserted_degraded,empty caption from provider
wildfire/The-Wildfire-Dataset/nofire/pat-whelen-Apd0_ovpGE0-unsplash.jpg,firebench_q097,caption_failed,empty caption from provider,6,inserted_degraded,empty caption from provider
wildfire/The-Wildfire-Dataset/nofire/cole-freeman-BeAiBhYTvLg-unsplash.jpg,firebench_q097,caption_failed,empty caption from provider,6,inserted_degraded,empty caption from provider
figlib/HPWREN-FIgLib/20250709_SteeleFire_sm-n-mobo-c/1752095542_2B01140.jpg,firebench_q097,caption_failed,empty caption from provider,6,inserted_degraded,empty caption from provider
wildfire/The-Wildfire-Dataset/nofire/52452307498_5217d473e9_o.jpg,firebench_q097,caption_failed,empty caption from provider,6,inserted_degraded,empty caption from provider
wildfire/The-Wildfire-Dataset/fire/51182603157_bd5b0a1f46_o.jpg,firebench_q095,caption_failed,empty caption from provider,6,inserted_degraded,empty caption from provider
figlib/HPWREN-FIgLib/20170613_FIRE_bh-w-mobo-c/1497386116_2B01020.jpg,firebench_q098,caption_failed,empty caption from provider,6,inserted_degraded,empty caption from provider
figlib/HPWREN-FIgLib/20180813_FIRE_mg-w-mobo-c/1534196080_-01320.jpg,firebench_q098,caption_failed,empty caption from provider,6,inserted_degraded,empty caption from provider
wildfire/The-Wildfire-Dataset/nofire/pawan-thapa-qEJRVTbDpTQ-unsplash.jpg,firebench_q096,caption_failed,empty caption from provider,6,inserted_degraded,empty caption from provider
sage/W097/imagesampler-mobotix-2727/sage-imagesampler-mobotix-0.3.7/000048b02dd3c427/1765375225220595326-sample.jpg,firebench_q097,caption_failed,empty caption from provider,6,inserted_degraded,empty caption from provider
wildfire/The-Wildfire-Dataset/nofire/daniel-frank-LIHiWVXaUyM-unsplash.jpg,firebench_q097,caption_failed,empty caption from provider,6,inserted_degraded,empty caption from provider
wildfire/The-Wildfire-Dataset/nofire/kristaps-ungurs-1q54ClpzDBE-unsplash.jpg,firebench_q097,caption_failed,empty caption from provider,6,inserted_degraded,empty caption from provider
figlib/HPWREN-FIgLib/20191005_FIRE_vo-n-mobo-c/1570307561_-02340.jpg,firebench_q098,caption_failed,empty caption from provider,6,inserted_degraded,empty caption from provider
figlib/HPWREN-FIgLib/20191005_FIRE_vo-n-mobo-c/1570309781_-00120.jpg,firebench_q098,caption_failed,empty caption from provider,6,inserted_degraded,empty caption from provider
wildfire/The-Wildfire-Dataset/nofire/52451074762_afc058d6ea_o.jpg,firebench_q097,caption_failed,empty caption from provider,6,inserted_degraded,empty caption from provider
wildfire/The-Wildfire-Dataset/nofire/danilo-capece-R6Svc7JWhIo-unsplash.jpg,firebench_q097,caption_failed,empty caption from provider,6,inserted_degraded,empty caption from provider
figlib/HPWREN-FIgLib/20190716_FIRE_mg-n-mobo-c/1563305494_-01920.jpg,firebench_q098,caption_failed,empty caption from provider,6,inserted_degraded,empty caption from provider
figlib/HPWREN-FIgLib/20191005_FIRE_vo-n-mobo-c/1570311941_2B02040.jpg,firebench_q098,caption_failed,empty caption from provider,6,inserted_degraded,empty caption from provider
figlib/HPWREN-FIgLib/20240909_BridgeFire_marconi-n-mobo-c/1725915698_2B02340.jpg,firebench_q097,caption_failed,empty caption from provider,6,inserted_degraded,empty caption from provider
figlib/HPWREN-FIgLib/20180720_Cinnamon_wc-e-mobo-c/1532116340_-00900.jpg,firebench_q098,caption_failed,empty caption from provider,6,inserted_degraded,empty caption from provider
sage/W097/imagesampler-mobotix-2727/sage-imagesampler-mobotix-0.3.7/000048b02dd3c427/1765346594828362288-sample.jpg,firebench_q097,caption_failed,empty caption from provider,6,inserted_degraded,empty caption from provider
figlib/HPWREN-FIgLib/20251102_ScissorsFire_vo-e-mobo-m/1762119890_-02400.jpg,firebench_q098,caption_failed,empty caption from provider,6,inserted_degraded,empty caption from provider
figlib/HPWREN-FIgLib/20190716_FIRE_mg-n-mobo-c/1563307534_2B00120.jpg,firebench_q098,caption_failed,empty caption from provider,6,inserted_degraded,empty caption from provider
figlib/HPWREN-FIgLib/20180806_FIRE_vo-w-mobo-c/1533576047_-00420.jpg,firebench_q098,caption_failed,empty caption from provider,6,inserted_degraded,empty caption from provider
figlib/HPWREN-FIgLib/20180727_FIRE_mg-w-mobo-c/1532724280_2B00120.jpg,firebench_q098,caption_failed,empty caption from provider,6,inserted_degraded,empty caption from provider
figlib/HPWREN-FIgLib/20241108_ResortFire_mg-n-mobo-c/1731107266_-01980.jpg,firebench_q098,caption_failed,empty caption from provider,6,inserted_degraded,empty caption from provider
figlib/HPWREN-FIgLib/20240828_KeysFire_bh-w-mobo-c/1724876291_-02280.jpg,firebench_q098,caption_failed,empty caption from provider,6,inserted_degraded,empty caption from provider
figlib/HPWREN-FIgLib/20171026_FIRE_rm-n-mobo-c/1509045240_-00960.jpg,firebench_q098,caption_failed,empty caption from provider,6,inserted_degraded,empty caption from provider
wildfire/The-Wildfire-Dataset/nofire/nathan-anderson-1z6Soz2c61E-unsplash.jpg,firebench_q097,caption_failed,empty caption from provider,6,inserted_degraded,empty caption from provider
sage/W097/imagesampler-mobotix-2727/sage-imagesampler-mobotix-0.3.7/000048b02dd3c427/1765358214852723847-sample.jpg,firebench_q097,caption_failed,empty caption from provider,6,inserted_degraded,empty caption from provider
figlib/HPWREN-FIgLib/20170711_FIRE_bl-e-mobo-c/1499804751_-01380.jpg,firebench_q098,caption_failed,empty caption from provider,6,inserted_degraded,empty caption from provider
figlib/HPWREN-FIgLib/20180504_FIRE_bh-n-mobo-c/1525470970_2B00540.jpg,firebench_q098,caption_failed,empty caption from provider,6,inserted_degraded,empty caption from provider
wildfire/The-Wildfire-Dataset/fire/51184375575_e852de66c1_o.jpg,firebench_q095,caption_failed,empty caption from provider,6,inserted_degraded,empty caption from provider
wildfire/The-Wildfire-Dataset/nofire/pat-whelen-RgRbnwcvhDo-unsplash.jpg,firebench_q098,caption_failed,empty caption from provider,6,inserted_degraded,empty caption from provider
figlib/HPWREN-FIgLib/20171010_FIRE_hp-w-mobo-c/1507670371_-02100.jpg,firebench_q098,caption_failed,empty caption from provider,6,inserted_degraded,empty caption from provider
figlib/HPWREN-FIgLib/20180806_FIRE_vo-w-mobo-c/1533574187_-02280.jpg,firebench_q098,caption_failed,empty caption from provider,6,inserted_degraded,empty caption from provider
figlib/HPWREN-FIgLib/20180813_FIRE_mg-w-mobo-c/1534195480_-01920.jpg,firebench_q098,caption_failed,empty caption from provider,6,inserted_degraded,empty caption from provider
figlib/HPWREN-FIgLib/20161113_FIRE_bm-n-mobo-c/1479064953_-01980.jpg,firebench_q098,caption_failed,empty caption from provider,6,inserted_degraded,empty caption from provider
figlib/HPWREN-FIgLib/20190620_FIRE_smer-tcs9-mobo-c/1561065357_-00240.jpg,firebench_q098,caption_failed,empty caption from provider,6,inserted_degraded,empty caption from provider
figlib/HPWREN-FIgLib/20180727_FIRE_mg-w-mobo-c/1532722540_-01620.jpg,firebench_q098,caption_failed,empty caption from provider,6,inserted_degraded,empty caption from provider
wildfire/The-Wildfire-Dataset/nofire/tandya-rachmat-wh32vzAZMHo-unsplash.jpg,firebench_q097,caption_failed,empty caption from provider,6,inserted_degraded,empty caption from provider
figlib/HPWREN-FIgLib/20240903_NavajoFire_cp-n-mobo-c/1725407730_-01560.jpg,firebench_q098,caption_failed,empty caption from provider,6,inserted_degraded,empty caption from provider
wildfire/The-Wildfire-Dataset/nofire/42396555205_6e91e7a730_o.jpg,firebench_q097,caption_failed,empty caption from provider,6,inserted_degraded,empty caption from provider
figlib/HPWREN-FIgLib/20180727_FIRE_mg-w-mobo-c/1532722480_-01680.jpg,firebench_q098,caption_failed,empty caption from provider,6,inserted_degraded,empty caption from provider
figlib/HPWREN-FIgLib/20250520_CrossingFire_hp-n-mobo-c/1747773454_2B00179.jpg,firebench_q098,caption_failed,empty caption from provider,6,inserted_degraded,empty caption from provider
wildfire/The-Wildfire-Dataset/fire/11875858055_b291d73a36_o.jpg,firebench_q098,caption_failed,empty caption from provider,6,inserted_degraded,empty caption from provider
wildfire/The-Wildfire-Dataset/nofire/kristaps-ungurs-Muamasw0mz8-unsplash.jpg,firebench_q097,caption_failed,empty caption from provider,6,inserted_degraded,empty caption from provider
figlib/HPWREN-FIgLib/20250914_HenshawFire_mg-n-mobo-c/1757891563_2B02339.jpg,firebench_q098,caption_failed,empty caption from provider,6,inserted_degraded,empty caption from provider
figlib/HPWREN-FIgLib/20200727_Border11Fire_om-e-mobo-c/1595907217_2B00480.jpg,firebench_q099,caption_failed,empty caption from provider,6,inserted_degraded,empty caption from provider
figlib/HPWREN-FIgLib/20240908_RiceFire_rm-e-mobo-c/1725848286_-00360.jpg,firebench_q099,caption_failed,empty caption from provider,6,inserted_degraded,empty caption from provider
wildfire/The-Wildfire-Dataset/nofire/bobby-stevenson-Bi8vaFCoaNM-unsplash.jpg,firebench_q097,caption_failed,empty caption from provider,6,inserted_degraded,empty caption from provider
sage/W097/imagesampler-mobotix-2727/sage-imagesampler-mobotix-0.3.7/000048b02dd3c427/1765376764212872099-sample.jpg,firebench_q098,caption_failed,empty caption from provider,6,inserted_degraded,empty caption from provider
wildfire/The-Wildfire-Dataset/fire/52530727340_ed07f21da3_o.jpg,firebench_q098,caption_failed,empty caption from provider,6,inserted_degraded,empty caption from provider
wildfire/The-Wildfire-Dataset/fire/9570771389_92a0929ef1_o.jpg,firebench_q098,caption_failed,empty caption from provider,6,inserted_degraded,empty caption from provider
wildfire/The-Wildfire-Dataset/nofire/johannes-plenio-3oxEuUtXCwQ-unsplash.jpg,firebench_q099,caption_failed,empty caption from provider,6,inserted_degraded,empty caption from provider
figlib/HPWREN-FIgLib/20200727_Border11Fire_om-e-mobo-c/1595907037_2B00300.jpg,firebench_q099,caption_failed,empty caption from provider,6,inserted_degraded,empty caption from provider
wildfire/The-Wildfire-Dataset/nofire/noah-angelo-BNK525WM4BA-unsplash.jpg,firebench_q099,caption_failed,empty caption from provider,6,inserted_degraded,empty caption from provider
wildfire/The-Wildfire-Dataset/nofire/jamie-street-Fu6xQ7dQQms-unsplash.jpg,firebench_q099,caption_failed,empty caption from provider,6,inserted_degraded,empty caption from provider
figlib/HPWREN-FIgLib/20241021_PalomarRidge_hp-s-mobo-c/1729516113_2B00178.jpg,firebench_q099,caption_failed,empty caption from provider,6,inserted_degraded,empty caption from provider
wildfire/The-Wildfire-Dataset/nofire/52998989513_61a0e7a756_o.jpg,firebench_q099,caption_failed,empty caption from provider,6,inserted_degraded,empty caption from provider
wildfire/The-Wildfire-Dataset/nofire/kristaps-ungurs-bqRUmr144Rc-unsplash.jpg,firebench_q097,caption_failed,empty caption from provider,6,inserted_degraded,empty caption from provider
wildfire/The-Wildfire-Dataset/nofire/pramod-tiwari--uVQYYD5qco-unsplash.jpg,firebench_q099,caption_failed,empty caption from provider,6,inserted_degraded,empty caption from provider
figlib/HPWREN-FIgLib/20200806_BorderFire_lp-s-mobo-c/1596728945_-00420.jpg,firebench_q099,caption_failed,empty caption from provider,6,inserted_degraded,empty caption from provider
wildfire/The-Wildfire-Dataset/nofire/sean-foster-ZK6C4EziOFQ-unsplash.jpg,firebench_q098,caption_failed,empty caption from provider,6,inserted_degraded,empty caption from provider
figlib/HPWREN-FIgLib/20200601_WILDLAND-DRILLS_om-e-mobo-c/1591045477_2B00720.jpg,firebench_q099,caption_failed,empty caption from provider,6,inserted_degraded,empty caption from provider
wildfire/The-Wildfire-Dataset/nofire/marek-piwnicki-py3GLPFvmpg-unsplash.jpg,firebench_q099,caption_failed,empty caption from provider,6,inserted_degraded,empty caption from provider
figlib/HPWREN-FIgLib/20190814_Border_lp-s-mobo/1565819045_-00840.jpg,firebench_q099,caption_failed,empty caption from provider,6,inserted_degraded,empty caption from provider
figlib/HPWREN-FIgLib/20250724_PostaFire_mlo-s-mobo-c/1753383347_2B00120.jpg,firebench_q100,caption_failed,empty caption from provider,6,inserted_degraded,empty caption from provider
wildfire/The-Wildfire-Dataset/nofire/rifqi-ali-ridho-OHLcCYqvRNY-unsplash.jpg,firebench_q097,caption_failed,empty caption from provider,6,inserted_degraded,empty caption from provider
wildfire/The-Wildfire-Dataset/nofire/kym-mackinnon-Cw-pbtoAYn4-unsplash.jpg,firebench_q099,caption_failed,empty caption from provider,6,inserted_degraded,empty caption from provider
wildfire/The-Wildfire-Dataset/nofire/marek-piwnicki-z28tlg9IBDY-unsplash.jpg,firebench_q098,caption_failed,empty caption from provider,6,inserted_degraded,empty caption from provider
sage/W097/imagesampler-mobotix-2727/sage-imagesampler-mobotix-0.3.7/000048b02dd3c427/1765393354624800878-sample.jpg,firebench_q099,caption_failed,empty caption from provider,6,inserted_degraded,empty caption from provider
wildfire/The-Wildfire-Dataset/nofire/24830440510_98c034d1de_o.jpg,firebench_q098,caption_failed,empty caption from provider,6,inserted_degraded,empty caption from provider
figlib/HPWREN-FIgLib/20200306_FIRE_mlo-n-mobo-c/1583515939_2B00060.jpg,firebench_q100,caption_failed,empty caption from provider,6,inserted_degraded,empty caption from provider
wildfire/The-Wildfire-Dataset/nofire/tomasz-smal-pkbT-xAbUSE-unsplash.jpg,firebench_q097,caption_failed,empty caption from provider,6,inserted_degraded,empty caption from provider
figlib/HPWREN-FIgLib/20200601_WILDLAND-DRILLS_mlo-e-mobo-c/1591046001_2B01260.jpg,firebench_q100,caption_failed,empty caption from provider,6,inserted_degraded,empty caption from provider
wildfire/The-Wildfire-Dataset/nofire/casey-horner-RakULpn7Vns-unsplash.jpg,firebench_q099,caption_failed,empty caption from provider,6,inserted_degraded,empty caption from provider
wildfire/The-Wildfire-Dataset/nofire/37004300956_86138eef61_o.jpg,firebench_q099,caption_failed,empty caption from provider,6,inserted_degraded,empty caption from provider
figlib/HPWREN-FIgLib/20180806_FIRE_vo-w-mobo-c/1533576047_-00420.jpg,firebench_q100,caption_failed,empty caption from provider,6,inserted_degraded,empty caption from provider
figlib/HPWREN-FIgLib/20200601_WILDLAND-DRILLS_mlo-e-mobo-c/1591046121_2B01380.jpg,firebench_q100,caption_failed,empty caption from provider,6,inserted_degraded,empty caption from provider
wildfire/The-Wildfire-Dataset/nofire/sante-capobianco-kcKJodlQSxg-unsplash.jpg,firebench_q099,caption_failed,empty caption from provider,6,inserted_degraded,empty caption from provider
figlib/HPWREN-FIgLib/20240902_GabrielFire_wilson-e-mobo-c/1725316912_-00121.jpg,firebench_q100,caption_failed,empty caption from provider,6,inserted_degraded,empty caption from provider
wildfire/The-Wildfire-Dataset/nofire/johannes-plenio-GNYdKN-zjlg-unsplash.jpg,firebench_q099,caption_failed,empty caption from provider,6,inserted_degraded,empty caption from provider
wildfire/The-Wildfire-Dataset/nofire/michael-benz--IZ2sgQKIhM-unsplash.jpg,firebench_q100,caption_failed,empty caption from provider,6,inserted_degraded,empty caption from provider
wildfire/The-Wildfire-Dataset/nofire/lorenzo-spoleti-FXEWwXMCq3I-unsplash.jpg,firebench_q099,caption_failed,empty caption from provider,6,inserted_degraded,empty caption from provider
figlib/HPWREN-FIgLib/20210110_Borderfire_lp-s-mobo-c/1610304725_-00361.jpg,firebench_q100,caption_failed,empty caption from provider,6,inserted_degraded,empty caption from provider
figlib/HPWREN-FIgLib/20200601_WILDLAND-DRILLS_mlo-e-mobo-c/1591042581_-02160.jpg,firebench_q100,caption_failed,empty caption from provider,6,inserted_degraded,empty caption from provider
figlib/HPWREN-FIgLib/20170821_FIRE_lo-s-mobo-c/1503349403_-00600.jpg,firebench_q100,caption_failed,empty caption from provider,6,inserted_degraded,empty caption from provider
figlib/HPWREN-FIgLib/20170826_FIRE_tp-s-mobo-c/1503771733_-01200.jpg,firebench_q100,caption_failed,empty caption from provider,6,inserted_degraded,empty caption from provider
figlib/HPWREN-FIgLib/20191006_FIRE_lo-w-mobo-c/1570386445_2B02160.jpg,firebench_q100,caption_failed,empty caption from provider,6,inserted_degraded,empty caption from provider
figlib/HPWREN-FIgLib/20200829_inside-Mexico_mlo-s-mobo-c/1598722283_-01200.jpg,firebench_q100,caption_failed,empty caption from provider,6,inserted_degraded,empty caption from provider
wildfire/The-Wildfire-Dataset/nofire/52293279724_c5250f6aa9_o.png,firebench_q097,hard_fail,process_item returned None,6,abandoned,process_item returned None
figlib/HPWREN-FIgLib/20250724_PostaFire_mlo-s-mobo-c/1753383948_2B00721.jpg,firebench_q100,caption_failed,empty caption from provider,6,inserted_degraded,empty caption from provider
wildfire/The-Wildfire-Dataset/nofire/nadiia-ploshchenko-0mjWYcMPPNU-unsplash.jpg,firebench_q099,caption_failed,empty caption from provider,6,inserted_degraded,empty caption from provider
figlib/HPWREN-FIgLib/20251102_ScissorsFire_vo-e-mobo-m/1762119890_-02400.jpg,firebench_q100,caption_failed,empty caption from provider,6,inserted_degraded,empty caption from provider
figlib/HPWREN-FIgLib/20190716_FIRE_mg-n-mobo-c/1563305494_-01920.jpg,firebench_q100,caption_failed,empty caption from provider,6,inserted_degraded,empty caption from provider
figlib/HPWREN-FIgLib/20180727_FIRE_mg-w-mobo-c/1532722480_-01680.jpg,firebench_q100,caption_failed,empty caption from provider,6,inserted_degraded,empty caption from provider
wildfire/The-Wildfire-Dataset/nofire/francesco-ungaro-m1DjXxqwgMY-unsplash.jpg,firebench_q100,caption_failed,empty caption from provider,6,inserted_degraded,empty caption from provider
figlib/HPWREN-FIgLib/20241108_ResortFire_mg-n-mobo-c/1731108345_-00901.jpg,firebench_q100,caption_failed,empty caption from provider,6,inserted_degraded,empty caption from provider
wildfire/The-Wildfire-Dataset/fire/34658106483_c0ed99d215_o.jpg,firebench_q100,caption_failed,empty caption from provider,6,inserted_degraded,empty caption from provider
figlib/HPWREN-FIgLib/20250914_HenshawFire_mg-n-mobo-c/1757887483_-01741.jpg,firebench_q100,caption_failed,empty caption from provider,6,inserted_degraded,empty caption from provider
wildfire/The-Wildfire-Dataset/nofire/jimena-egger-iYmdySHXNUI-unsplash.jpg,firebench_q099,caption_failed,empty caption from provider,6,inserted_degraded,empty caption from provider
wildfire/The-Wildfire-Dataset/nofire/brendan-beale-YJsw2TfZ_F4-unsplash.jpg,firebench_q097,caption_failed,empty caption from provider,6,inserted_degraded,empty caption from provider
wildfire/The-Wildfire-Dataset/fire/52530684530_26c6809974_o.jpg,firebench_q100,caption_failed,empty caption from provider,6,inserted_degraded,empty caption from provider
wildfire/The-Wildfire-Dataset/nofire/nicolas-hippert-4doZmorf3IE-unsplash.jpg,firebench_q100,caption_failed,empty caption from provider,6,inserted_degraded,empty caption from provider
wildfire/The-Wildfire-Dataset/fire/sippakorn-yamkasikorn-nVYEechGqqM-unsplash.jpg,firebench_q098,caption_failed,empty caption from provider,6,inserted_degraded,empty caption from provider
wildfire/The-Wildfire-Dataset/nofire/marek-piwnicki-hs0gHvNnsm4-unsplash.jpg,firebench_q099,caption_failed,empty caption from provider,6,inserted_degraded,empty caption from provider
wildfire/The-Wildfire-Dataset/nofire/marek-piwnicki-aDAivSo7IgM-unsplash.jpg,firebench_q100,caption_failed,empty caption from provider,6,inserted_degraded,empty caption from provider
wildfire/The-Wildfire-Dataset/nofire/vitaly-sacred-giho2M2QXQQ-unsplash.jpg,firebench_q100,caption_failed,empty caption from provider,6,inserted_degraded,empty caption from provider
wildfire/The-Wildfire-Dataset/nofire/casey-horner-20VGfqwDeEQ-unsplash.jpg,firebench_q099,caption_failed,empty caption from provider,6,inserted_degraded,empty caption from provider
wildfire/The-Wildfire-Dataset/nofire/52293279724_c5250f6aa9_o.png,firebench_q099,hard_fail,process_item returned None,6,abandoned,process_item returned None
wildfire/The-Wildfire-Dataset/nofire/levi-bare-sxZ4wOoQ2io-unsplash.jpg,firebench_q100,caption_failed,empty caption from provider,6,inserted_degraded,empty caption from provider
wildfire/The-Wildfire-Dataset/nofire/futc-WnEYElZDaDE-unsplash.jpg,firebench_q100,caption_failed,empty caption from provider,6,inserted_degraded,empty caption from provider
wildfire/The-Wildfire-Dataset/nofire/thomas-haas-BFyhlZYMd0Y-unsplash.jpg,firebench_q100,caption_failed,empty caption from provider,6,inserted_degraded,empty caption from provider
wildfire/The-Wildfire-Dataset/nofire/dave-herring-xrjBELh1ybY-unsplash.jpg,firebench_q100,caption_failed,empty caption from provider,6,inserted_degraded,empty caption from provider
