image_id,query_id,reason,error,attempts,final_status,last_error
sage/imagesampler-left-2668/sage-imagesampler-left-0.3.5/000048b02d3ae318/1759839311570836097-left_camera.jpg,query_001,caption_failed,empty caption from provider,6,inserted_degraded,empty caption from provider
sage/imagesampler-left-2668/sage-imagesampler-left-0.3.5/000048b02d3ae221/1741258256977357021-left_camera.jpg,query_002,caption_failed,empty caption from provider,6,inserted_degraded,empty caption from provider
sage/imagesampler-bottom-2626/sage-imagesampler-bottom-0.3.5/000048b02d3ae300/1757293207715025040-bottom_camera.jpg,query_001,caption_failed,empty caption from provider,6,inserted_degraded,empty caption from provider
sage/sage/sage-imagesampler-bottom-0.3.0/000048b02d15bc7d/1678291222502551323-sample.jpg,query_001,caption_failed,empty caption from provider,6,inserted_degraded,empty caption from provider
sage/imagesampler-bottom-1731/sage-imagesampler-bottom-0.3.0/000048b02dd3c422/1721044812826582002-sample.jpg,query_001,caption_failed,empty caption from provider,6,inserted_degraded,empty caption from provider
sage/imagesampler-bottom/sage-imagesampler-bottom-0.3.0/000048b02d3ae336/1688679314958562690-sample.jpg,query_001,caption_failed,empty caption from provider,6,inserted_degraded,empty caption from provider
sage/imagesampler-left-2668/sage-imagesampler-left-0.3.5/000048b02d3b1304/1744756237718688652-left_camera.jpg,query_001,caption_failed,empty caption from provider,6,inserted_degraded,empty caption from provider
sage/imagesampler-left-1274/sage-imagesampler-left-0.3.5/00004cd98fb56d33/1752948006602600321-sample.jpg,query_001,caption_failed,empty caption from provider,6,inserted_degraded,empty caption from provider
sage/imagesampler-left-1813/sage-imagesampler-left-0.3.0/00002cea7f56acf2/1725370811219664521-sample.jpg,query_002,caption_failed,empty caption from provider,6,inserted_degraded,empty caption from provider
sage/imagesampler-left-2668/sage-imagesampler-left-0.3.5/000048b02d3ae318/1747306508637250504-left_camera.jpg,query_002,caption_failed,empty caption from provider,6,inserted_degraded,empty caption from provider
sage/imagesampler-bottom-1739/sage-imagesampler-bottom-0.3.5/000048b02d3ae27a/1744117214194137287-bottom_camera.jpg,query_002,caption_failed,empty caption from provider,6,inserted_degraded,empty caption from provider
sage/sage/sage-imagesampler-right-0.2.5/000048b02d15bc3d/1683336302218433123-sample.jpg,query_002,caption_failed,empty caption from provider,6,inserted_degraded,empty caption from provider
sage/imagesampler-right-2668/sage-imagesampler-right-0.3.5/000048b02d3ae27c/1757670722062211898-right_camera.jpg,query_002,caption_failed,empty caption from provider,6,inserted_degraded,empty caption from provider
sage/sage/sage-imagesampler-bottom-0.3.0/000048b02d3af41e/1678291215454585831-sample.jpg,query_002,caption_failed,empty caption from provider,6,inserted_degraded,empty caption from provider
sage/imagesampler-bottom-1156/sage-imagesampler-bottom-0.3.0/000048b02d3ae260/1712012406483258953-sample.jpg,query_002,caption_failed,empty caption from provider,6,inserted_degraded,empty caption from provider
sage/imagesampler-left-2668/sage-imagesampler-left-0.3.5/000048b02d3ae25f/1740986423374521199-left_camera.jpg,query_002,caption_failed,empty caption from provider,6,inserted_degraded,empty caption from provider
sage/imagesampler-left-2668/sage-imagesampler-left-0.3.5/000048b02d3ae2eb/1734698705532308297-left_camera.jpg,query_003,caption_failed,empty caption from provider,6,inserted_degraded,empty caption from provider
sage/imagesampler-right-2668/sage-imagesampler-right-0.3.5/000048b02d3b12e3/1751296220192757065-right_camera.jpg,query_002,caption_failed,empty caption from provider,6,inserted_degraded,empty caption from provider
sage/imagesampler-bottom-9/sage-imagesampler-bottom-0.3.5/000048b02d15bdaa/1734699617491441967-bottom_camera.jpg,query_002,caption_failed,empty caption from provider,6,inserted_degraded,empty caption from provider
sage/imagesampler-bottom-10/sage-imagesampler-bottom-0.3.5/000048b02d15bc87/1756652413607430487-bottom_camera.jpg,query_002,caption_failed,empty caption from provider,6,inserted_degraded,empty caption from provider
sage/imagesampler-bottom/sage-imagesampler-bottom-0.3.0/000048b02d15bc73/1689962430897414119-sample.jpg,query_002,caption_failed,empty caption from provider,6,inserted_degraded,empty caption from provider
sage/sage/sage-imagesampler-right-0.2.5/000048b02d15bdd2/1645304935927902321-sample.jpg,query_003,caption_failed,empty caption from provider,6,inserted_degraded,empty caption from provider
sage/imagesampler-bottom/sage-imagesampler-bottom-0.3.0/000048b02d3ae336/1678290919116026460-sample.jpg,query_003,caption_failed,empty caption from provider,6,inserted_degraded,empty caption from provider
sage/imagesampler-bottom-577/sage-imagesampler-bottom-0.3.0/000048b02d35a9ce/1708002014624147524-sample.jpg,query_003,caption_failed,empty caption from provider,6,inserted_degraded,empty caption from provider
sage/imagesampler-right-2668/sage-imagesampler-right-0.3.5/000048b02d3ae2eb/1754744775096888430-right_camera.jpg,query_003,caption_failed,empty caption from provider,6,inserted_degraded,empty caption from provider
sage/imagesampler-right-2668/sage-imagesampler-right-0.3.5/000048b02d3b1303/1737729012303843308-right_camera.jpg,query_004,caption_failed,empty caption from provider,6,inserted_degraded,empty caption from provider
sage/imagesampler-right-2668/sage-imagesampler-right-0.3.5/000048b02d3ae2eb/1749636315449788611-right_camera.jpg,query_003,caption_failed,empty caption from provider,6,inserted_degraded,empty caption from provider
sage/imagesampler-bottom-2851/sage-imagesampler-bottom-0.3.7/000048b02dd3c5b3/1744117209589884987-sample.jpg,query_003,caption_failed,empty caption from provider,6,inserted_degraded,empty caption from provider
sage/sage/sage-imagesampler-bottom-0.3.4/000048b02d3ae277/1689534102941618097-sample.jpg,query_004,caption_failed,empty caption from provider,6,inserted_degraded,empty caption from provider
sage/imagesampler-left-2668/sage-imagesampler-left-0.3.5/000048b02d3ae2f1/1744756207769531743-left_camera.jpg,query_004,caption_failed,empty caption from provider,6,inserted_degraded,empty caption from provider
sage/sage/sage-imagesampler-bottom-0.2.5/000048b02d05a1c2/1708823143239045585-sample.jpg,query_004,caption_failed,empty caption from provider,6,inserted_degraded,empty caption from provider
sage/imagesampler-bottom-11/sage-imagesampler-bottom-0.3.5/000048b02d3af41e/1749326410463184583-bottom_camera.jpg,query_004,caption_failed,empty caption from provider,6,inserted_degraded,empty caption from provider
sage/imagesampler-right-2668/sage-imagesampler-right-0.3.5/000048b02d3ae318/1751296243782926751-right_camera.jpg,query_004,caption_failed,empty caption from provider,6,inserted_degraded,empty caption from provider
sage/imagesampler-bottom-2851/sage-imagesampler-bottom-0.3.7/000048b02dd3c5b3/1744117209589884987-sample.jpg,query_004,caption_failed,empty caption from provider,6,inserted_degraded,empty caption from provider
sage/imagesampler-left-2668/sage-imagesampler-left-0.3.5/000048b02d3ae32e/1735126507280228663-left_camera.jpg,query_005,caption_failed,empty caption from provider,6,inserted_degraded,empty caption from provider
sage/sage/sage-imagesampler-bottom-0.2.5/000048b02d15bda5/1678334288736193705-sample.jpg,query_005,caption_failed,empty caption from provider,6,inserted_degraded,empty caption from provider
sage/imagesampler-left-2668/sage-imagesampler-left-0.3.5/000048b02d3b1303/1735563009201441046-left_camera.jpg,query_005,caption_failed,empty caption from provider,6,inserted_degraded,empty caption from provider
sage/imagesampler-left-2668/sage-imagesampler-left-0.3.5/000048b02d3ae27c/1754745332456423190-left_camera.jpg,query_005,caption_failed,empty caption from provider,6,inserted_degraded,empty caption from provider
sage/sage/sage-imagesampler-right-0.2.5/000048b02d15bc3d/1722027340800301021-sample.jpg,query_004,caption_failed,empty caption from provider,6,inserted_degraded,empty caption from provider
sage/sage/sage-imagesampler-bottom-0.2.5/000048b02d05a1c2/1732493090936555770-sample.jpg,query_006,caption_failed,empty caption from provider,6,inserted_degraded,empty caption from provider
sage/sage/sage-imagesampler-right-0.2.5/000048b02d15bc3d/1652664575167978088-sample.jpg,query_005,caption_failed,empty caption from provider,6,inserted_degraded,empty caption from provider
sage/imagesampler-left-18/sage-imagesampler-left-0.3.5/000048b02d3ae221/1732302010936154357-left_camera.jpg,query_005,caption_failed,empty caption from provider,6,inserted_degraded,empty caption from provider
sage/imagesampler-bottom-10/sage-imagesampler-bottom-0.3.5/000048b02d15bc87/1742436017090872613-bottom_camera.jpg,query_005,caption_failed,empty caption from provider,6,inserted_degraded,empty caption from provider
sage/imagesampler-left/sage-imagesampler-left-0.3.0/000048b02d15bdd2/1694602813841859817-sample.jpg,query_006,caption_failed,empty caption from provider,6,inserted_degraded,empty caption from provider
sage/imagesampler-left-2668/sage-imagesampler-left-0.3.5/000048b02d3ae32e/1744755037298316172-left_camera.jpg,query_006,caption_failed,empty caption from provider,6,inserted_degraded,empty caption from provider
sage/imagesampler-right-2668/sage-imagesampler-right-0.3.5/000048b02d3ae2eb/1760742018102785982-right_camera.jpg,query_005,caption_failed,empty caption from provider,6,inserted_degraded,empty caption from provider
sage/sage/sage-imagesampler-bottom-0.2.5/000048b02d15bc6d/1673854028942855458-sample.jpg,query_006,caption_failed,empty caption from provider,6,inserted_degraded,empty caption from provider
sage/sage/sage-imagesampler-bottom-0.2.5/000048b02d05a1c7/1690680125532402331-sample.jpg,query_006,caption_failed,empty caption from provider,6,inserted_degraded,empty caption from provider
sage/sage/sage-imagesampler-right-0.2.5/000048b02d15bc3d/1715248240637819355-sample.jpg,query_005,caption_failed,empty caption from provider,6,inserted_degraded,empty caption from provider
sage/imagesampler-bottom/sage-imagesampler-bottom-0.3.0/000048b02d15c319/1678305632583619899-sample.jpg,query_006,caption_failed,empty caption from provider,6,inserted_degraded,empty caption from provider
sage/sage/sage-imagesampler-bottom-0.2.5/000048b02d3af447/1653198304630454682-sample.jpg,query_007,caption_failed,empty caption from provider,6,inserted_degraded,empty caption from provider
sage/imagesampler-left-2668/sage-imagesampler-left-0.3.5/000048b02d3ae27c/1766712027970256376-left_camera.jpg,query_007,caption_failed,empty caption from provider,6,inserted_degraded,empty caption from provider
sage/imagesampler-left-2668/sage-imagesampler-left-0.3.5/000048b02d3ae318/1744755906815145646-left_camera.jpg,query_007,caption_failed,empty caption from provider,6,inserted_degraded,empty caption from provider
sage/imagesampler-right-2668/sage-imagesampler-right-0.3.5/000048b02d3ae318/1739843433979413996-right_camera.jpg,query_006,caption_failed,empty caption from provider,6,inserted_degraded,empty caption from provider
sage/imagesampler-right-2668/sage-imagesampler-right-0.3.5/000048b02d3ae27c/1769014555509974681-right_camera.jpg,query_006,caption_failed,empty caption from provider,6,inserted_degraded,empty caption from provider
sage/imagesampler-right-2668/sage-imagesampler-right-0.3.5/000048b02d3ae32e/1741257934303136618-right_camera.jpg,query_007,caption_failed,empty caption from provider,6,inserted_degraded,empty caption from provider
sage/imagesampler-bottom-11/sage-imagesampler-bottom-0.3.0/000048b02d15c319/1715248814499809222-sample.jpg,query_007,caption_failed,empty caption from provider,6,inserted_degraded,empty caption from provider
sage/imagesampler-bottom/sage-imagesampler-bottom-0.3.0/000048b02d0766be/1694602814242128438-sample.jpg,query_008,caption_failed,empty caption from provider,6,inserted_degraded,empty caption from provider
sage/imagesampler-left-2668/sage-imagesampler-left-0.3.5/000048b02d3b1303/1744155619316195763-left_camera.jpg,query_008,caption_failed,empty caption from provider,6,inserted_degraded,empty caption from provider
sage/imagesampler-left-1274/sage-imagesampler-left-0.3.5/00004cd98fb56d33/1769014806346094593-sample.jpg,query_007,caption_failed,empty caption from provider,6,inserted_degraded,empty caption from provider
sage/imagesampler-bottom-11/sage-imagesampler-bottom-0.3.5/000048b02d15bc65/1732302013219006753-bottom_camera.jpg,query_008,caption_failed,empty caption from provider,6,inserted_degraded,empty caption from provider
sage/imagesampler-left-2668/sage-imagesampler-left-0.3.5/000048b02d3ae318/1763745319624723438-left_camera.jpg,query_009,caption_failed,empty caption from provider,6,inserted_degraded,empty caption from provider
sage/imagesampler-right-2668/sage-imagesampler-right-0.3.5/000048b02d3ae2eb/1734698705488089843-right_camera.jpg,query_008,caption_failed,empty caption from provider,6,inserted_degraded,empty caption from provider
sage/sage/sage-imagesampler-bottom-0.2.5/000048b02d15bda5/1662224200503778452-sample.jpg,query_009,caption_failed,empty caption from provider,6,inserted_degraded,empty caption from provider
sage/imagesampler-left-2668/sage-imagesampler-left-0.3.5/000048b02d3b1303/1751295922744708494-left_camera.jpg,query_008,caption_failed,empty caption from provider,6,inserted_degraded,empty caption from provider
sage/imagesampler-right-2668/sage-imagesampler-right-0.3.5/000048b02d3b12e3/1737729307952557047-right_camera.jpg,query_009,caption_failed,empty caption from provider,6,inserted_degraded,empty caption from provider
sage/imagesampler-left-2668/sage-imagesampler-left-0.3.5/000048b02d3ae328/1752948068644338220-left_camera.jpg,query_010,caption_failed,empty caption from provider,6,inserted_degraded,empty caption from provider
sage/imagesampler-bottom-2854/sage-imagesampler-bottom-0.3.7/000048b02d15bc6d/1769015007318267589-sample.jpg,query_009,caption_failed,empty caption from provider,6,inserted_degraded,empty caption from provider
sage/sage/sage-imagesampler-bottom-0.3.0/000048b02d15bc65/1678291209513784655-sample.jpg,query_010,caption_failed,empty caption from provider,6,inserted_degraded,empty caption from provider
sage/imagesampler-right-2668/sage-imagesampler-right-0.3.5/000048b02d3ae318/1751296243782926751-right_camera.jpg,query_010,caption_failed,empty caption from provider,6,inserted_degraded,empty caption from provider
sage/sage/sage-imagesampler-bottom-0.2.5/000048b02d15bdcd/1654551762591907340-sample.jpg,query_010,caption_failed,empty caption from provider,6,inserted_degraded,empty caption from provider
sage/imagesampler-left-2668/sage-imagesampler-left-0.3.5/000048b02d3ae25f/1767550523490693985-left_camera.jpg,query_008,caption_failed,empty caption from provider,6,inserted_degraded,empty caption from provider
sage/imagesampler-bottom-1731/sage-imagesampler-bottom-0.3.5/000048b02dd3c51f/1732741208092181292-bottom_camera.jpg,query_010,caption_failed,empty caption from provider,6,inserted_degraded,empty caption from provider
sage/imagesampler-bottom-11/sage-imagesampler-bottom-0.3.0/000048b02d3ae319/1701288036876916081-sample.jpg,query_010,caption_failed,empty caption from provider,6,inserted_degraded,empty caption from provider
sage/imagesampler-mobotix-2727/sage-imagesampler-mobotix-0.3.7/000048b02dd3c427/1766712133024111731-sample.jpg,query_007,caption_failed,empty caption from provider,6,inserted_degraded,empty caption from provider
sage/imagesampler-left-2668/sage-imagesampler-left-0.3.5/000048b02d3ae318/1745149810570081693-left_camera.jpg,query_011,caption_failed,empty caption from provider,6,inserted_degraded,empty caption from provider
sage/imagesampler-left-2668/sage-imagesampler-left-0.3.5/000048b02d3ae2eb/1744155317583492601-left_camera.jpg,query_010,caption_failed,empty caption from provider,6,inserted_degraded,empty caption from provider
sage/imagesampler-left-2668/sage-imagesampler-left-0.3.5/000048b02d3ae27c/1735192809566862153-left_camera.jpg,query_010,caption_failed,empty caption from provider,6,inserted_degraded,empty caption from provider
sage/imagesampler-bottom-11/sage-imagesampler-bottom-0.3.5/000048b02d3af41e/1763744408985973055-bottom_camera.jpg,query_011,caption_failed,empty caption from provider,6,inserted_degraded,empty caption from provider
sage/imagesampler-bottom-1156/sage-imagesampler-bottom-0.3.0/000048b02d35a980/1715090415629436278-sample.jpg,query_011,caption_failed,empty caption from provider,6,inserted_degraded,empty caption from provider
sage/imagesampler-bottom-366/sage-imagesampler-bottom-0.3.0/000048b02d3ae31e/1718487009070573084-sample.jpg,query_010,caption_failed,empty caption from provider,6,inserted_degraded,empty caption from provider
sage/imagesampler-bottom/sage-imagesampler-bottom-0.3.0/000048b02d35a992/1694602806772524159-sample.jpg,query_011,caption_failed,empty caption from provider,6,inserted_degraded,empty caption from provider
sage/sage/sage-imagesampler-left-0.2.5/000048b02d15bc3d/1712013407051993231-sample.jpg,query_011,caption_failed,empty caption from provider,6,inserted_degraded,empty caption from provider
sage/imagesampler-bottom-1731/sage-imagesampler-bottom-0.3.5/000048b02dd3c641/1760742013310011426-bottom_camera.jpg,query_011,caption_failed,empty caption from provider,6,inserted_degraded,empty caption from provider
sage/imagesampler-right-2668/sage-imagesampler-right-0.3.5/000048b02d3b1304/1739844310118033027-right_camera.jpg,query_011,caption_failed,empty caption from provider,6,inserted_degraded,empty caption from provider
sage/imagesampler-bottom/sage-imagesampler-bottom-0.3.0/000048b02d05a1c6/1702659682472775604-sample.jpg,query_010,caption_failed,empty caption from provider,6,inserted_degraded,empty caption from provider
sage/imagesampler-mobotix-1813/sage-imagesampler-mobotix-0.3.7/00002cea7f56acf2/1756570510670332168-sample.jpg,query_009,caption_failed,empty caption from provider,6,inserted_degraded,empty caption from provider
sage/imagesampler-right-2668/sage-imagesampler-right-0.3.5/000048b02d3ae27c/1749048020663253710-right_camera.jpg,query_011,caption_failed,empty caption from provider,6,inserted_degraded,empty caption from provider
sage/sage/sage-imagesampler-bottom-0.2.5/000048b02d15bc73/1655968299682322510-sample.jpg,query_012,caption_failed,empty caption from provider,6,inserted_degraded,empty caption from provider
sage/imagesampler-bottom/sage-imagesampler-bottom-0.3.0/000048b02d05a1c2/1670472020782319860-sample.jpg,query_014,caption_failed,empty caption from provider,6,inserted_degraded,empty caption from provider
sage/imagesampler-left-2668/sage-imagesampler-left-0.3.5/000048b02d3ae32e/1744118116323753400-left_camera.jpg,query_012,caption_failed,empty caption from provider,6,inserted_degraded,empty caption from provider
sage/imagesampler-mobotix-1813/sage-imagesampler-mobotix-0.3.7/00002cea7f56acf2/1759736410716316856-sample.jpg,query_009,caption_failed,empty caption from provider,6,inserted_degraded,empty caption from provider
sage/sage/sage-imagesampler-right-0.2.5/000048b02d15bc3d/1716325572893836515-sample.jpg,query_011,caption_failed,empty caption from provider,6,inserted_degraded,empty caption from provider
sage/sage/sage-imagesampler-left-1.22.4.13/000048b02d3ae2f4/1669115340767026352-3840x1080.jpg,query_012,caption_failed,empty caption from provider,6,inserted_degraded,empty caption from provider
sage/imagesampler-left-2668/sage-imagesampler-left-0.3.5/000048b02d3b1303/1738857912069671270-left_camera.jpg,query_012,caption_failed,empty caption from provider,6,inserted_degraded,empty caption from provider
sage/imagesampler-bottom/sage-imagesampler-bottom-0.3.0/000048b02d3af4a3/1676260815501023151-sample.jpg,query_014,caption_failed,empty caption from provider,6,inserted_degraded,empty caption from provider
sage/imagesampler-right-2668/sage-imagesampler-right-0.3.5/000048b02d3b1303/1752948320544343559-right_camera.jpg,query_013,caption_failed,empty caption from provider,6,inserted_degraded,empty caption from provider
sage/imagesampler-left-1813/sage-imagesampler-left-0.3.5/00002cea7f56acf2/1749047722174251017-left_camera.jpg,query_015,caption_failed,empty caption from provider,6,inserted_degraded,empty caption from provider
sage/sage/sage-imagesampler-bottom-0.2.5/000048b02d15c31f/1677228207275093559-sample.jpg,query_014,caption_failed,empty caption from provider,6,inserted_degraded,empty caption from provider
sage/imagesampler-left/sage-imagesampler-left-0.3.0/000048b02d15bdd2/1692216015653330723-sample.jpg,query_012,caption_failed,empty caption from provider,6,inserted_degraded,empty caption from provider
sage/imagesampler-left-2668/sage-imagesampler-left-0.3.5/000048b02d3ae328/1740406508705221924-left_camera.jpg,query_014,caption_failed,empty caption from provider,6,inserted_degraded,empty caption from provider
sage/imagesampler-right-2668/sage-imagesampler-right-0.3.5/000048b02d3ae2eb/1735126504521472700-right_camera.jpg,query_014,caption_failed,empty caption from provider,6,inserted_degraded,empty caption from provider
sage/imagesampler-bottom-2851/sage-imagesampler-bottom-0.3.7/000048b02dd3c5b3/1752948012335366526-sample.jpg,query_015,caption_failed,empty caption from provider,6,inserted_degraded,empty caption from provider
sage/imagesampler-bottom-13/sage-imagesampler-bottom-0.3.0/000048b02d3af4a3/1727974818555786854-sample.jpg,query_012,caption_failed,empty caption from provider,6,inserted_degraded,empty caption from provider
sage/imagesampler-left-2668/sage-imagesampler-left-0.3.5/000048b02d3b1303/1747306818903604111-left_camera.jpg,query_014,caption_failed,empty caption from provider,6,inserted_degraded,empty caption from provider
sage/imagesampler-left-2668/sage-imagesampler-left-0.3.5/000048b02d3ae25f/1767552025189000888-left_camera.jpg,query_014,caption_failed,empty caption from provider,6,inserted_degraded,empty caption from provider
sage/imagesampler-left-2668/sage-imagesampler-left-0.3.5/000048b02d3ae2eb/1745149248488867432-left_camera.jpg,query_016,caption_failed,empty caption from provider,6,inserted_degraded,empty caption from provider
sage/imagesampler-right-2668/sage-imagesampler-right-0.3.5/000048b02d3b12e3/1738939815689857277-right_camera.jpg,query_015,caption_failed,empty caption from provider,6,inserted_degraded,empty caption from provider
sage/imagesampler-left-2668/sage-imagesampler-left-0.3.5/000048b02d3ae328/1737353410902326455-left_camera.jpg,query_015,caption_failed,empty caption from provider,6,inserted_degraded,empty caption from provider
sage/imagesampler-left-2668/sage-imagesampler-left-0.3.5/000048b02d3ae328/1740406508705221924-left_camera.jpg,query_015,caption_failed,empty caption from provider,6,inserted_degraded,empty caption from provider
sage/imagesampler-bottom-1740/sage-imagesampler-bottom-0.3.0/000048b02d3ae337/1707235222077338022-sample.jpg,query_015,caption_failed,empty caption from provider,6,inserted_degraded,empty caption from provider
sage/imagesampler-right-18/sage-imagesampler-right-0.3.5/000048b02d3ae318/1737352810788328952-right_camera.jpg,query_015,caption_failed,empty caption from provider,6,inserted_degraded,empty caption from provider
sage/imagesampler-left-2668/sage-imagesampler-left-0.3.5/000048b02d3ae221/1760742913439336374-left_camera.jpg,query_016,caption_failed,empty caption from provider,6,inserted_degraded,empty caption from provider
sage/imagesampler-bottom-2631/sage-imagesampler-bottom-0.3.5/000048b02d35a9ce/1744117212124227639-bottom_camera.jpg,query_016,caption_failed,empty caption from provider,6,inserted_degraded,empty caption from provider
sage/imagesampler-left-2668/sage-imagesampler-left-0.3.5/000048b02d3b12e3/1734698711287353898-left_camera.jpg,query_017,caption_failed,empty caption from provider,6,inserted_degraded,empty caption from provider
sage/imagesampler-right-2668/sage-imagesampler-right-0.3.5/000048b02d3b12e3/1751296244961011532-right_camera.jpg,query_015,caption_failed,empty caption from provider,6,inserted_degraded,empty caption from provider
sage/imagesampler-mobotix-1813/sage-imagesampler-mobotix-0.3.7/00002cea7f56acf2/1756527911258115678-sample.jpg,query_010,caption_failed,empty caption from provider,6,inserted_degraded,empty caption from provider
sage/imagesampler-right-18/sage-imagesampler-right-0.3.0/000048b02d15bc3d/1709384415159673947-sample.jpg,query_017,caption_failed,empty caption from provider,6,inserted_degraded,empty caption from provider
sage/imagesampler-right-2668/sage-imagesampler-right-0.3.5/000048b02d3ae27c/1749327620211303864-right_camera.jpg,query_017,caption_failed,empty caption from provider,6,inserted_degraded,empty caption from provider
sage/imagesampler-bottom-1731/sage-imagesampler-bottom-0.3.5/000048b02dd3c641/1749636013938120871-bottom_camera.jpg,query_016,caption_failed,empty caption from provider,6,inserted_degraded,empty caption from provider
sage/imagesampler-bottom-11/sage-imagesampler-bottom-0.3.0/000048b02d3ae33d/1725210011284739269-sample.jpg,query_018,caption_failed,empty caption from provider,6,inserted_degraded,empty caption from provider
sage/imagesampler-right-2668/sage-imagesampler-right-0.3.5/000048b02d3ae318/1757671865801265181-right_camera.jpg,query_017,caption_failed,empty caption from provider,6,inserted_degraded,empty caption from provider
sage/imagesampler-right-2668/sage-imagesampler-right-0.3.5/000048b02d3ae25f/1741259138991370567-right_camera.jpg,query_018,caption_failed,empty caption from provider,6,inserted_degraded,empty caption from provider
sage/sage/sage-imagesampler-right-0.2.5/000048b02d15bdc2/1659562011353942106-sample.jpg,query_017,caption_failed,empty caption from provider,6,inserted_degraded,empty caption from provider
sage/imagesampler-bottom/sage-imagesampler-bottom-0.3.0/000048b02d3af4a3/1676808016754976772-sample.jpg,query_018,caption_failed,empty caption from provider,6,inserted_degraded,empty caption from provider
sage/imagesampler-bottom/sage-imagesampler-bottom-0.3.0/000048b02d3af4a3/1676808016754976772-sample.jpg,query_018,caption_failed,empty caption from provider,6,inserted_degraded,empty caption from provider
sage/imagesampler-bottom-1156/sage-imagesampler-bottom-0.3.0/000048b02d3ae260/1712012406483258953-sample.jpg,query_018,caption_failed,empty caption from provider,6,inserted_degraded,empty caption from provider
sage/imagesampler-left-1740/sage-imagesampler-left-0.3.4/000048b02d3ae337/1709384409201120247-sample.jpg,query_013,caption_failed,empty caption from provider,6,inserted_degraded,empty caption from provider
sage/imagesampler-left-2668/sage-imagesampler-left-0.3.5/000048b02d3b1303/1740407110274019117-left_camera.jpg,query_017,caption_failed,empty caption from provider,6,inserted_degraded,empty caption from provider
sage/imagesampler-mobotix-1813/sage-imagesampler-mobotix-0.3.7/00002cea7f56acf2/1756570510670332168-sample.jpg,query_016,caption_failed,empty caption from provider,6,inserted_degraded,empty caption from provider
sage/imagesampler-bottom-11/sage-imagesampler-bottom-0.3.0/000048b02d3af41e/1727024416109355342-sample.jpg,query_018,caption_failed,empty caption from provider,6,inserted_degraded,empty caption from provider
sage/imagesampler-bottom/sage-imagesampler-bottom-0.3.0/000048b02d3ae300/1684520194964857610-sample.jpg,query_018,caption_failed,empty caption from provider,6,inserted_degraded,empty caption from provider
sage/imagesampler-bottom-1156/sage-imagesampler-bottom-0.3.0/000048b02d3ae2f8/1713337212392461108-sample.jpg,query_018,caption_failed,empty caption from provider,6,inserted_degraded,empty caption from provider
sage/imagesampler-bottom/sage-imagesampler-bottom-0.3.0/000048b02d3af4a3/1676808016754976772-sample.jpg,query_018,caption_failed,empty caption from provider,6,inserted_degraded,empty caption from provider
sage/imagesampler-bottom-11/sage-imagesampler-bottom-0.3.5/000048b02d3ae33b/1741777221868226860-bottom_camera.jpg,query_019,caption_failed,empty caption from provider,6,inserted_degraded,empty caption from provider
sage/imagesampler-left-2668/sage-imagesampler-left-0.3.5/000048b02d3ae2eb/1734699304971607936-left_camera.jpg,query_019,caption_failed,empty caption from provider,6,inserted_degraded,empty caption from provider
sage/imagesampler-bottom-1156/sage-imagesampler-bottom-0.3.0/000048b02d3ae2f8/1713337212392461108-sample.jpg,query_018,caption_failed,empty caption from provider,6,inserted_degraded,empty caption from provider
sage/imagesampler-bottom/sage-imagesampler-bottom-0.3.0/000048b02d3b1313/1670432408913512611-sample.jpg,query_019,caption_failed,empty caption from provider,6,inserted_degraded,empty caption from provider
sage/imagesampler-left-2668/sage-imagesampler-left-0.3.5/000048b02d3ae318/1745149810570081693-left_camera.jpg,query_019,caption_failed,empty caption from provider,6,inserted_degraded,empty caption from provider
sage/imagesampler-right-2668/sage-imagesampler-right-0.3.5/000048b02d3ae32e/1734698706587090501-right_camera.jpg,query_019,caption_failed,empty caption from provider,6,inserted_degraded,empty caption from provider
sage/imagesampler-left-2668/sage-imagesampler-left-0.3.5/000048b02d3ae25f/1742435738556506118-left_camera.jpg,query_018,caption_failed,empty caption from provider,6,inserted_degraded,empty caption from provider
sage/imagesampler-left-2668/sage-imagesampler-left-0.3.5/000048b02d3b1303/1766711129525325816-left_camera.jpg,query_018,caption_failed,empty caption from provider,6,inserted_degraded,empty caption from provider
sage/imagesampler-bottom-11/sage-imagesampler-bottom-0.3.0/000048b02d3af41e/1715248812555150958-sample.jpg,query_019,caption_failed,empty caption from provider,6,inserted_degraded,empty caption from provider
sage/sage/sage-imagesampler-bottom-0.3.0/000048b02d3af41e/1692216042867434040-sample.jpg,query_019,caption_failed,empty caption from provider,6,inserted_degraded,empty caption from provider
sage/imagesampler-bottom-11/sage-imagesampler-bottom-0.3.0/000048b02d3af447/1726819229390064774-sample.jpg,query_019,caption_failed,empty caption from provider,6,inserted_degraded,empty caption from provider
sage/imagesampler-right-2668/sage-imagesampler-right-0.3.5/000048b02d3ae32e/1738857019150239660-right_camera.jpg,query_020,caption_failed,empty caption from provider,6,inserted_degraded,empty caption from provider
sage/sage/sage-imagesampler-right-0.2.5/000048b02d15bdd2/1645304935927902321-sample.jpg,query_020,caption_failed,empty caption from provider,6,inserted_degraded,empty caption from provider
sage/imagesampler-right-2668/sage-imagesampler-right-0.3.5/000048b02d3ae318/1752317440419744215-right_camera.jpg,query_021,caption_failed,empty caption from provider,6,inserted_degraded,empty caption from provider
sage/imagesampler-mobotix-2727/sage-imagesampler-mobotix-0.3.7/000048b02dd3c427/1766711083150166501-sample.jpg,query_019,caption_failed,empty caption from provider,6,inserted_degraded,empty caption from provider
sage/imagesampler-left-2668/sage-imagesampler-left-0.3.5/000048b02d3b1303/1744755360565485584-left_camera.jpg,query_020,caption_failed,empty caption from provider,6,inserted_degraded,empty caption from provider
sage/imagesampler-left-2668/sage-imagesampler-left-0.3.5/000048b02d3ae25f/1766712310160846158-left_camera.jpg,query_020,caption_failed,empty caption from provider,6,inserted_degraded,empty caption from provider
sage/imagesampler-bottom/sage-imagesampler-bottom-0.3.0/000048b02d3ae336/1689177607001335865-sample.jpg,query_020,caption_failed,empty caption from provider,6,inserted_degraded,empty caption from provider
sage/imagesampler-left-2668/sage-imagesampler-left-0.3.5/000048b02d3ae2f1/1742841618551859496-left_camera.jpg,query_021,caption_failed,empty caption from provider,6,inserted_degraded,empty caption from provider
sage/imagesampler-left-2668/sage-imagesampler-left-0.3.5/000048b02d3ae318/1763745309407361482-left_camera.jpg,query_022,caption_failed,empty caption from provider,6,inserted_degraded,empty caption from provider
sage/imagesampler-left-2668/sage-imagesampler-left-0.3.5/000048b02d3b12e3/1745148313497293842-left_camera.jpg,query_020,caption_failed,empty caption from provider,6,inserted_degraded,empty caption from provider
sage/imagesampler-left-2668/sage-imagesampler-left-0.3.5/000048b02d3ae27c/1742841619340004981-left_camera.jpg,query_021,caption_failed,empty caption from provider,6,inserted_degraded,empty caption from provider
sage/imagesampler-right-18/sage-imagesampler-right-0.3.5/000048b02d3ae32e/1737352811755627610-right_camera.jpg,query_021,caption_failed,empty caption from provider,6,inserted_degraded,empty caption from provider
sage/sage/sage-imagesampler-bottom-0.2.5/000048b02d3af487/1649879554551268100-sample.jpg,query_022,caption_failed,empty caption from provider,6,inserted_degraded,empty caption from provider
sage/imagesampler-right-2668/sage-imagesampler-right-0.3.5/000048b02d3ae27c/1739844015500016932-right_camera.jpg,query_021,caption_failed,empty caption from provider,6,inserted_degraded,empty caption from provider
sage/imagesampler-right-2668/sage-imagesampler-right-0.3.5/000048b02d3ae2f1/1743470720885221650-right_camera.jpg,query_022,caption_failed,empty caption from provider,6,inserted_degraded,empty caption from provider
sage/imagesampler-right/sage-imagesampler-right-0.3.0/000048b02d15bc3d/1686654014524425892-sample.jpg,query_021,caption_failed,empty caption from provider,6,inserted_degraded,empty caption from provider
sage/imagesampler-left-2668/sage-imagesampler-left-0.3.5/000048b02d3ae2f1/1740525642698959414-left_camera.jpg,query_022,caption_failed,empty caption from provider,6,inserted_degraded,empty caption from provider
sage/imagesampler-left-2668/sage-imagesampler-left-0.3.5/000048b02d3ae221/1764784538302594534-left_camera.jpg,query_021,caption_failed,empty caption from provider,6,inserted_degraded,empty caption from provider
sage/imagesampler-right-2668/sage-imagesampler-right-0.3.5/000048b02d3ae27c/1767486923705319642-right_camera.jpg,query_023,caption_failed,empty caption from provider,6,inserted_degraded,empty caption from provider
sage/imagesampler-left-2668/sage-imagesampler-left-0.3.5/000048b02d3ae318/1757671816824673217-left_camera.jpg,query_022,caption_failed,empty caption from provider,6,inserted_degraded,empty caption from provider
sage/imagesampler-left-2668/sage-imagesampler-left-0.3.5/000048b02d3b1303/1740407110274019117-left_camera.jpg,query_022,caption_failed,empty caption from provider,6,inserted_degraded,empty caption from provider
sage/sage/sage-imagesampler-bottom-0.2.5/000048b02d05a1c2/1677910248144903792-sample.jpg,query_023,caption_failed,empty caption from provider,6,inserted_degraded,empty caption from provider
sage/imagesampler-right-2668/sage-imagesampler-right-0.3.5/000048b02d3ae27c/1743471305989253800-right_camera.jpg,query_023,caption_failed,empty caption from provider,6,inserted_degraded,empty caption from provider
sage/imagesampler-bottom-1731/sage-imagesampler-bottom-0.3.0/000048b02dd3c454/1712012413968445225-sample.jpg,query_023,caption_failed,empty caption from provider,6,inserted_degraded,empty caption from provider
sage/sage/sage-imagesampler-bottom-0.2.5/000048b02d15bdcd/1654551762591907340-sample.jpg,query_022,caption_failed,empty caption from provider,6,inserted_degraded,empty caption from provider
sage/imagesampler-bottom-11/sage-imagesampler-bottom-0.3.5/000048b02d15bc65/1738857614669784695-bottom_camera.jpg,query_024,caption_failed,empty caption from provider,6,inserted_degraded,empty caption from provider
sage/imagesampler-right-2668/sage-imagesampler-right-0.3.5/000048b02d3ae328/1752948344470917654-right_camera.jpg,query_023,caption_failed,empty caption from provider,6,inserted_degraded,empty caption from provider
sage/imagesampler-right-2668/sage-imagesampler-right-0.3.5/000048b02d3ae2f1/1744117816865659676-right_camera.jpg,query_025,caption_failed,empty caption from provider,6,inserted_degraded,empty caption from provider
sage/imagesampler-bottom/sage-imagesampler-bottom-0.3.0/000048b02d05a1c7/1689177618818586113-sample.jpg,query_024,caption_failed,empty caption from provider,6,inserted_degraded,empty caption from provider
sage/sage/sage-imagesampler-bottom-0.2.5/000048b02d15bc77/1653197916413035347-sample.jpg,query_024,caption_failed,empty caption from provider,6,inserted_degraded,empty caption from provider
sage/imagesampler-bottom-11/sage-imagesampler-bottom-0.3.0/000048b02d35a9bf/1707235215856438516-sample.jpg,query_023,caption_failed,empty caption from provider,6,inserted_degraded,empty caption from provider
sage/imagesampler-right-1274/sage-imagesampler-right-0.3.4/00004cd98fb56d33/1702659604996785908-sample.jpg,query_022,caption_failed,empty caption from provider,6,inserted_degraded,empty caption from provider
sage/imagesampler-bottom-446/sage-imagesampler-bottom-0.3.0/000048b02d35a9b2/1715748308960052840-sample.jpg,query_024,caption_failed,empty caption from provider,6,inserted_degraded,empty caption from provider
sage/imagesampler-left-2668/sage-imagesampler-left-0.3.5/000048b02d3ae328/1740406841563334927-left_camera.jpg,query_026,caption_failed,empty caption from provider,6,inserted_degraded,empty caption from provider
sage/imagesampler-left-2668/sage-imagesampler-left-0.3.5/000048b02d3ae318/1766712310005393815-left_camera.jpg,query_025,caption_failed,empty caption from provider,6,inserted_degraded,empty caption from provider
sage/imagesampler-left-2668/sage-imagesampler-left-0.3.5/000048b02d3ae318/1735126282919156137-left_camera.jpg,query_025,caption_failed,empty caption from provider,6,inserted_degraded,empty caption from provider
sage/imagesampler-bottom-540/sage-imagesampler-bottom-0.3.4/000048b02d35a87e/1727024411810286990-sample.jpg,query_025,caption_failed,empty caption from provider,6,inserted_degraded,empty caption from provider
sage/imagesampler-left-2668/sage-imagesampler-left-0.3.5/000048b02d3ae328/1744754725840402501-left_camera.jpg,query_027,caption_failed,empty caption from provider,6,inserted_degraded,empty caption from provider
sage/imagesampler-left-2668/sage-imagesampler-left-0.3.5/000048b02d3ae221/1754745323367051134-left_camera.jpg,query_026,caption_failed,empty caption from provider,6,inserted_degraded,empty caption from provider
sage/imagesampler-left-2668/sage-imagesampler-left-0.3.5/000048b02d3ae318/1735126808357945396-left_camera.jpg,query_027,caption_failed,empty caption from provider,6,inserted_degraded,empty caption from provider
sage/sage/sage-imagesampler-bottom-0.2.5/000048b02d05a1c7/1666805304779137297-sample.jpg,query_027,caption_failed,empty caption from provider,6,inserted_degraded,empty caption from provider
sage/sage/sage-imagesampler-left-0.2.5/000048b02d15bdc2/1672223641583616830-sample.jpg,query_025,caption_failed,empty caption from provider,6,inserted_degraded,empty caption from provider
sage/imagesampler-bottom-11/sage-imagesampler-bottom-0.3.0/000048b02d3af466/1708002013575693168-sample.jpg,query_027,caption_failed,empty caption from provider,6,inserted_degraded,empty caption from provider
sage/imagesampler-bottom-11/sage-imagesampler-bottom-0.3.0/000048b02d3b1313/1729749614861895154-sample.jpg,query_027,caption_failed,empty caption from provider,6,inserted_degraded,empty caption from provider
sage/imagesampler-right-2668/sage-imagesampler-right-0.3.5/000048b02d3ae221/1759736752654170713-right_camera.jpg,query_027,caption_failed,empty caption from provider,6,inserted_degraded,empty caption from provider
sage/imagesampler-right-2668/sage-imagesampler-right-0.3.5/000048b02d3ae221/1754745336022073525-right_camera.jpg,query_028,caption_failed,empty caption from provider,6,inserted_degraded,empty caption from provider
sage/imagesampler-bottom/sage-imagesampler-bottom-0.3.0/000048b02d35a9ce/1694602807431074471-sample.jpg,query_027,caption_failed,empty caption from provider,6,inserted_degraded,empty caption from provider
sage/imagesampler-bottom-2851/sage-imagesampler-bottom-0.3.7/000048b02dd3c5b3/1752948012335366526-sample.jpg,query_028,caption_failed,empty caption from provider,6,inserted_degraded,empty caption from provider
sage/sage/sage-imagesampler-bottom-0.3.0/000048b02d3af41e/1697302844855426740-sample.jpg,query_027,caption_failed,empty caption from provider,6,inserted_degraded,empty caption from provider
sage/imagesampler-left-2668/sage-imagesampler-left-0.3.5/000048b02d3ae328/1744156519430262527-left_camera.jpg,query_028,caption_failed,empty caption from provider,6,inserted_degraded,empty caption from provider
sage/imagesampler-bottom-13/sage-imagesampler-bottom-0.3.0/000048b02d3af4a3/1715090416058597479-sample.jpg,query_027,caption_failed,empty caption from provider,6,inserted_degraded,empty caption from provider
sage/sage/sage-imagesampler-bottom-0.3.0/000048b02d3ae33d/1689962443661331215-sample.jpg,query_028,caption_failed,empty caption from provider,6,inserted_degraded,empty caption from provider
sage/imagesampler-right-2668/sage-imagesampler-right-0.3.5/000048b02d3ae27c/1765200313762701325-right_camera.jpg,query_028,caption_failed,empty caption from provider,6,inserted_degraded,empty caption from provider
sage/sage/sage-imagesampler-bottom-0.2.5/000048b02d05a1c2/1676259932411895860-sample.jpg,query_028,caption_failed,empty caption from provider,6,inserted_degraded,empty caption from provider
sage/imagesampler-left-2668/sage-imagesampler-left-0.3.5/000048b02d3ae2eb/1747308046104842147-left_camera.jpg,query_029,caption_failed,empty caption from provider,6,inserted_degraded,empty caption from provider
sage/imagesampler-right/sage-imagesampler-right-0.3.0/000048b02d15bdd2/1691989214228369092-sample.jpg,query_028,caption_failed,empty caption from provider,6,inserted_degraded,empty caption from provider
sage/imagesampler-left-2668/sage-imagesampler-left-0.3.5/000048b02d3ae318/1765200309474167215-left_camera.jpg,query_028,caption_failed,empty caption from provider,6,inserted_degraded,empty caption from provider
sage/sage/sage-imagesampler-bottom-0.2.5/000048b02d05a1c2/1655967935762944512-sample.jpg,query_029,caption_failed,empty caption from provider,6,inserted_degraded,empty caption from provider
sage/sage/sage-imagesampler-bottom-0.2.5/000048b02d05a1c2/1649880679614206951-sample.jpg,query_029,caption_failed,empty caption from provider,6,inserted_degraded,empty caption from provider
sage/imagesampler-right/sage-imagesampler-right-0.3.0/000048b02d15bc3d/1686654014524425892-sample.jpg,query_029,caption_failed,empty caption from provider,6,inserted_degraded,empty caption from provider
sage/imagesampler-left-2668/sage-imagesampler-left-0.3.5/000048b02d3ae2eb/1734698705532308297-left_camera.jpg,query_029,caption_failed,empty caption from provider,6,inserted_degraded,empty caption from provider
sage/imagesampler-right-2668/sage-imagesampler-right-0.3.5/000048b02d3b1303/1749047458909505580-right_camera.jpg,query_029,caption_failed,empty caption from provider,6,inserted_degraded,empty caption from provider
sage/sage/sage-imagesampler-right-0.2.5/000048b02d15bdc2/1661864983681301554-sample.jpg,query_029,caption_failed,empty caption from provider,6,inserted_degraded,empty caption from provider
sage/imagesampler-right-2668/sage-imagesampler-right-0.3.5/000048b02d3b12e3/1739844316257496611-right_camera.jpg,query_029,caption_failed,empty caption from provider,6,inserted_degraded,empty caption from provider
sage/imagesampler-left-2668/sage-imagesampler-left-0.3.5/000048b02d3ae2f1/1740406822349222253-left_camera.jpg,query_030,caption_failed,empty caption from provider,6,inserted_degraded,empty caption from provider
sage/sage/sage-imagesampler-bottom-0.3.0/000048b02d3ae33d/1689177614196232874-sample.jpg,query_030,caption_failed,empty caption from provider,6,inserted_degraded,empty caption from provider
sage/imagesampler-right-2668/sage-imagesampler-right-0.3.5/000048b02d3ae27c/1739844015500016932-right_camera.jpg,query_030,caption_failed,empty caption from provider,6,inserted_degraded,empty caption from provider
sage/sage/sage-imagesampler-right-0.2.5/000048b02d15bc3d/1654553088178320951-sample.jpg,query_030,caption_failed,empty caption from provider,6,inserted_degraded,empty caption from provider
sage/imagesampler-bottom-2865/sage-imagesampler-bottom-0.3.7/000048b02d3af460/1760742012535310189-sample.jpg,query_031,caption_failed,empty caption from provider,6,inserted_degraded,empty caption from provider
sage/imagesampler-right-2668/sage-imagesampler-right-0.3.5/000048b02d3ae328/1749636607488534988-right_camera.jpg,query_030,caption_failed,empty caption from provider,6,inserted_degraded,empty caption from provider
sage/imagesampler-right/sage-imagesampler-right-0.3.0/000048b02d15bc3d/1683334810394178048-sample.jpg,query_029,caption_failed,empty caption from provider,6,inserted_degraded,empty caption from provider
sage/imagesampler-bottom-13/sage-imagesampler-bottom-0.3.0/000048b02d3af4a3/1727974818555786854-sample.jpg,query_030,caption_failed,empty caption from provider,6,inserted_degraded,empty caption from provider
sage/sage/sage-imagesampler-right-0.2.5/000048b02d15bdc2/1691925520500143981-sample.jpg,query_030,caption_failed,empty caption from provider,6,inserted_degraded,empty caption from provider
sage/imagesampler-right-2668/sage-imagesampler-right-0.3.5/000048b02d3ae328/1751297111030184181-right_camera.jpg,query_030,caption_failed,empty caption from provider,6,inserted_degraded,empty caption from provider
sage/sage/sage-imagesampler-right-0.2.5/000048b02d15bdc2/1659562011353942106-sample.jpg,query_030,caption_failed,empty caption from provider,6,inserted_degraded,empty caption from provider
sage/imagesampler-bottom/sage-imagesampler-bottom-0.3.0/000048b02d15bc73/1691989229227860552-sample.jpg,query_031,caption_failed,empty caption from provider,6,inserted_degraded,empty caption from provider
sage/imagesampler-bottom-2681/sage-imagesampler-bottom-0.3.7/000048b02d3ae30a/1738939808910384743-sample.jpg,query_031,caption_failed,empty caption from provider,6,inserted_degraded,empty caption from provider
sage/imagesampler-bottom-11/sage-imagesampler-bottom-0.3.0/000048b02d3ae33b/1721797229490017189-sample.jpg,query_031,caption_failed,empty caption from provider,6,inserted_degraded,empty caption from provider
sage/imagesampler-left-2668/sage-imagesampler-left-0.3.5/000048b02d3ae25f/1744756227229101524-left_camera.jpg,query_031,caption_failed,empty caption from provider,6,inserted_degraded,empty caption from provider
sage/imagesampler-left-2668/sage-imagesampler-left-0.3.5/000048b02d3ae318/1764784209772279389-left_camera.jpg,query_031,caption_failed,empty caption from provider,6,inserted_degraded,empty caption from provider
sage/imagesampler-left-2668/sage-imagesampler-left-0.3.5/000048b02d3ae2eb/1740987610307354710-left_camera.jpg,query_032,caption_failed,empty caption from provider,6,inserted_degraded,empty caption from provider
sage/sage/sage-imagesampler-bottom-0.2.5/000048b02d3af487/1649879554551268100-sample.jpg,query_031,caption_failed,empty caption from provider,6,inserted_degraded,empty caption from provider
sage/imagesampler-left-2668/sage-imagesampler-left-0.3.5/000048b02d3ae32e/1744118116323753400-left_camera.jpg,query_032,caption_failed,empty caption from provider,6,inserted_degraded,empty caption from provider
sage/imagesampler-right-18/sage-imagesampler-right-0.3.0/000048b02d15bc3d/1709384415159673947-sample.jpg,query_031,caption_failed,empty caption from provider,6,inserted_degraded,empty caption from provider
sage/sage/sage-imagesampler-left-0.2.5/000048b02d15bdc2/1677227207856607190-sample.jpg,query_032,caption_failed,empty caption from provider,6,inserted_degraded,empty caption from provider
sage/imagesampler-bottom-2726/sage-imagesampler-bottom-0.3.7/000048b02dd3c427/1740407043434690646-sample.jpg,query_032,caption_failed,empty caption from provider,6,inserted_degraded,empty caption from provider
sage/imagesampler-left-2668/sage-imagesampler-left-0.3.5/000048b02d3ae27c/1767551423570135798-left_camera.jpg,query_032,caption_failed,empty caption from provider,6,inserted_degraded,empty caption from provider
sage/imagesampler-bottom-1731/sage-imagesampler-bottom-0.3.5/000048b02d3b1313/1749636006318271258-bottom_camera.jpg,query_033,caption_failed,empty caption from provider,6,inserted_degraded,empty caption from provider
sage/sage/sage-imagesampler-left-0.3.0/000048b02d3ae320/1689177617587967763-sample.jpg,query_033,caption_failed,empty caption from provider,6,inserted_degraded,empty caption from provider
coco/data/000000011801.jpg,query_016,hard_fail,process_item returned None,6,abandoned,process_item returned None
sage/imagesampler-bottom-1731/sage-imagesampler-bottom-0.3.5/000048b02dd3c6d0/1763744414210269261-bottom_camera.jpg,query_033,caption_failed,empty caption from provider,6,inserted_degraded,empty caption from provider
sage/sage/sage-imagesampler-bottom-0.2.5/000048b02d05a1c7/1662223314895447828-sample.jpg,query_032,caption_failed,empty caption from provider,6,inserted_degraded,empty caption from provider
sage/sage/sage-imagesampler-bottom-0.2.5/000048b02d05a1c2/1653976325926597612-sample.jpg,query_033,caption_failed,empty caption from provider,6,inserted_degraded,empty caption from provider
coco/data/000000015286.jpg,query_017,hard_fail,process_item returned None,6,abandoned,process_item returned None
sage/imagesampler-bottom-2726/sage-imagesampler-bottom-0.3.7/000048b02dd3c427/1738939571722685837-sample.jpg,query_034,caption_failed,empty caption from provider,6,inserted_degraded,empty caption from provider
sage/imagesampler-right-2668/sage-imagesampler-right-0.3.5/000048b02d3ae328/1737729611044214589-right_camera.jpg,query_033,caption_failed,empty caption from provider,6,inserted_degraded,empty caption from provider
sage/imagesampler-left-1813/sage-imagesampler-left-0.3.0/00002cea7f56acf2/1716325510785204185-sample.jpg,query_035,caption_failed,empty caption from provider,6,inserted_degraded,empty caption from provider
sage/imagesampler-right-18/sage-imagesampler-right-0.3.5/000048b02d3ae318/1737352810788328952-right_camera.jpg,query_033,caption_failed,empty caption from provider,6,inserted_degraded,empty caption from provider
sage/imagesampler-bottom-11/sage-imagesampler-bottom-0.3.0/000048b02d05a1c7/1721044814288339653-sample.jpg,query_033,caption_failed,empty caption from provider,6,inserted_degraded,empty caption from provider
sage/imagesampler-left-2668/sage-imagesampler-left-0.3.5/000048b02d3ae25f/1752948641930117989-left_camera.jpg,query_033,caption_failed,empty caption from provider,6,inserted_degraded,empty caption from provider
sage/imagesampler-bottom/sage-imagesampler-bottom-0.3.0/000048b02d3ae31e/1678291207315365397-sample.jpg,query_035,caption_failed,empty caption from provider,6,inserted_degraded,empty caption from provider
sage/imagesampler-left-2668/sage-imagesampler-left-0.3.5/000048b02d3b12e3/1751296810572280843-left_camera.jpg,query_034,caption_failed,empty caption from provider,6,inserted_degraded,empty caption from provider
sage/imagesampler-bottom-2726/sage-imagesampler-bottom-0.3.7/000048b02dd3c427/1739844372328512150-sample.jpg,query_034,caption_failed,empty caption from provider,6,inserted_degraded,empty caption from provider
sage/imagesampler-right-2668/sage-imagesampler-right-0.3.5/000048b02d3ae32e/1738938613270082599-right_camera.jpg,query_035,caption_failed,empty caption from provider,6,inserted_degraded,empty caption from provider
sage/sage/sage-imagesampler-bottom-0.2.5/000048b02d15bc73/1654714984669471080-sample.jpg,query_035,caption_failed,empty caption from provider,6,inserted_degraded,empty caption from provider
sage/imagesampler-right-2668/sage-imagesampler-right-0.3.5/000048b02d3ae318/1751296243782926751-right_camera.jpg,query_034,caption_failed,empty caption from provider,6,inserted_degraded,empty caption from provider
sage/imagesampler-left-2668/sage-imagesampler-left-0.3.5/000048b02d3ae2eb/1764783638832220965-left_camera.jpg,query_036,caption_failed,empty caption from provider,6,inserted_degraded,empty caption from provider
sage/imagesampler-right-2668/sage-imagesampler-right-0.3.5/000048b02d3ae27c/1765200313762701325-right_camera.jpg,query_036,caption_failed,empty caption from provider,6,inserted_degraded,empty caption from provider
sage/imagesampler-left-2668/sage-imagesampler-left-0.3.5/000048b02d3ae2f1/1744118117312639631-left_camera.jpg,query_036,caption_failed,empty caption from provider,6,inserted_degraded,empty caption from provider
sage/imagesampler-bottom/sage-imagesampler-bottom-0.3.0/000048b02d15bc73/1678305623890235663-sample.jpg,query_035,caption_failed,empty caption from provider,6,inserted_degraded,empty caption from provider
sage/imagesampler-bottom-11/sage-imagesampler-bottom-0.3.5/000048b02d3af447/1734699608700258307-bottom_camera.jpg,query_036,caption_failed,empty caption from provider,6,inserted_degraded,empty caption from provider
sage/sage/sage-imagesampler-bottom-0.2.5/000048b02d05a1c2/1703039785574802629-sample.jpg,query_037,caption_failed,empty caption from provider,6,inserted_degraded,empty caption from provider
sage/imagesampler-left-1813/sage-imagesampler-left-0.3.5/00002cea7f56acf2/1751296212483886987-left_camera.jpg,query_038,caption_failed,empty caption from provider,6,inserted_degraded,empty caption from provider
sage/imagesampler-right-2668/sage-imagesampler-right-0.3.5/000048b02d3ae25f/1744156518433392499-right_camera.jpg,query_036,caption_failed,empty caption from provider,6,inserted_degraded,empty caption from provider
sage/imagesampler-left-2668/sage-imagesampler-left-0.3.5/000048b02d3ae27c/1737352211388848449-left_camera.jpg,query_036,caption_failed,empty caption from provider,6,inserted_degraded,empty caption from provider
sage/imagesampler-right-18/sage-imagesampler-right-0.3.0/000048b02d15bc3d/1715090412797779510-sample.jpg,query_036,caption_failed,empty caption from provider,6,inserted_degraded,empty caption from provider
sage/imagesampler-bottom/sage-imagesampler-bottom-0.3.0/000048b02d3b1313/1670432408913512611-sample.jpg,query_037,caption_failed,empty caption from provider,6,inserted_degraded,empty caption from provider
sage/sage/sage-imagesampler-bottom-0.2.5/000048b02d15bc77/1655713354637785533-sample.jpg,query_037,caption_failed,empty caption from provider,6,inserted_degraded,empty caption from provider
sage/imagesampler-left-18/sage-imagesampler-left-0.3.5/000048b02d3b12ed/1730944810766420377-left_camera.jpg,query_037,caption_failed,empty caption from provider,6,inserted_degraded,empty caption from provider
sage/imagesampler-left-1813/sage-imagesampler-left-0.3.5/00002cea7f56acf2/1749047122438866294-left_camera.jpg,query_039,caption_failed,empty caption from provider,6,inserted_degraded,empty caption from provider
sage/imagesampler-right-2668/sage-imagesampler-right-0.3.5/000048b02d3b12e3/1739844316257496611-right_camera.jpg,query_036,caption_failed,empty caption from provider,6,inserted_degraded,empty caption from provider
sage/imagesampler-left-2668/sage-imagesampler-left-0.3.5/000048b02d3ae2f1/1740987637645568685-left_camera.jpg,query_037,caption_failed,empty caption from provider,6,inserted_degraded,empty caption from provider
sage/imagesampler-left-2668/sage-imagesampler-left-0.3.5/000048b02d3ae25f/1744756227229101524-left_camera.jpg,query_037,caption_failed,empty caption from provider,6,inserted_degraded,empty caption from provider
sage/imagesampler-left-2668/sage-imagesampler-left-0.3.5/000048b02d3ae27c/1742841918414847203-left_camera.jpg,query_037,caption_failed,empty caption from provider,6,inserted_degraded,empty caption from provider
sage/sage/sage-imagesampler-bottom-0.2.5/000048b02d15bc77/1655713291550871905-sample.jpg,query_039,caption_failed,empty caption from provider,6,inserted_degraded,empty caption from provider
sage/imagesampler-right-2668/sage-imagesampler-right-0.3.5/000048b02d3ae318/1745149807858607438-right_camera.jpg,query_037,caption_failed,empty caption from provider,6,inserted_degraded,empty caption from provider
sage/imagesampler-left-2668/sage-imagesampler-left-0.3.5/000048b02d3ae25f/1742436009224468375-left_camera.jpg,query_037,caption_failed,empty caption from provider,6,inserted_degraded,empty caption from provider
sage/imagesampler-left-18/sage-imagesampler-left-0.3.5/000048b02d3ae221/1732302010936154357-left_camera.jpg,query_038,caption_failed,empty caption from provider,6,inserted_degraded,empty caption from provider
sage/imagesampler-left-2668/sage-imagesampler-left-0.3.5/000048b02d3ae328/1735193705655931854-left_camera.jpg,query_038,caption_failed,empty caption from provider,6,inserted_degraded,empty caption from provider
coco/data/000000000821.jpg,query_020,hard_fail,process_item returned None,6,abandoned,process_item returned None
sage/imagesampler-right-2668/sage-imagesampler-right-0.3.5/000048b02d3ae318/1752317440419744215-right_camera.jpg,query_039,caption_failed,empty caption from provider,6,inserted_degraded,empty caption from provider
sage/sage/sage-imagesampler-right-0.2.5/000048b02d15bc3d/1722027340800301021-sample.jpg,query_038,caption_failed,empty caption from provider,6,inserted_degraded,empty caption from provider
sage/imagesampler-right-2668/sage-imagesampler-right-0.3.5/000048b02d3ae2eb/1749152129757159569-right_camera.jpg,query_039,caption_failed,empty caption from provider,6,inserted_degraded,empty caption from provider
sage/imagesampler-right-2668/sage-imagesampler-right-0.3.5/000048b02d3ae318/1755795609659570538-right_camera.jpg,query_039,caption_failed,empty caption from provider,6,inserted_degraded,empty caption from provider
sage/sage/sage-imagesampler-bottom-0.2.5/000048b02d15bc6d/1677228550475422270-sample.jpg,query_039,caption_failed,empty caption from provider,6,inserted_degraded,empty caption from provider
sage/imagesampler-left-1813/sage-imagesampler-left-0.3.5/00002cea7f56acf2/1749047122438866294-left_camera.jpg,query_040,caption_failed,empty caption from provider,6,inserted_degraded,empty caption from provider
sage/imagesampler-right-2668/sage-imagesampler-right-0.3.5/000048b02d3ae27c/1760742315484383035-right_camera.jpg,query_034,caption_failed,empty caption from provider,6,inserted_degraded,empty caption from provider
sage/imagesampler-right-2668/sage-imagesampler-right-0.3.5/000048b02d3ae32e/1744118113887938934-right_camera.jpg,query_040,caption_failed,empty caption from provider,6,inserted_degraded,empty caption from provider
sage/imagesampler-bottom-11/sage-imagesampler-bottom-0.3.0/000048b02d15bc65/1721797212867558746-sample.jpg,query_039,caption_failed,empty caption from provider,6,inserted_degraded,empty caption from provider
sage/imagesampler-left/sage-imagesampler-left-0.3.0/000048b02d05a0a4/1697302808365270632-sample.jpg,query_041,caption_failed,empty caption from provider,6,inserted_degraded,empty caption from provider
sage/imagesampler-right-2668/sage-imagesampler-right-0.3.5/000048b02d3ae2eb/1737352807399783105-right_camera.jpg,query_040,caption_failed,empty caption from provider,6,inserted_degraded,empty caption from provider
sage/imagesampler-left-2668/sage-imagesampler-left-0.3.5/000048b02d3ae328/1744156519430262527-left_camera.jpg,query_040,caption_failed,empty caption from provider,6,inserted_degraded,empty caption from provider
sage/imagesampler-bottom-11/sage-imagesampler-bottom-0.3.0/000048b02d05a1c6/1727024414574144453-sample.jpg,query_039,caption_failed,empty caption from provider,6,inserted_degraded,empty caption from provider
sage/imagesampler-right-2668/sage-imagesampler-right-0.3.5/000048b02d3ae2eb/1738938611920410965-right_camera.jpg,query_040,caption_failed,empty caption from provider,6,inserted_degraded,empty caption from provider
sage/imagesampler-left-2668/sage-imagesampler-left-0.3.5/000048b02d3b1303/1739843713906653688-left_camera.jpg,query_040,caption_failed,empty caption from provider,6,inserted_degraded,empty caption from provider
sage/imagesampler-bottom-2128/sage-imagesampler-bottom-0.3.4/000048b02dd3c637/1708002014140076334-sample.jpg,query_039,caption_failed,empty caption from provider,6,inserted_degraded,empty caption from provider
sage/imagesampler-right-2668/sage-imagesampler-right-0.3.5/000048b02d3ae328/1739844313594154296-right_camera.jpg,query_041,caption_failed,empty caption from provider,6,inserted_degraded,empty caption from provider
sage/imagesampler-bottom-11/sage-imagesampler-bottom-0.3.5/000048b02d3ae33b/1741777221868226860-bottom_camera.jpg,query_041,caption_failed,empty caption from provider,6,inserted_degraded,empty caption from provider
sage/imagesampler-bottom/sage-imagesampler-bottom-0.3.0/000048b02d05a1c7/1676808026807229076-sample.jpg,query_041,caption_failed,empty caption from provider,6,inserted_degraded,empty caption from provider
sage/imagesampler-bottom/sage-imagesampler-bottom-0.3.0/000048b02d0766be/1694602814242128438-sample.jpg,query_041,caption_failed,empty caption from provider,6,inserted_degraded,empty caption from provider
sage/imagesampler-right-2668/sage-imagesampler-right-0.3.5/000048b02d3ae328/1737098711041373399-right_camera.jpg,query_041,caption_failed,empty caption from provider,6,inserted_degraded,empty caption from provider
sage/imagesampler-left-2668/sage-imagesampler-left-0.3.5/000048b02d3ae2eb/1747306883727235926-left_camera.jpg,query_042,caption_failed,empty caption from provider,6,inserted_degraded,empty caption from provider
sage/sage/sage-imagesampler-bottom-0.3.0/000048b02d3ae319/1697302810476800320-sample.jpg,query_041,caption_failed,empty caption from provider,6,inserted_degraded,empty caption from provider
sage/imagesampler-left-2668/sage-imagesampler-left-0.3.5/000048b02d3ae2f1/1744155632734582506-left_camera.jpg,query_041,caption_failed,empty caption from provider,6,inserted_degraded,empty caption from provider
sage/imagesampler-left-2668/sage-imagesampler-left-0.3.5/000048b02d3ae2eb/1741258538932297468-left_camera.jpg,query_041,caption_failed,empty caption from provider,6,inserted_degraded,empty caption from provider
sage/imagesampler-left-2668/sage-imagesampler-left-0.3.5/000048b02d3ae318/1759839311570836097-left_camera.jpg,query_042,caption_failed,empty caption from provider,6,inserted_degraded,empty caption from provider
sage/imagesampler-right-2668/sage-imagesampler-right-0.3.5/000048b02d3ae32e/1738857019150239660-right_camera.jpg,query_042,caption_failed,empty caption from provider,6,inserted_degraded,empty caption from provider
sage/sage/sage-imagesampler-left-0.2.5/000048b02d15bc73/1676930945657167598-sample.jpg,query_041,caption_failed,empty caption from provider,6,inserted_degraded,empty caption from provider
sage/imagesampler-bottom-1731/sage-imagesampler-bottom-0.3.5/000048b02dd3c641/1749636013938120871-bottom_camera.jpg,query_040,caption_failed,empty caption from provider,6,inserted_degraded,empty caption from provider
sage/sage/sage-imagesampler-bottom-0.3.0/000048b02d3ae319/1689177625894063530-sample.jpg,query_041,caption_failed,empty caption from provider,6,inserted_degraded,empty caption from provider
sage/imagesampler-right-2668/sage-imagesampler-right-0.3.5/000048b02d3ae27c/1735561809250970468-right_camera.jpg,query_041,caption_failed,empty caption from provider,6,inserted_degraded,empty caption from provider
sage/imagesampler-left-2668/sage-imagesampler-left-0.3.5/000048b02d3b1303/1738939810196553894-left_camera.jpg,query_042,caption_failed,empty caption from provider,6,inserted_degraded,empty caption from provider
sage/imagesampler-bottom-1731/sage-imagesampler-bottom-0.3.5/000048b02dd3c641/1749636013938120871-bottom_camera.jpg,query_041,caption_failed,empty caption from provider,6,inserted_degraded,empty caption from provider
sage/imagesampler-right-2668/sage-imagesampler-right-0.3.5/000048b02d3ae221/1751295923890022617-right_camera.jpg,query_043,caption_failed,empty caption from provider,6,inserted_degraded,empty caption from provider
sage/imagesampler-left-2668/sage-imagesampler-left-0.3.5/000048b02d3ae318/1735126808357945396-left_camera.jpg,query_042,caption_failed,empty caption from provider,6,inserted_degraded,empty caption from provider
sage/imagesampler-bottom-2726/sage-imagesampler-bottom-0.3.7/000048b02dd3c427/1742434925147014552-sample.jpg,query_042,caption_failed,empty caption from provider,6,inserted_degraded,empty caption from provider
sage/imagesampler-bottom-2726/sage-imagesampler-bottom-0.3.7/000048b02dd3c427/1739843292326326353-sample.jpg,query_042,caption_failed,empty caption from provider,6,inserted_degraded,empty caption from provider
sage/sage/sage-imagesampler-bottom-0.2.5/000048b02d15bc77/1655968913771850592-sample.jpg,query_043,caption_failed,empty caption from provider,6,inserted_degraded,empty caption from provider
sage/sage/sage-imagesampler-bottom-0.3.0/000048b02d3ae319/1689177625894063530-sample.jpg,query_043,caption_failed,empty caption from provider,6,inserted_degraded,empty caption from provider
sage/imagesampler-right-2668/sage-imagesampler-right-0.3.5/000048b02d3ae2f1/1739842813878824832-right_camera.jpg,query_043,caption_failed,empty caption from provider,6,inserted_degraded,empty caption from provider
sage/imagesampler-right-2668/sage-imagesampler-right-0.3.5/000048b02d3b1303/1744155916718427761-right_camera.jpg,query_044,caption_failed,empty caption from provider,6,inserted_degraded,empty caption from provider
sage/sage/sage-imagesampler-bottom-0.2.5/000048b02d15bc73/1655968299682322510-sample.jpg,query_043,caption_failed,empty caption from provider,6,inserted_degraded,empty caption from provider
sage/imagesampler-left-2668/sage-imagesampler-left-0.3.5/000048b02d3ae328/1744754725840402501-left_camera.jpg,query_043,caption_failed,empty caption from provider,6,inserted_degraded,empty caption from provider
sage/imagesampler-bottom-1731/sage-imagesampler-bottom-0.3.5/000048b02d3b1313/1749636006318271258-bottom_camera.jpg,query_044,caption_failed,empty caption from provider,6,inserted_degraded,empty caption from provider
sage/imagesampler-left-1813/sage-imagesampler-left-0.3.5/00002cea7f56acf2/1732493109202621537-left_camera.jpg,query_044,caption_failed,empty caption from provider,6,inserted_degraded,empty caption from provider
coco/data/000000003293.jpg,query_026,hard_fail,process_item returned None,6,abandoned,process_item returned None
sage/imagesampler-left-2668/sage-imagesampler-left-0.3.5/000048b02d3ae2eb/1735561806286785420-left_camera.jpg,query_044,caption_failed,empty caption from provider,6,inserted_degraded,empty caption from provider
sage/imagesampler-mobotix-2858/sage-imagesampler-mobotix-0.3.7/000048b02d15bc6d/1749636005632312911-sample.jpg,query_038,caption_failed,empty caption from provider,6,inserted_degraded,empty caption from provider
sage/imagesampler-right-2668/sage-imagesampler-right-0.3.5/000048b02d3ae25f/1744156518433392499-right_camera.jpg,query_044,caption_failed,empty caption from provider,6,inserted_degraded,empty caption from provider
sage/imagesampler-right-2668/sage-imagesampler-right-0.3.5/000048b02d3ae2eb/1755795313320902559-right_camera.jpg,query_044,caption_failed,empty caption from provider,6,inserted_degraded,empty caption from provider
sage/sage/sage-imagesampler-bottom-0.2.5/000048b02d15bc77/1654753247176134535-sample.jpg,query_044,caption_failed,empty caption from provider,6,inserted_degraded,empty caption from provider
sage/imagesampler-left-2668/sage-imagesampler-left-0.3.5/000048b02d3ae27c/1738938914736129957-left_camera.jpg,query_045,caption_failed,empty caption from provider,6,inserted_degraded,empty caption from provider
sage/sage/sage-imagesampler-left-0.2.5/000048b02d15bc3d/1722027276997121052-sample.jpg,query_044,caption_failed,empty caption from provider,6,inserted_degraded,empty caption from provider
sage/imagesampler-bottom-11/sage-imagesampler-bottom-0.3.0/000048b02d3ae34a/1702659684916604676-sample.jpg,query_045,caption_failed,empty caption from provider,6,inserted_degraded,empty caption from provider
sage/imagesampler-bottom/sage-imagesampler-bottom-0.3.0/000048b02d3ae31e/1678305606211770832-sample.jpg,query_044,caption_failed,empty caption from provider,6,inserted_degraded,empty caption from provider
sage/imagesampler-mobotix-2727/sage-imagesampler-mobotix-0.3.7/000048b02dd3c427/1765200204450465897-sample.jpg,query_041,caption_failed,empty caption from provider,6,inserted_degraded,empty caption from provider
sage/imagesampler-bottom/sage-imagesampler-bottom-0.3.0/000048b02d15bc73/1694602829038269618-sample.jpg,query_045,caption_failed,empty caption from provider,6,inserted_degraded,empty caption from provider
sage/imagesampler-left-1813/sage-imagesampler-left-0.3.5/00002cea7f56acf2/1732494009120922747-left_camera.jpg,query_047,caption_failed,empty caption from provider,6,inserted_degraded,empty caption from provider
sage/imagesampler-left-2668/sage-imagesampler-left-0.3.5/000048b02d3b1304/1740407736771083684-left_camera.jpg,query_045,caption_failed,empty caption from provider,6,inserted_degraded,empty caption from provider
sage/imagesampler-left-1740/sage-imagesampler-left-0.3.4/000048b02d3ae337/1709384409201120247-sample.jpg,query_041,caption_failed,empty caption from provider,6,inserted_degraded,empty caption from provider
sage/imagesampler-bottom-2626/sage-imagesampler-bottom-0.3.5/000048b02d3ae300/1749326414625060921-bottom_camera.jpg,query_046,caption_failed,empty caption from provider,6,inserted_degraded,empty caption from provider
sage/sage/sage-imagesampler-bottom-0.2.5/000048b02d15bc42/1649880071180871345-sample.jpg,query_045,caption_failed,empty caption from provider,6,inserted_degraded,empty caption from provider
sage/imagesampler-bottom/sage-imagesampler-bottom-0.3.0/000048b02d35a9ce/1694602807431074471-sample.jpg,query_046,caption_failed,empty caption from provider,6,inserted_degraded,empty caption from provider
sage/imagesampler-right-2668/sage-imagesampler-right-0.3.5/000048b02d3b1303/1745149257158794083-right_camera.jpg,query_046,caption_failed,empty caption from provider,6,inserted_degraded,empty caption from provider
sage/imagesampler-right-18/sage-imagesampler-right-0.3.0/000048b02d05a0a4/1708002007367385956-sample.jpg,query_046,caption_failed,empty caption from provider,6,inserted_degraded,empty caption from provider
sage/imagesampler-bottom-1740/sage-imagesampler-bottom-0.3.0/000048b02d3ae337/1709384411395972652-sample.jpg,query_047,caption_failed,empty caption from provider,6,inserted_degraded,empty caption from provider
sage/imagesampler-bottom/sage-imagesampler-bottom-0.3.0/000048b02d3ae300/1684521474820578701-sample.jpg,query_047,caption_failed,empty caption from provider,6,inserted_degraded,empty caption from provider
sage/imagesampler-left/sage-imagesampler-left-0.3.0/000048b02d05a0a4/1697302808365270632-sample.jpg,query_048,caption_failed,empty caption from provider,6,inserted_degraded,empty caption from provider
sage/imagesampler-left-2668/sage-imagesampler-left-0.3.5/000048b02d3ae32e/1735126507280228663-left_camera.jpg,query_048,caption_failed,empty caption from provider,6,inserted_degraded,empty caption from provider
sage/imagesampler-left-2668/sage-imagesampler-left-0.3.5/000048b02d3b12e3/1737729607904821244-left_camera.jpg,query_046,caption_failed,empty caption from provider,6,inserted_degraded,empty caption from provider
sage/sage/sage-imagesampler-left-0.2.5/000048b02d15bc3d/1712013407051993231-sample.jpg,query_046,caption_failed,empty caption from provider,6,inserted_degraded,empty caption from provider
sage/imagesampler-right-2668/sage-imagesampler-right-0.3.5/000048b02d3ae32e/1744755936404571824-right_camera.jpg,query_047,caption_failed,empty caption from provider,6,inserted_degraded,empty caption from provider
sage/sage/sage-imagesampler-bottom-0.2.5/000048b02d05a1c2/1735561628975048247-sample.jpg,query_048,caption_failed,empty caption from provider,6,inserted_degraded,empty caption from provider
sage/imagesampler-right-2668/sage-imagesampler-right-0.3.5/000048b02d3ae27c/1749152121235599342-right_camera.jpg,query_047,caption_failed,empty caption from provider,6,inserted_degraded,empty caption from provider
sage/imagesampler-left-2668/sage-imagesampler-left-0.3.5/000048b02d3ae2eb/1737352505157670054-left_camera.jpg,query_048,caption_failed,empty caption from provider,6,inserted_degraded,empty caption from provider
sage/imagesampler-bottom/sage-imagesampler-bottom-0.3.0/000048b02d15bc73/1689962430897414119-sample.jpg,query_048,caption_failed,empty caption from provider,6,inserted_degraded,empty caption from provider
sage/imagesampler-left-2668/sage-imagesampler-left-0.3.5/000048b02d3ae25f/1752316084785642331-left_camera.jpg,query_049,caption_failed,empty caption from provider,6,inserted_degraded,empty caption from provider
sage/sage/sage-imagesampler-bottom-0.3.0/000048b02d3af466/1702659616154963333-sample.jpg,query_048,caption_failed,empty caption from provider,6,inserted_degraded,empty caption from provider
sage/sage/sage-imagesampler-bottom-0.2.5/000048b02d15c319/1662468760738165552-sample.jpg,query_049,caption_failed,empty caption from provider,6,inserted_degraded,empty caption from provider
sage/imagesampler-right-2668/sage-imagesampler-right-0.3.5/000048b02d3ae2eb/1752317121949175087-right_camera.jpg,query_049,caption_failed,empty caption from provider,6,inserted_degraded,empty caption from provider
sage/imagesampler-bottom/sage-imagesampler-bottom-0.3.0/000048b02d3ae336/1676261411908320906-sample.jpg,query_050,caption_failed,empty caption from provider,6,inserted_degraded,empty caption from provider
sage/imagesampler-bottom-2609/sage-imagesampler-bottom-0.3.5/000048b02d15c1aa/1737098112953133728-bottom_camera.jpg,query_047,caption_failed,empty caption from provider,6,inserted_degraded,empty caption from provider
sage/imagesampler-hanwhaptz-2690/sage-imagesampler-hanwhaptz-0.3.7/000048b02d3ae335/1769014816077034205-sample.jpg,query_051,caption_failed,empty caption from provider,6,inserted_degraded,empty caption from provider
sage/sage/sage-imagesampler-bottom-0.3.0/000048b02d3ae33d/1689962443661331215-sample.jpg,query_050,caption_failed,empty caption from provider,6,inserted_degraded,empty caption from provider
sage/imagesampler-left-2668/sage-imagesampler-left-0.3.5/000048b02d3b1303/1744118122544456595-left_camera.jpg,query_049,caption_failed,empty caption from provider,6,inserted_degraded,empty caption from provider
sage/imagesampler-bottom-366/sage-imagesampler-bottom-0.3.0/000048b02d3ae31e/1721044810488631841-sample.jpg,query_051,caption_failed,empty caption from provider,6,inserted_degraded,empty caption from provider
sage/imagesampler-left-2668/sage-imagesampler-left-0.3.5/000048b02d3ae27c/1745149527077302999-left_camera.jpg,query_050,caption_failed,empty caption from provider,6,inserted_degraded,empty caption from provider
sage/sage/sage-imagesampler-left-0.2.5/000048b02d15bdd2/1652664436086014806-sample.jpg,query_049,caption_failed,empty caption from provider,6,inserted_degraded,empty caption from provider
sage/imagesampler-mobotix-2727/sage-imagesampler-mobotix-0.3.7/000048b02dd3c427/1765200694039260166-sample.jpg,query_047,caption_failed,empty caption from provider,6,inserted_degraded,empty caption from provider
sage/imagesampler-left-2668/sage-imagesampler-left-0.3.5/000048b02d3ae328/1740525939244802487-left_camera.jpg,query_051,caption_failed,empty caption from provider,6,inserted_degraded,empty caption from provider
sage/imagesampler-left-2668/sage-imagesampler-left-0.3.5/000048b02d3ae318/1734699018598833156-left_camera.jpg,query_050,caption_failed,empty caption from provider,6,inserted_degraded,empty caption from provider
sage/imagesampler-left-1813/sage-imagesampler-left-0.3.0/00002cea7f56acf2/1716324911579285200-sample.jpg,query_052,caption_failed,empty caption from provider,6,inserted_degraded,empty caption from provider
sage/imagesampler-right-2668/sage-imagesampler-right-0.3.5/000048b02d3ae2eb/1738938911996476309-right_camera.jpg,query_051,caption_failed,empty caption from provider,6,inserted_degraded,empty caption from provider
sage/imagesampler-right-18/sage-imagesampler-right-0.3.5/000048b02d15bdc7/1733360408684211551-right_camera.jpg,query_051,caption_failed,empty caption from provider,6,inserted_degraded,empty caption from provider
sage/sage/sage-imagesampler-bottom-0.2.5/000048b02d05a1c7/1690680125532402331-sample.jpg,query_051,caption_failed,empty caption from provider,6,inserted_degraded,empty caption from provider
sage/imagesampler-right-2668/sage-imagesampler-right-0.3.5/000048b02d3ae25f/1767486922124139919-right_camera.jpg,query_051,caption_failed,empty caption from provider,6,inserted_degraded,empty caption from provider
sage/imagesampler-right-2668/sage-imagesampler-right-0.3.5/000048b02d3ae27c/1740525343798809843-right_camera.jpg,query_052,caption_failed,empty caption from provider,6,inserted_degraded,empty caption from provider
sage/imagesampler-right-2668/sage-imagesampler-right-0.3.5/000048b02d3ae328/1738938616402656793-right_camera.jpg,query_051,caption_failed,empty caption from provider,6,inserted_degraded,empty caption from provider
sage/sage/sage-imagesampler-left-0.2.5/000048b02d15bc73/1676548193234501889-sample.jpg,query_052,caption_failed,empty caption from provider,6,inserted_degraded,empty caption from provider
sage/sage/sage-imagesampler-right-0.2.5/000048b02d15bc3d/1709383712122017958-sample.jpg,query_051,caption_failed,empty caption from provider,6,inserted_degraded,empty caption from provider
sage/imagesampler-right-2668/sage-imagesampler-right-0.3.5/000048b02d3b1303/1761500724149981660-right_camera.jpg,query_053,caption_failed,empty caption from provider,6,inserted_degraded,empty caption from provider
sage/imagesampler-mobotix-1813/sage-imagesampler-mobotix-0.3.7/00002cea7f56acf2/1756571111477180858-sample.jpg,query_049,caption_failed,empty caption from provider,6,inserted_degraded,empty caption from provider
sage/imagesampler-right-2668/sage-imagesampler-right-0.3.5/000048b02d3b1304/1737353105565630531-right_camera.jpg,query_053,caption_failed,empty caption from provider,6,inserted_degraded,empty caption from provider
sage/imagesampler-left-1813/sage-imagesampler-left-0.3.5/00002cea7f56acf2/1732494009120922747-left_camera.jpg,query_049,caption_failed,empty caption from provider,6,inserted_degraded,empty caption from provider
sage/imagesampler-bottom-11/sage-imagesampler-bottom-0.3.0/000048b02d3af447/1715248814486811506-sample.jpg,query_053,caption_failed,empty caption from provider,6,inserted_degraded,empty caption from provider
sage/imagesampler-left-2668/sage-imagesampler-left-0.3.5/000048b02d3b1303/1749327019090945334-left_camera.jpg,query_052,caption_failed,empty caption from provider,6,inserted_degraded,empty caption from provider
sage/sage/sage-imagesampler-bottom-0.2.5/000048b02d15bda5/1678334288736193705-sample.jpg,query_053,caption_failed,empty caption from provider,6,inserted_degraded,empty caption from provider
sage/imagesampler-bottom-11/sage-imagesampler-bottom-0.3.0/000048b02d05a1c2/1726315451694072845-sample.jpg,query_053,caption_failed,empty caption from provider,6,inserted_degraded,empty caption from provider
sage/sage/sage-imagesampler-bottom-0.2.5/000048b02d05a1c2/1648504403779483420-sample.jpg,query_054,caption_failed,empty caption from provider,6,inserted_degraded,empty caption from provider
sage/imagesampler-right-2668/sage-imagesampler-right-0.3.5/000048b02d3ae27c/1735562406813243726-right_camera.jpg,query_054,caption_failed,empty caption from provider,6,inserted_degraded,empty caption from provider
sage/imagesampler-bottom-1274/sage-imagesampler-bottom-0.3.5/00004cd98fb56d33/1756652405516666288-sample.jpg,query_052,caption_failed,empty caption from provider,6,inserted_degraded,empty caption from provider
sage/imagesampler-bottom-1731/sage-imagesampler-bottom-0.3.5/000048b02dd3c641/1760742013310011426-bottom_camera.jpg,query_054,caption_failed,empty caption from provider,6,inserted_degraded,empty caption from provider
sage/sage/sage-imagesampler-left-0.2.5/000048b02d15bc73/1683231499723437745-sample.jpg,query_053,caption_failed,empty caption from provider,6,inserted_degraded,empty caption from provider
sage/imagesampler-left-2668/sage-imagesampler-left-0.3.5/000048b02d3ae328/1737729611045592022-left_camera.jpg,query_054,caption_failed,empty caption from provider,6,inserted_degraded,empty caption from provider
sage/imagesampler-bottom-1156/sage-imagesampler-bottom-0.3.0/000048b02d35a992/1702659609033437474-sample.jpg,query_054,caption_failed,empty caption from provider,6,inserted_degraded,empty caption from provider
sage/imagesampler-right-2668/sage-imagesampler-right-0.3.5/000048b02d3ae27c/1744155619585477613-right_camera.jpg,query_054,caption_failed,empty caption from provider,6,inserted_degraded,empty caption from provider
sage/imagesampler-bottom-2726/sage-imagesampler-bottom-0.3.7/000048b02dd3c427/1739843292326326353-sample.jpg,query_054,caption_failed,empty caption from provider,6,inserted_degraded,empty caption from provider
sage/imagesampler-right-2668/sage-imagesampler-right-0.3.5/000048b02d3ae25f/1760742614551476139-right_camera.jpg,query_055,caption_failed,empty caption from provider,6,inserted_degraded,empty caption from provider
sage/imagesampler-right-2668/sage-imagesampler-right-0.3.5/000048b02d3ae221/1752316221999299604-right_camera.jpg,query_054,caption_failed,empty caption from provider,6,inserted_degraded,empty caption from provider
sage/sage/sage-imagesampler-bottom-0.2.5/000048b02d15c31a/1732328033522936083-sample.jpg,query_055,caption_failed,empty caption from provider,6,inserted_degraded,empty caption from provider
sage/sage/sage-imagesampler-left-0.2.5/000048b02d15bdc2/1676499685214548404-sample.jpg,query_055,caption_failed,empty caption from provider,6,inserted_degraded,empty caption from provider
sage/imagesampler-left-2668/sage-imagesampler-left-0.3.5/000048b02d3ae2f1/1742436316143629103-left_camera.jpg,query_055,caption_failed,empty caption from provider,6,inserted_degraded,empty caption from provider
sage/imagesampler-bottom-11/sage-imagesampler-bottom-0.3.5/000048b02d05a1c6/1732741209725672873-bottom_camera.jpg,query_053,caption_failed,empty caption from provider,6,inserted_degraded,empty caption from provider
sage/imagesampler-right-2668/sage-imagesampler-right-0.3.5/000048b02d3ae221/1759750551634122426-right_camera.jpg,query_055,caption_failed,empty caption from provider,6,inserted_degraded,empty caption from provider
sage/imagesampler-left-2668/sage-imagesampler-left-0.3.5/000048b02d3ae318/1759737012799276934-left_camera.jpg,query_056,caption_failed,empty caption from provider,6,inserted_degraded,empty caption from provider
sage/imagesampler-left-1739/sage-imagesampler-left-0.3.6/000048b02d3ae27a/1734699612892117875-sample.jpg,query_050,caption_failed,empty caption from provider,6,inserted_degraded,empty caption from provider
sage/imagesampler-bottom-11/sage-imagesampler-bottom-0.3.0/000048b02d3af447/1727974831671414724-sample.jpg,query_056,caption_failed,empty caption from provider,6,inserted_degraded,empty caption from provider
sage/imagesampler-right-2668/sage-imagesampler-right-0.3.5/000048b02d3ae2f1/1743470720885221650-right_camera.jpg,query_056,caption_failed,empty caption from provider,6,inserted_degraded,empty caption from provider
sage/imagesampler-left-2668/sage-imagesampler-left-0.3.5/000048b02d3b1303/1747306519845100646-left_camera.jpg,query_056,caption_failed,empty caption from provider,6,inserted_degraded,empty caption from provider
sage/imagesampler-right-2668/sage-imagesampler-right-0.3.5/000048b02d3ae318/1759840215806964218-right_camera.jpg,query_056,caption_failed,empty caption from provider,6,inserted_degraded,empty caption from provider
sage/imagesampler-bottom/sage-imagesampler-bottom-0.3.0/000048b02d3ae31e/1678333506852176672-sample.jpg,query_056,caption_failed,empty caption from provider,6,inserted_degraded,empty caption from provider
sage/imagesampler-left-2668/sage-imagesampler-left-0.3.5/000048b02d3ae221/1745149506019248485-left_camera.jpg,query_056,caption_failed,empty caption from provider,6,inserted_degraded,empty caption from provider
sage/imagesampler-bottom-1731/sage-imagesampler-bottom-0.3.5/000048b02dd3c42b/1749326413617788272-bottom_camera.jpg,query_057,caption_failed,empty caption from provider,6,inserted_degraded,empty caption from provider
sage/imagesampler-left-2668/sage-imagesampler-left-0.3.5/000048b02d3ae2eb/1734698705532308297-left_camera.jpg,query_057,caption_failed,empty caption from provider,6,inserted_degraded,empty caption from provider
sage/imagesampler-bottom-2726/sage-imagesampler-bottom-0.3.7/000048b02dd3c427/1738939451788043882-sample.jpg,query_057,caption_failed,empty caption from provider,6,inserted_degraded,empty caption from provider
sage/imagesampler-right-2668/sage-imagesampler-right-0.3.5/000048b02d3ae32e/1740405977077887111-right_camera.jpg,query_057,caption_failed,empty caption from provider,6,inserted_degraded,empty caption from provider
sage/imagesampler-bottom-11/sage-imagesampler-bottom-0.3.0/000048b02d3ae33b/1712012416623871912-sample.jpg,query_057,caption_failed,empty caption from provider,6,inserted_degraded,empty caption from provider
sage/imagesampler-left-2668/sage-imagesampler-left-0.3.5/000048b02d3ae2eb/1735126807427074423-left_camera.jpg,query_058,caption_failed,empty caption from provider,6,inserted_degraded,empty caption from provider
sage/imagesampler-right-2668/sage-imagesampler-right-0.3.5/000048b02d3ae2eb/1737729904764205948-right_camera.jpg,query_057,caption_failed,empty caption from provider,6,inserted_degraded,empty caption from provider
sage/imagesampler-left-2668/sage-imagesampler-left-0.3.5/000048b02d3ae25f/1767550523490693985-left_camera.jpg,query_057,caption_failed,empty caption from provider,6,inserted_degraded,empty caption from provider
sage/imagesampler-right-2668/sage-imagesampler-right-0.3.5/000048b02d3ae318/1759839311556342415-right_camera.jpg,query_057,caption_failed,empty caption from provider,6,inserted_degraded,empty caption from provider
sage/imagesampler-right-2668/sage-imagesampler-right-0.3.5/000048b02d3ae2f1/1734698710626993896-right_camera.jpg,query_058,caption_failed,empty caption from provider,6,inserted_degraded,empty caption from provider
sage/imagesampler-right-2668/sage-imagesampler-right-0.3.5/000048b02d3b1303/1752948618742092455-right_camera.jpg,query_057,caption_failed,empty caption from provider,6,inserted_degraded,empty caption from provider
sage/sage/sage-imagesampler-bottom-0.2.5/000048b02d15bc77/1661509394960074279-sample.jpg,query_057,caption_failed,empty caption from provider,6,inserted_degraded,empty caption from provider
sage/imagesampler-bottom-2865/sage-imagesampler-bottom-0.3.7/000048b02d3af460/1757671211214106937-sample.jpg,query_058,caption_failed,empty caption from provider,6,inserted_degraded,empty caption from provider
sage/imagesampler-right-2668/sage-imagesampler-right-0.3.5/000048b02d3ae27c/1739844015500016932-right_camera.jpg,query_058,caption_failed,empty caption from provider,6,inserted_degraded,empty caption from provider
sage/sage/sage-imagesampler-right-0.2.5/000048b02d15bdd2/1687161094819288903-sample.jpg,query_058,caption_failed,empty caption from provider,6,inserted_degraded,empty caption from provider
sage/imagesampler-bottom-2626/sage-imagesampler-bottom-0.3.5/000048b02d3ae300/1737352812844228600-bottom_camera.jpg,query_059,caption_failed,empty caption from provider,6,inserted_degraded,empty caption from provider
sage/imagesampler-right-2668/sage-imagesampler-right-0.3.5/000048b02d3ae2eb/1754744775096888430-right_camera.jpg,query_058,caption_failed,empty caption from provider,6,inserted_degraded,empty caption from provider
sage/imagesampler-left/sage-imagesampler-left-0.3.0/000048b02d3ae320/1671739215278191621-sample.jpg,query_059,caption_failed,empty caption from provider,6,inserted_degraded,empty caption from provider
sage/imagesampler-left-2668/sage-imagesampler-left-0.3.5/000048b02d3ae328/1740525609038905430-left_camera.jpg,query_059,caption_failed,empty caption from provider,6,inserted_degraded,empty caption from provider
sage/imagesampler-bottom-4635/sage-imagesampler-bottom-0.3.5/000048b02d3af49f/1754744413454489055-bottom_camera.jpg,query_060,caption_failed,empty caption from provider,6,inserted_degraded,empty caption from provider
sage/sage/sage-imagesampler-bottom-0.2.5/000048b02d15bc77/1655712364350371082-sample.jpg,query_059,caption_failed,empty caption from provider,6,inserted_degraded,empty caption from provider
sage/imagesampler-bottom-540/sage-imagesampler-bottom-0.3.4/000048b02d35a87e/1727024411810286990-sample.jpg,query_059,caption_failed,empty caption from provider,6,inserted_degraded,empty caption from provider
sage/imagesampler-mobotix-1813/sage-imagesampler-mobotix-0.3.7/00002cea7f56acf2/1757294411261575116-sample.jpg,query_054,caption_failed,empty caption from provider,6,inserted_degraded,empty caption from provider
sage/sage/sage-imagesampler-right-0.2.5/000048b02d15bc3d/1689962637991152672-sample.jpg,query_058,caption_failed,empty caption from provider,6,inserted_degraded,empty caption from provider
sage/imagesampler-left-2668/sage-imagesampler-left-0.3.5/000048b02d3ae25f/1742436009224468375-left_camera.jpg,query_059,caption_failed,empty caption from provider,6,inserted_degraded,empty caption from provider
sage/imagesampler-bottom-2726/sage-imagesampler-bottom-0.3.7/000048b02dd3c427/1740986526011662865-sample.jpg,query_060,caption_failed,empty caption from provider,6,inserted_degraded,empty caption from provider
sage/sage/sage-imagesampler-left-0.2.5/000048b02d15bdd2/1686653185301459942-sample.jpg,query_059,caption_failed,empty caption from provider,6,inserted_degraded,empty caption from provider
sage/imagesampler-left-2668/sage-imagesampler-left-0.3.5/000048b02d3ae2eb/1737099304549726552-left_camera.jpg,query_060,caption_failed,empty caption from provider,6,inserted_degraded,empty caption from provider
sage/imagesampler-right-2668/sage-imagesampler-right-0.3.5/000048b02d3b1304/1737099305032888234-right_camera.jpg,query_060,caption_failed,empty caption from provider,6,inserted_degraded,empty caption from provider
sage/imagesampler-left-2668/sage-imagesampler-left-0.3.5/000048b02d3ae2f1/1742436316143629103-left_camera.jpg,query_060,caption_failed,empty caption from provider,6,inserted_degraded,empty caption from provider
sage/imagesampler-left-1739/sage-imagesampler-left-0.3.6/000048b02d3ae27a/1763744411138946697-sample.jpg,query_059,caption_failed,empty caption from provider,6,inserted_degraded,empty caption from provider
sage/imagesampler-left-2668/sage-imagesampler-left-0.3.5/000048b02d3ae25f/1759735531107495348-left_camera.jpg,query_060,caption_failed,empty caption from provider,6,inserted_degraded,empty caption from provider
sage/imagesampler-right-2668/sage-imagesampler-right-0.3.5/000048b02d3ae2eb/1735561505391965164-right_camera.jpg,query_060,caption_failed,empty caption from provider,6,inserted_degraded,empty caption from provider
sage/imagesampler-right-2668/sage-imagesampler-right-0.3.5/000048b02d3ae27c/1742841007866558769-right_camera.jpg,query_059,caption_failed,empty caption from provider,6,inserted_degraded,empty caption from provider
sage/imagesampler-right-2668/sage-imagesampler-right-0.3.5/000048b02d3ae328/1745149519693779123-right_camera.jpg,query_061,caption_failed,empty caption from provider,6,inserted_degraded,empty caption from provider
sage/sage/sage-imagesampler-bottom-0.2.5/000048b02d05a1c2/1673853472930062069-sample.jpg,query_062,caption_failed,empty caption from provider,6,inserted_degraded,empty caption from provider
coco/data/000000006432.jpg,query_044,hard_fail,process_item returned None,6,abandoned,process_item returned None
sage/sage/sage-imagesampler-left-1.22.4.13/000048b02d3ae2f4/1666805536480002042-3840x1080.jpg,query_062,caption_failed,empty caption from provider,6,inserted_degraded,empty caption from provider
sage/imagesampler-right-2668/sage-imagesampler-right-0.3.5/000048b02d3b1303/1751296821680198881-right_camera.jpg,query_061,caption_failed,empty caption from provider,6,inserted_degraded,empty caption from provider
sage/imagesampler-left-2668/sage-imagesampler-left-0.3.5/000048b02d3ae27c/1737352211388848449-left_camera.jpg,query_061,caption_failed,empty caption from provider,6,inserted_degraded,empty caption from provider
sage/imagesampler-right-2668/sage-imagesampler-right-0.3.5/000048b02d3ae27c/1735126207543069659-right_camera.jpg,query_062,caption_failed,empty caption from provider,6,inserted_degraded,empty caption from provider
sage/sage/sage-imagesampler-bottom-0.2.5/000048b02d05a1c7/1690680125532402331-sample.jpg,query_062,caption_failed,empty caption from provider,6,inserted_degraded,empty caption from provider
sage/imagesampler-right-2668/sage-imagesampler-right-0.3.5/000048b02d3ae27c/1744756226227114341-right_camera.jpg,query_062,caption_failed,empty caption from provider,6,inserted_degraded,empty caption from provider
sage/sage/sage-imagesampler-bottom-0.2.5/000048b02d05a1c2/1702582018990699755-sample.jpg,query_063,caption_failed,empty caption from provider,6,inserted_degraded,empty caption from provider
sage/sage/sage-imagesampler-left-1.22.4.13/000048b02d3ae2f4/1666804732558373640-3840x1080.jpg,query_062,caption_failed,empty caption from provider,6,inserted_degraded,empty caption from provider
sage/imagesampler-left-2668/sage-imagesampler-left-0.3.5/000048b02d3ae2eb/1745149833066384236-left_camera.jpg,query_064,caption_failed,empty caption from provider,6,inserted_degraded,empty caption from provider
sage/imagesampler-right-2668/sage-imagesampler-right-0.3.5/000048b02d3ae2eb/1739842812230734709-right_camera.jpg,query_063,caption_failed,empty caption from provider,6,inserted_degraded,empty caption from provider
sage/sage/sage-imagesampler-bottom-0.2.5/000048b02d15bc77/1661509394960074279-sample.jpg,query_063,caption_failed,empty caption from provider,6,inserted_degraded,empty caption from provider
sage/imagesampler-right/sage-imagesampler-right-0.3.0/000048b02d15bdc2/1670432411966321327-sample.jpg,query_062,caption_failed,empty caption from provider,6,inserted_degraded,empty caption from provider
sage/imagesampler-right-2668/sage-imagesampler-right-0.3.5/000048b02d3b1304/1740525035125507225-right_camera.jpg,query_064,caption_failed,empty caption from provider,6,inserted_degraded,empty caption from provider
sage/imagesampler-right-2668/sage-imagesampler-right-0.3.5/000048b02d3b1303/1737729910980999029-right_camera.jpg,query_063,caption_failed,empty caption from provider,6,inserted_degraded,empty caption from provider
sage/imagesampler-right-2668/sage-imagesampler-right-0.3.5/000048b02d3ae2eb/1763743834706921279-right_camera.jpg,query_063,caption_failed,empty caption from provider,6,inserted_degraded,empty caption from provider
sage/imagesampler-left-2668/sage-imagesampler-left-0.3.5/000048b02d3b12e3/1740406244668987073-left_camera.jpg,query_063,caption_failed,empty caption from provider,6,inserted_degraded,empty caption from provider
sage/imagesampler-left-2668/sage-imagesampler-left-0.3.5/000048b02d3ae25f/1741258517336247862-left_camera.jpg,query_063,caption_failed,empty caption from provider,6,inserted_degraded,empty caption from provider
sage/imagesampler-bottom/sage-imagesampler-bottom-0.3.0/000048b02d3af49f/1689534013927781170-sample.jpg,query_064,caption_failed,empty caption from provider,6,inserted_degraded,empty caption from provider
sage/imagesampler-bottom/sage-imagesampler-bottom-0.3.0/000048b02d3af466/1697302811015516212-sample.jpg,query_063,caption_failed,empty caption from provider,6,inserted_degraded,empty caption from provider
sage/imagesampler-left-486/sage-imagesampler-left-0.3.4/000048b02d3ae2f4/1714136421033400054-sample.jpg,query_064,caption_failed,empty caption from provider,6,inserted_degraded,empty caption from provider
sage/imagesampler-left-2668/sage-imagesampler-left-0.3.5/000048b02d3ae2eb/1760741719783290956-left_camera.jpg,query_066,caption_failed,empty caption from provider,6,inserted_degraded,empty caption from provider
sage/imagesampler-left-18/sage-imagesampler-left-0.3.5/000048b02d3b12ed/1732492816671440528-left_camera.jpg,query_064,caption_failed,empty caption from provider,6,inserted_degraded,empty caption from provider
sage/imagesampler-right-2668/sage-imagesampler-right-0.3.5/000048b02d3b1304/1737099305032888234-right_camera.jpg,query_065,caption_failed,empty caption from provider,6,inserted_degraded,empty caption from provider
sage/imagesampler-left-2668/sage-imagesampler-left-0.3.5/000048b02d3ae318/1756570816840944312-left_camera.jpg,query_064,caption_failed,empty caption from provider,6,inserted_degraded,empty caption from provider
sage/imagesampler-right-2668/sage-imagesampler-right-0.3.5/000048b02d3b1304/1738857010331256739-right_camera.jpg,query_066,caption_failed,empty caption from provider,6,inserted_degraded,empty caption from provider
sage/imagesampler-right-2668/sage-imagesampler-right-0.3.5/000048b02d3b1303/1744155309355421708-right_camera.jpg,query_066,caption_failed,empty caption from provider,6,inserted_degraded,empty caption from provider
sage/imagesampler-left-486/sage-imagesampler-left-0.3.4/000048b02d3ae2f4/1714136421033400054-sample.jpg,query_068,caption_failed,empty caption from provider,6,inserted_degraded,empty caption from provider
sage/imagesampler-left-2668/sage-imagesampler-left-0.3.5/000048b02d3ae328/1740525609038905430-left_camera.jpg,query_066,caption_failed,empty caption from provider,6,inserted_degraded,empty caption from provider
sage/imagesampler-left-2668/sage-imagesampler-left-0.3.5/000048b02d3b12e3/1740406244668987073-left_camera.jpg,query_065,caption_failed,empty caption from provider,6,inserted_degraded,empty caption from provider
sage/sage/sage-imagesampler-bottom-0.2.5/000048b02d05a1c2/1650579363090560731-sample.jpg,query_068,caption_failed,empty caption from provider,6,inserted_degraded,empty caption from provider
sage/imagesampler-right-2668/sage-imagesampler-right-0.3.5/000048b02d3ae318/1757671865801265181-right_camera.jpg,query_065,caption_failed,empty caption from provider,6,inserted_degraded,empty caption from provider
sage/imagesampler-bottom-1971/sage-imagesampler-bottom-0.3.5/000048b02dd3c427/1734699610506791114-bottom_camera.jpg,query_068,caption_failed,empty caption from provider,6,inserted_degraded,empty caption from provider
sage/imagesampler-right-2668/sage-imagesampler-right-0.3.5/000048b02d3ae27c/1763744131256213429-right_camera.jpg,query_068,caption_failed,empty caption from provider,6,inserted_degraded,empty caption from provider
sage/imagesampler-left-1274/sage-imagesampler-left-0.3.5/00004cd98fb56d33/1749636013718831626-sample.jpg,query_066,caption_failed,empty caption from provider,6,inserted_degraded,empty caption from provider
sage/imagesampler-left-2668/sage-imagesampler-left-0.3.5/000048b02d3ae2eb/1749046828097603920-left_camera.jpg,query_068,caption_failed,empty caption from provider,6,inserted_degraded,empty caption from provider
sage/imagesampler-left-2668/sage-imagesampler-left-0.3.5/000048b02d3ae221/1741258256977357021-left_camera.jpg,query_069,caption_failed,empty caption from provider,6,inserted_degraded,empty caption from provider
sage/imagesampler-right-2668/sage-imagesampler-right-0.3.5/000048b02d3ae27c/1740407124168953546-right_camera.jpg,query_068,caption_failed,empty caption from provider,6,inserted_degraded,empty caption from provider
sage/imagesampler-right-2668/sage-imagesampler-right-0.3.5/000048b02d3ae32e/1740405977077887111-right_camera.jpg,query_069,caption_failed,empty caption from provider,6,inserted_degraded,empty caption from provider
sage/imagesampler-bottom-11/sage-imagesampler-bottom-0.3.5/000048b02d3af447/1752948009564902121-bottom_camera.jpg,query_068,caption_failed,empty caption from provider,6,inserted_degraded,empty caption from provider
sage/imagesampler-mobotix-1813/sage-imagesampler-mobotix-0.3.7/00002cea7f56acf2/1756652110731370319-sample.jpg,query_064,caption_failed,empty caption from provider,6,inserted_degraded,empty caption from provider
sage/imagesampler-bottom-2851/sage-imagesampler-bottom-0.3.7/000048b02dd3c5b3/1752948012335366526-sample.jpg,query_070,caption_failed,empty caption from provider,6,inserted_degraded,empty caption from provider
sage/imagesampler-right-2668/sage-imagesampler-right-0.3.5/000048b02d3b1303/1749150911536162635-right_camera.jpg,query_069,caption_failed,empty caption from provider,6,inserted_degraded,empty caption from provider
sage/imagesampler-bottom/sage-imagesampler-bottom-0.3.0/000048b02d3ae33d/1671739221401587689-sample.jpg,query_069,caption_failed,empty caption from provider,6,inserted_degraded,empty caption from provider
sage/imagesampler-bottom-1156/sage-imagesampler-bottom-0.3.0/000048b02d35a992/1713067209592872584-sample.jpg,query_069,caption_failed,empty caption from provider,6,inserted_degraded,empty caption from provider
sage/sage/sage-imagesampler-left-0.3.0/000048b02d3ae320/1691802014239593824-sample.jpg,query_069,caption_failed,empty caption from provider,6,inserted_degraded,empty caption from provider
sage/imagesampler-bottom/sage-imagesampler-bottom-0.3.0/000048b02d3ae336/1692639307812616964-sample.jpg,query_069,caption_failed,empty caption from provider,6,inserted_degraded,empty caption from provider
sage/imagesampler-left-2668/sage-imagesampler-left-0.3.5/000048b02d3ae328/1749048306823774184-left_camera.jpg,query_071,caption_failed,empty caption from provider,6,inserted_degraded,empty caption from provider
sage/imagesampler-bottom/sage-imagesampler-bottom-0.3.0/000048b02d35a9ce/1689177607504813834-sample.jpg,query_069,caption_failed,empty caption from provider,6,inserted_degraded,empty caption from provider
sage/imagesampler-mobotix-1813/sage-imagesampler-mobotix-0.3.7/00002cea7f56acf2/1759839611907872294-sample.jpg,query_064,caption_failed,empty caption from provider,6,inserted_degraded,empty caption from provider
sage/imagesampler-left-2668/sage-imagesampler-left-0.3.5/000048b02d3ae2eb/1745149833066384236-left_camera.jpg,query_070,caption_failed,empty caption from provider,6,inserted_degraded,empty caption from provider
sage/sage/sage-imagesampler-bottom-0.2.5/000048b02d15bc73/1654714984669471080-sample.jpg,query_070,caption_failed,empty caption from provider,6,inserted_degraded,empty caption from provider
sage/imagesampler-right-2668/sage-imagesampler-right-0.3.5/000048b02d3ae32e/1740986134471525222-right_camera.jpg,query_070,caption_failed,empty caption from provider,6,inserted_degraded,empty caption from provider
sage/imagesampler-bottom-2631/sage-imagesampler-bottom-0.3.5/000048b02d35a9ce/1744117212124227639-bottom_camera.jpg,query_070,caption_failed,empty caption from provider,6,inserted_degraded,empty caption from provider
sage/imagesampler-right-2668/sage-imagesampler-right-0.3.5/000048b02d3ae2eb/1735126514646154140-right_camera.jpg,query_071,caption_failed,empty caption from provider,6,inserted_degraded,empty caption from provider
sage/imagesampler-bottom-1740/sage-imagesampler-bottom-0.3.0/000048b02d3ae337/1712012414019962232-sample.jpg,query_070,caption_failed,empty caption from provider,6,inserted_degraded,empty caption from provider
sage/sage/sage-imagesampler-bottom-0.2.5/000048b02d15bc77/1661509333540903559-sample.jpg,query_070,caption_failed,empty caption from provider,6,inserted_degraded,empty caption from provider
sage/sage/sage-imagesampler-bottom-0.2.5/000048b02d15bc77/1654753495440519983-sample.jpg,query_072,caption_failed,empty caption from provider,6,inserted_degraded,empty caption from provider
sage/imagesampler-left-2668/sage-imagesampler-left-0.3.5/000048b02d3b12e3/1734699310852376088-left_camera.jpg,query_071,caption_failed,empty caption from provider,6,inserted_degraded,empty caption from provider
sage/imagesampler-bottom-2726/sage-imagesampler-bottom-0.3.7/000048b02dd3c427/1760742612932854173-sample.jpg,query_071,caption_failed,empty caption from provider,6,inserted_degraded,empty caption from provider
sage/imagesampler-bottom-11/sage-imagesampler-bottom-0.3.5/000048b02d3af41e/1763744408985973055-bottom_camera.jpg,query_072,caption_failed,empty caption from provider,6,inserted_degraded,empty caption from provider
sage/imagesampler-mobotix-1813/sage-imagesampler-mobotix-0.3.7/00002cea7f56acf2/1756652411111033816-sample.jpg,query_070,caption_failed,empty caption from provider,6,inserted_degraded,empty caption from provider
sage/imagesampler-bottom/sage-imagesampler-bottom-0.3.0/000048b02d3b1313/1670432408913512611-sample.jpg,query_072,caption_failed,empty caption from provider,6,inserted_degraded,empty caption from provider
sage/sage/sage-imagesampler-left-0.2.5/000048b02d15bc3d/1678291983216720736-sample.jpg,query_071,caption_failed,empty caption from provider,6,inserted_degraded,empty caption from provider
sage/imagesampler-left-2668/sage-imagesampler-left-0.3.5/000048b02d3ae318/1769014543556146096-left_camera.jpg,query_072,caption_failed,empty caption from provider,6,inserted_degraded,empty caption from provider
sage/imagesampler-left/sage-imagesampler-left-0.3.4/00004cd98fb56d33/1692638268599816879-sample.jpg,query_072,caption_failed,empty caption from provider,6,inserted_degraded,empty caption from provider
sage/imagesampler-bottom-10/sage-imagesampler-bottom-0.3.5/000048b02d15bc87/1742436017090872613-bottom_camera.jpg,query_072,caption_failed,empty caption from provider,6,inserted_degraded,empty caption from provider
sage/imagesampler-left-2668/sage-imagesampler-left-0.3.5/000048b02d3ae2eb/1744155317583492601-left_camera.jpg,query_072,caption_failed,empty caption from provider,6,inserted_degraded,empty caption from provider
sage/imagesampler-bottom-1731/sage-imagesampler-bottom-0.3.5/000048b02dd3c648/1763744416431885032-bottom_camera.jpg,query_072,caption_failed,empty caption from provider,6,inserted_degraded,empty caption from provider
sage/imagesampler-left-18/sage-imagesampler-left-0.3.0/000048b02d35a9bb/1728968414029345891-sample.jpg,query_072,caption_failed,empty caption from provider,6,inserted_degraded,empty caption from provider
sage/imagesampler-left-2668/sage-imagesampler-left-0.3.5/000048b02d3ae2eb/1737352807741913884-left_camera.jpg,query_072,caption_failed,empty caption from provider,6,inserted_degraded,empty caption from provider
sage/imagesampler-left-1813/sage-imagesampler-left-0.3.5/00002cea7f56acf2/1749327313007701186-left_camera.jpg,query_073,caption_failed,empty caption from provider,6,inserted_degraded,empty caption from provider
sage/imagesampler-bottom-11/sage-imagesampler-bottom-0.3.5/000048b02d15bc65/1732302013219006753-bottom_camera.jpg,query_073,caption_failed,empty caption from provider,6,inserted_degraded,empty caption from provider
sage/imagesampler-right-2668/sage-imagesampler-right-0.3.5/000048b02d3b1303/1759839025979434663-right_camera.jpg,query_073,caption_failed,empty caption from provider,6,inserted_degraded,empty caption from provider
sage/imagesampler-left-2668/sage-imagesampler-left-0.3.5/000048b02d3b1304/1745148640637219208-left_camera.jpg,query_072,caption_failed,empty caption from provider,6,inserted_degraded,empty caption from provider
sage/imagesampler-left-1813/sage-imagesampler-left-0.3.0/00002cea7f56acf2/1725369910938339744-sample.jpg,query_073,caption_failed,empty caption from provider,6,inserted_degraded,empty caption from provider
sage/sage/sage-imagesampler-bottom-0.2.5/000048b02d05a1c2/1655967935762944512-sample.jpg,query_073,caption_failed,empty caption from provider,6,inserted_degraded,empty caption from provider
sage/imagesampler-right-2668/sage-imagesampler-right-0.3.5/000048b02d3ae318/1735562416301829766-right_camera.jpg,query_072,caption_failed,empty caption from provider,6,inserted_degraded,empty caption from provider
sage/imagesampler-right/sage-imagesampler-right-0.3.0/000048b02d15bc3d/1670583612559969258-sample.jpg,query_073,caption_failed,empty caption from provider,6,inserted_degraded,empty caption from provider
sage/imagesampler-left-2668/sage-imagesampler-left-0.3.5/000048b02d3ae2eb/1737352807741913884-left_camera.jpg,query_072,caption_failed,empty caption from provider,6,inserted_degraded,empty caption from provider
sage/imagesampler-bottom-4635/sage-imagesampler-bottom-0.3.5/000048b02d3af49f/1754744413454489055-bottom_camera.jpg,query_073,caption_failed,empty caption from provider,6,inserted_degraded,empty caption from provider
sage/imagesampler-right-2668/sage-imagesampler-right-0.3.5/000048b02d3b1304/1744155013237804422-right_camera.jpg,query_074,caption_failed,empty caption from provider,6,inserted_degraded,empty caption from provider
sage/imagesampler-left-2668/sage-imagesampler-left-0.3.5/000048b02d3b1303/1752949214325160273-left_camera.jpg,query_073,caption_failed,empty caption from provider,6,inserted_degraded,empty caption from provider
sage/sage/sage-imagesampler-left-1.22.4.13/000048b02d3ae2f4/1666804239125266187-3840x1080.jpg,query_073,caption_failed,empty caption from provider,6,inserted_degraded,empty caption from provider
sage/imagesampler-left-2668/sage-imagesampler-left-0.3.5/000048b02d3ae2eb/1735561505253482714-left_camera.jpg,query_074,caption_failed,empty caption from provider,6,inserted_degraded,empty caption from provider
sage/imagesampler-left-2668/sage-imagesampler-left-0.3.5/000048b02d3b12e3/1749327020230911035-left_camera.jpg,query_074,caption_failed,empty caption from provider,6,inserted_degraded,empty caption from provider
sage/sage/sage-imagesampler-bottom-0.2.5/000048b02d05a1c2/1721797865807885913-sample.jpg,query_074,caption_failed,empty caption from provider,6,inserted_degraded,empty caption from provider
sage/imagesampler-right-2668/sage-imagesampler-right-0.3.5/000048b02d3b12e3/1766712621660248028-right_camera.jpg,query_074,caption_failed,empty caption from provider,6,inserted_degraded,empty caption from provider
sage/imagesampler-bottom/sage-imagesampler-bottom-0.3.0/000048b02d3ae33b/1686654010459350647-sample.jpg,query_074,caption_failed,empty caption from provider,6,inserted_degraded,empty caption from provider
sage/imagesampler-bottom-1156/sage-imagesampler-bottom-0.3.0/000048b02d35a9ed/1714194007047030624-sample.jpg,query_074,caption_failed,empty caption from provider,6,inserted_degraded,empty caption from provider
sage/imagesampler-left-2668/sage-imagesampler-left-0.3.5/000048b02d3b12e3/1749636312314198783-left_camera.jpg,query_074,caption_failed,empty caption from provider,6,inserted_degraded,empty caption from provider
sage/sage/sage-imagesampler-bottom-0.3.0/000048b02d15bc65/1678291209513784655-sample.jpg,query_074,caption_failed,empty caption from provider,6,inserted_degraded,empty caption from provider
sage/imagesampler-bottom-1731/sage-imagesampler-bottom-0.3.5/000048b02dd3c51f/1763744409576241464-bottom_camera.jpg,query_075,caption_failed,empty caption from provider,6,inserted_degraded,empty caption from provider
sage/imagesampler-left-2668/sage-imagesampler-left-0.3.5/000048b02d3ae328/1737729311187399151-left_camera.jpg,query_075,caption_failed,empty caption from provider,6,inserted_degraded,empty caption from provider
sage/imagesampler-left-2668/sage-imagesampler-left-0.3.5/000048b02d3b1303/1749327019090945334-left_camera.jpg,query_074,caption_failed,empty caption from provider,6,inserted_degraded,empty caption from provider
sage/imagesampler-left-2668/sage-imagesampler-left-0.3.5/000048b02d3b12e3/1744755923035965379-left_camera.jpg,query_074,caption_failed,empty caption from provider,6,inserted_degraded,empty caption from provider
sage/imagesampler-bottom-2937/sage-imagesampler-bottom-0.3.7/000048b02d15bc7d/1756653309569931410-sample.jpg,query_075,caption_failed,empty caption from provider,6,inserted_degraded,empty caption from provider
sage/imagesampler-bottom-2854/sage-imagesampler-bottom-0.3.7/000048b02d15bc6d/1754744427209550713-sample.jpg,query_076,caption_failed,empty caption from provider,6,inserted_degraded,empty caption from provider
sage/sage/sage-imagesampler-bottom-0.3.0/000048b02d3ae33b/1676260816694937106-sample.jpg,query_076,caption_failed,empty caption from provider,6,inserted_degraded,empty caption from provider
sage/imagesampler-right-18/sage-imagesampler-right-0.3.0/000048b02d15bc3d/1722027611816179068-sample.jpg,query_075,caption_failed,empty caption from provider,6,inserted_degraded,empty caption from provider
sage/sage/sage-imagesampler-left-1.22.4.13/000048b02d3ae2f4/1667683875970506426-3840x1080.jpg,query_075,caption_failed,empty caption from provider,6,inserted_degraded,empty caption from provider
sage/imagesampler-left-2668/sage-imagesampler-left-0.3.5/000048b02d3ae318/1747306508637250504-left_camera.jpg,query_076,caption_failed,empty caption from provider,6,inserted_degraded,empty caption from provider
sage/imagesampler-mobotix-1813/sage-imagesampler-mobotix-0.3.7/00002cea7f56acf2/1757671212421637765-sample.jpg,query_073,caption_failed,empty caption from provider,6,inserted_degraded,empty caption from provider
sage/imagesampler-left-2668/sage-imagesampler-left-0.3.5/000048b02d3ae318/1751295913792604160-left_camera.jpg,query_076,caption_failed,empty caption from provider,6,inserted_degraded,empty caption from provider
sage/imagesampler-bottom/sage-imagesampler-bottom-0.3.0/000048b02d3ae336/1687161019248762518-sample.jpg,query_076,caption_failed,empty caption from provider,6,inserted_degraded,empty caption from provider
sage/imagesampler-right-2668/sage-imagesampler-right-0.3.5/000048b02d3ae221/1751297123220048973-right_camera.jpg,query_077,caption_failed,empty caption from provider,6,inserted_degraded,empty caption from provider
sage/imagesampler-right-2668/sage-imagesampler-right-0.3.5/000048b02d3b1304/1737352807703926987-right_camera.jpg,query_077,caption_failed,empty caption from provider,6,inserted_degraded,empty caption from provider
sage/imagesampler-right-2668/sage-imagesampler-right-0.3.5/000048b02d3b1303/1749047458909505580-right_camera.jpg,query_076,caption_failed,empty caption from provider,6,inserted_degraded,empty caption from provider
coco/data/000000010125.jpg,query_058,hard_fail,process_item returned None,6,abandoned,process_item returned None
sage/imagesampler-bottom-1731/sage-imagesampler-bottom-0.3.0/000048b02dd3c51f/1709384415379500435-sample.jpg,query_078,caption_failed,empty caption from provider,6,inserted_degraded,empty caption from provider
sage/imagesampler-left-2668/sage-imagesampler-left-0.3.5/000048b02d3ae318/1759736711145613368-left_camera.jpg,query_078,caption_failed,empty caption from provider,6,inserted_degraded,empty caption from provider
sage/imagesampler-right-2668/sage-imagesampler-right-0.3.5/000048b02d3ae2eb/1738939221827663204-right_camera.jpg,query_076,caption_failed,empty caption from provider,6,inserted_degraded,empty caption from provider
sage/imagesampler-left-2668/sage-imagesampler-left-0.3.5/000048b02d3ae318/1744755906815145646-left_camera.jpg,query_078,caption_failed,empty caption from provider,6,inserted_degraded,empty caption from provider
sage/imagesampler-bottom/sage-imagesampler-bottom-0.3.0/000048b02d35a992/1694602806772524159-sample.jpg,query_077,caption_failed,empty caption from provider,6,inserted_degraded,empty caption from provider
sage/imagesampler-bottom-2681/sage-imagesampler-bottom-0.3.7/000048b02d3ae30a/1749046812478556333-sample.jpg,query_076,caption_failed,empty caption from provider,6,inserted_degraded,empty caption from provider
sage/imagesampler-right-18/sage-imagesampler-right-0.3.0/000048b02d3ae32e/1726819214769968849-sample.jpg,query_077,caption_failed,empty caption from provider,6,inserted_degraded,empty caption from provider
sage/imagesampler-right-2668/sage-imagesampler-right-0.3.5/000048b02d3ae2f1/1735193111308803056-right_camera.jpg,query_077,caption_failed,empty caption from provider,6,inserted_degraded,empty caption from provider
sage/imagesampler-bottom-1731/sage-imagesampler-bottom-0.3.5/000048b02d3b1313/1749326406051045916-bottom_camera.jpg,query_078,caption_failed,empty caption from provider,6,inserted_degraded,empty caption from provider
sage/imagesampler-right-2668/sage-imagesampler-right-0.3.5/000048b02d3ae318/1751296543626211105-right_camera.jpg,query_078,caption_failed,empty caption from provider,6,inserted_degraded,empty caption from provider
sage/imagesampler-mobotix-1813/sage-imagesampler-mobotix-0.3.7/00002cea7f56acf2/1756652411111033816-sample.jpg,query_077,caption_failed,empty caption from provider,6,inserted_degraded,empty caption from provider
sage/imagesampler-left-2668/sage-imagesampler-left-0.3.5/000048b02d3ae2eb/1741258538932297468-left_camera.jpg,query_078,caption_failed,empty caption from provider,6,inserted_degraded,empty caption from provider
sage/imagesampler-left-2668/sage-imagesampler-left-0.3.5/000048b02d3ae25f/1759839780866303636-left_camera.jpg,query_078,caption_failed,empty caption from provider,6,inserted_degraded,empty caption from provider
sage/sage/sage-imagesampler-bottom-0.3.0/000048b02d3ae319/1689177625894063530-sample.jpg,query_077,caption_failed,empty caption from provider,6,inserted_degraded,empty caption from provider
sage/imagesampler-bottom-11/sage-imagesampler-bottom-0.3.0/000048b02d3ae33b/1721797229490017189-sample.jpg,query_078,caption_failed,empty caption from provider,6,inserted_degraded,empty caption from provider
sage/sage/sage-imagesampler-bottom-0.2.5/000048b02d05a1c2/1672223650608084856-sample.jpg,query_079,caption_failed,empty caption from provider,6,inserted_degraded,empty caption from provider
sage/imagesampler-bottom-577/sage-imagesampler-bottom-0.3.0/000048b02d35a9ce/1715090408856372096-sample.jpg,query_079,caption_failed,empty caption from provider,6,inserted_degraded,empty caption from provider
sage/imagesampler-right-2668/sage-imagesampler-right-0.3.5/000048b02d3ae221/1741259456888790446-right_camera.jpg,query_078,caption_failed,empty caption from provider,6,inserted_degraded,empty caption from provider
sage/imagesampler-bottom-2851/sage-imagesampler-bottom-0.3.7/000048b02dd3c5b3/1752948012335366526-sample.jpg,query_080,caption_failed,empty caption from provider,6,inserted_degraded,empty caption from provider
sage/sage/sage-imagesampler-right-0.2.5/000048b02d15bdd2/1683231195468014690-sample.jpg,query_078,caption_failed,empty caption from provider,6,inserted_degraded,empty caption from provider
sage/imagesampler-right-2668/sage-imagesampler-right-0.3.5/000048b02d3ae2eb/1734698705488089843-right_camera.jpg,query_079,caption_failed,empty caption from provider,6,inserted_degraded,empty caption from provider
sage/imagesampler-right-2668/sage-imagesampler-right-0.3.5/000048b02d3ae221/1740406245026396027-right_camera.jpg,query_079,caption_failed,empty caption from provider,6,inserted_degraded,empty caption from provider
sage/imagesampler-left-2668/sage-imagesampler-left-0.3.5/000048b02d3ae318/1749150912106600318-left_camera.jpg,query_079,caption_failed,empty caption from provider,6,inserted_degraded,empty caption from provider
sage/imagesampler-left-2668/sage-imagesampler-left-0.3.5/000048b02d3ae32e/1738939519846600934-left_camera.jpg,query_079,caption_failed,empty caption from provider,6,inserted_degraded,empty caption from provider
sage/imagesampler-left-2668/sage-imagesampler-left-0.3.5/000048b02d3ae328/1737099011619832680-left_camera.jpg,query_079,caption_failed,empty caption from provider,6,inserted_degraded,empty caption from provider
sage/imagesampler-left-2668/sage-imagesampler-left-0.3.5/000048b02d3ae221/1760743241163279745-left_camera.jpg,query_079,caption_failed,empty caption from provider,6,inserted_degraded,empty caption from provider
sage/imagesampler-bottom/sage-imagesampler-bottom-0.3.0/000048b02d15c319/1671739255289432785-sample.jpg,query_080,caption_failed,empty caption from provider,6,inserted_degraded,empty caption from provider
sage/imagesampler-bottom-2865/sage-imagesampler-bottom-0.3.7/000048b02d3af460/1769014809821844286-sample.jpg,query_080,caption_failed,empty caption from provider,6,inserted_degraded,empty caption from provider
sage/imagesampler-bottom-11/sage-imagesampler-bottom-0.3.0/000048b02d3ae34a/1702659684916604676-sample.jpg,query_079,caption_failed,empty caption from provider,6,inserted_degraded,empty caption from provider
sage/imagesampler-mobotix-2727/sage-imagesampler-mobotix-0.3.7/000048b02dd3c427/1763744105206595417-sample.jpg,query_079,caption_failed,empty caption from provider,6,inserted_degraded,empty caption from provider
sage/imagesampler-bottom-1156/sage-imagesampler-bottom-0.3.0/000048b02d35a992/1702659609033437474-sample.jpg,query_080,caption_failed,empty caption from provider,6,inserted_degraded,empty caption from provider
sage/imagesampler-left-2668/sage-imagesampler-left-0.3.5/000048b02d3b1303/1734699319119208661-left_camera.jpg,query_080,caption_failed,empty caption from provider,6,inserted_degraded,empty caption from provider
sage/imagesampler-bottom-1731/sage-imagesampler-bottom-0.3.5/000048b02dd3c51f/1732741208092181292-bottom_camera.jpg,query_081,caption_failed,empty caption from provider,6,inserted_degraded,empty caption from provider
sage/imagesampler-left-18/sage-imagesampler-left-0.3.5/000048b02d3b12ed/1732492816671440528-left_camera.jpg,query_080,caption_failed,empty caption from provider,6,inserted_degraded,empty caption from provider
sage/imagesampler-right-2668/sage-imagesampler-right-0.3.5/000048b02d3ae2eb/1737352807399783105-right_camera.jpg,query_080,caption_failed,empty caption from provider,6,inserted_degraded,empty caption from provider
sage/imagesampler-bottom-1738/sage-imagesampler-bottom-0.3.0/000048b02d15bc6d/1714136632044890131-sample.jpg,query_080,caption_failed,empty caption from provider,6,inserted_degraded,empty caption from provider
sage/imagesampler-bottom-1739/sage-imagesampler-bottom-0.3.5/000048b02d3ae27a/1744117214194137287-bottom_camera.jpg,query_081,caption_failed,empty caption from provider,6,inserted_degraded,empty caption from provider
sage/imagesampler-left-1813/sage-imagesampler-left-0.3.0/00002cea7f56acf2/1725209710698965440-sample.jpg,query_082,caption_failed,empty caption from provider,6,inserted_degraded,empty caption from provider
sage/sage/sage-imagesampler-left-1.22.4.13/000048b02d3ae2f4/1667683875970506426-3840x1080.jpg,query_081,caption_failed,empty caption from provider,6,inserted_degraded,empty caption from provider
sage/imagesampler-left-2668/sage-imagesampler-left-0.3.5/000048b02d3ae2f1/1742841618551859496-left_camera.jpg,query_081,caption_failed,empty caption from provider,6,inserted_degraded,empty caption from provider
sage/imagesampler-bottom-1731/sage-imagesampler-bottom-0.3.5/000048b02d3b1313/1749326406051045916-bottom_camera.jpg,query_081,caption_failed,empty caption from provider,6,inserted_degraded,empty caption from provider
sage/sage/sage-imagesampler-bottom-0.2.5/000048b02d15bc73/1650332062702560951-sample.jpg,query_081,caption_failed,empty caption from provider,6,inserted_degraded,empty caption from provider
sage/imagesampler-bottom-11/sage-imagesampler-bottom-0.3.5/000048b02d3ae33b/1741777221868226860-bottom_camera.jpg,query_081,caption_failed,empty caption from provider,6,inserted_degraded,empty caption from provider
sage/imagesampler-right-2668/sage-imagesampler-right-0.3.5/000048b02d3ae2eb/1765200136921567518-right_camera.jpg,query_081,caption_failed,empty caption from provider,6,inserted_degraded,empty caption from provider
sage/imagesampler-right-2668/sage-imagesampler-right-0.3.5/000048b02d3b1303/1737353109542430625-right_camera.jpg,query_082,caption_failed,empty caption from provider,6,inserted_degraded,empty caption from provider
sage/imagesampler-right-2668/sage-imagesampler-right-0.3.5/000048b02d3ae221/1759750551634122426-right_camera.jpg,query_082,caption_failed,empty caption from provider,6,inserted_degraded,empty caption from provider
sage/imagesampler-left-2668/sage-imagesampler-left-0.3.5/000048b02d3b12e3/1739842820634171216-left_camera.jpg,query_081,caption_failed,empty caption from provider,6,inserted_degraded,empty caption from provider
sage/sage/sage-imagesampler-bottom-0.2.5/000048b02d15bc77/1655712861557145579-sample.jpg,query_082,caption_failed,empty caption from provider,6,inserted_degraded,empty caption from provider
coco/data/000000011801.jpg,query_065,hard_fail,process_item returned None,6,abandoned,process_item returned None
sage/imagesampler-left-2668/sage-imagesampler-left-0.3.5/000048b02d3ae221/1740407435861058908-left_camera.jpg,query_083,caption_failed,empty caption from provider,6,inserted_degraded,empty caption from provider
sage/imagesampler-bottom-2626/sage-imagesampler-bottom-0.3.5/000048b02d3ae300/1749326414625060921-bottom_camera.jpg,query_082,caption_failed,empty caption from provider,6,inserted_degraded,empty caption from provider
sage/imagesampler-left-2668/sage-imagesampler-left-0.3.5/000048b02d3ae27c/1764784511634507456-left_camera.jpg,query_083,caption_failed,empty caption from provider,6,inserted_degraded,empty caption from provider
sage/imagesampler-right-2668/sage-imagesampler-right-0.3.5/000048b02d3b12e3/1744755623091216761-right_camera.jpg,query_082,caption_failed,empty caption from provider,6,inserted_degraded,empty caption from provider
sage/imagesampler-bottom/sage-imagesampler-bottom-0.3.0/000048b02d3ae31e/1678333506852176672-sample.jpg,query_082,caption_failed,empty caption from provider,6,inserted_degraded,empty caption from provider
sage/imagesampler-right-2668/sage-imagesampler-right-0.3.5/000048b02d3ae328/1738938616402656793-right_camera.jpg,query_083,caption_failed,empty caption from provider,6,inserted_degraded,empty caption from provider
sage/sage/sage-imagesampler-left-0.2.5/000048b02d15bdd2/1670433260798130061-sample.jpg,query_083,caption_failed,empty caption from provider,6,inserted_degraded,empty caption from provider
sage/sage/sage-imagesampler-bottom-0.2.5/000048b02d05a1c2/1677910248144903792-sample.jpg,query_083,caption_failed,empty caption from provider,6,inserted_degraded,empty caption from provider
sage/imagesampler-left-18/sage-imagesampler-left-0.3.0/000048b02d3ae292/1729749608896855131-sample.jpg,query_083,caption_failed,empty caption from provider,6,inserted_degraded,empty caption from provider
sage/imagesampler-bottom-2705/sage-imagesampler-bottom-0.3.7/000048b02d3ae2f2/1754744410956580211-sample.jpg,query_083,caption_failed,empty caption from provider,6,inserted_degraded,empty caption from provider
sage/imagesampler-mobotix-1813/sage-imagesampler-mobotix-0.3.7/00002cea7f56acf2/1759735811979583110-sample.jpg,query_080,caption_failed,empty caption from provider,6,inserted_degraded,empty caption from provider
sage/imagesampler-bottom-1731/sage-imagesampler-bottom-0.3.0/000048b02dd3c76e/1707235214094262715-sample.jpg,query_081,caption_failed,empty caption from provider,6,inserted_degraded,empty caption from provider
sage/imagesampler-bottom-1156/sage-imagesampler-bottom-0.3.0/000048b02d35a992/1702659609033437474-sample.jpg,query_083,caption_failed,empty caption from provider,6,inserted_degraded,empty caption from provider
sage/imagesampler-left-2668/sage-imagesampler-left-0.3.5/000048b02d3ae25f/1763744724684315556-left_camera.jpg,query_083,caption_failed,empty caption from provider,6,inserted_degraded,empty caption from provider
sage/imagesampler-bottom-2854/sage-imagesampler-bottom-0.3.7/000048b02d15bc6d/1764785348467760619-sample.jpg,query_084,caption_failed,empty caption from provider,6,inserted_degraded,empty caption from provider
sage/imagesampler-left-2668/sage-imagesampler-left-0.3.5/000048b02d3ae318/1735126808357945396-left_camera.jpg,query_084,caption_failed,empty caption from provider,6,inserted_degraded,empty caption from provider
sage/imagesampler-bottom-11/sage-imagesampler-bottom-0.3.0/000048b02d05a1c7/1726819225376018384-sample.jpg,query_084,caption_failed,empty caption from provider,6,inserted_degraded,empty caption from provider
sage/imagesampler-left-2668/sage-imagesampler-left-0.3.5/000048b02d3ae328/1734699607703905113-left_camera.jpg,query_086,caption_failed,empty caption from provider,6,inserted_degraded,empty caption from provider
sage/imagesampler-left-2668/sage-imagesampler-left-0.3.5/000048b02d3ae221/1744755916018937568-left_camera.jpg,query_084,caption_failed,empty caption from provider,6,inserted_degraded,empty caption from provider
sage/sage/sage-imagesampler-bottom-0.2.5/000048b02d05a1c2/1677910248144903792-sample.jpg,query_085,caption_failed,empty caption from provider,6,inserted_degraded,empty caption from provider
sage/imagesampler-bottom/sage-imagesampler-bottom-0.3.0/000048b02d05a1c7/1689177618818586113-sample.jpg,query_086,caption_failed,empty caption from provider,6,inserted_degraded,empty caption from provider
sage/imagesampler-bottom-366/sage-imagesampler-bottom-0.3.0/000048b02d3ae31e/1725370212763771082-sample.jpg,query_086,caption_failed,empty caption from provider,6,inserted_degraded,empty caption from provider
sage/imagesampler-bottom-1731/sage-imagesampler-bottom-0.3.5/000048b02dd3c51f/1763744409576241464-bottom_camera.jpg,query_085,caption_failed,empty caption from provider,6,inserted_degraded,empty caption from provider
sage/imagesampler-bottom-11/sage-imagesampler-bottom-0.3.0/000048b02d3ae30a/1713067213198082225-sample.jpg,query_086,caption_failed,empty caption from provider,6,inserted_degraded,empty caption from provider
sage/imagesampler-bottom/sage-imagesampler-bottom-0.3.0/000048b02d35a9bf/1686654012446014192-sample.jpg,query_086,caption_failed,empty caption from provider,6,inserted_degraded,empty caption from provider
sage/imagesampler-right-2668/sage-imagesampler-right-0.3.5/000048b02d3ae221/1741258856059663221-right_camera.jpg,query_086,caption_failed,empty caption from provider,6,inserted_degraded,empty caption from provider
sage/imagesampler-right/sage-imagesampler-right-0.3.0/000048b02d15bc3d/1670432413395126256-sample.jpg,query_084,caption_failed,empty caption from provider,6,inserted_degraded,empty caption from provider
sage/imagesampler-left-2668/sage-imagesampler-left-0.3.5/000048b02d3ae27c/1744116907380182457-left_camera.jpg,query_086,caption_failed,empty caption from provider,6,inserted_degraded,empty caption from provider
sage/imagesampler-bottom-2726/sage-imagesampler-bottom-0.3.7/000048b02dd3c427/1760742612932854173-sample.jpg,query_087,caption_failed,empty caption from provider,6,inserted_degraded,empty caption from provider
sage/imagesampler-right-2668/sage-imagesampler-right-0.3.5/000048b02d3ae318/1757671865801265181-right_camera.jpg,query_086,caption_failed,empty caption from provider,6,inserted_degraded,empty caption from provider
sage/imagesampler-left-2668/sage-imagesampler-left-0.3.5/000048b02d3ae25f/1763744724684315556-left_camera.jpg,query_086,caption_failed,empty caption from provider,6,inserted_degraded,empty caption from provider
sage/sage/sage-imagesampler-right-0.2.5/000048b02d15bdc2/1691925520500143981-sample.jpg,query_086,caption_failed,empty caption from provider,6,inserted_degraded,empty caption from provider
sage/imagesampler-right-2668/sage-imagesampler-right-0.3.5/000048b02d3ae221/1740406245026396027-right_camera.jpg,query_087,caption_failed,empty caption from provider,6,inserted_degraded,empty caption from provider
sage/imagesampler-left-2668/sage-imagesampler-left-0.3.5/000048b02d3b1303/1735563009201441046-left_camera.jpg,query_087,caption_failed,empty caption from provider,6,inserted_degraded,empty caption from provider
sage/imagesampler-left-2668/sage-imagesampler-left-0.3.5/000048b02d3ae25f/1766712616217693511-left_camera.jpg,query_086,caption_failed,empty caption from provider,6,inserted_degraded,empty caption from provider
sage/imagesampler-left-1813/sage-imagesampler-left-0.3.0/00002cea7f56acf2/1717122010911572122-sample.jpg,query_088,caption_failed,empty caption from provider,6,inserted_degraded,empty caption from provider
sage/imagesampler-mobotix-1813/sage-imagesampler-mobotix-0.3.7/00002cea7f56acf2/1759839611907872294-sample.jpg,query_083,caption_failed,empty caption from provider,6,inserted_degraded,empty caption from provider
sage/imagesampler-right-2668/sage-imagesampler-right-0.3.5/000048b02d3b1303/1744155916718427761-right_camera.jpg,query_087,caption_failed,empty caption from provider,6,inserted_degraded,empty caption from provider
sage/sage/sage-imagesampler-right-0.2.5/000048b02d15bdc2/1653198560886220758-sample.jpg,query_088,caption_failed,empty caption from provider,6,inserted_degraded,empty caption from provider
sage/imagesampler-mobotix-1813/sage-imagesampler-mobotix-0.3.7/00002cea7f56acf2/1759737011477387555-sample.jpg,query_084,caption_failed,empty caption from provider,6,inserted_degraded,empty caption from provider
sage/imagesampler-left-2668/sage-imagesampler-left-0.3.5/000048b02d3ae27c/1740987641423922852-left_camera.jpg,query_088,caption_failed,empty caption from provider,6,inserted_degraded,empty caption from provider
sage/sage/sage-imagesampler-left-0.2.5/000048b02d05a0a4/1676261548193969113-sample.jpg,query_088,caption_failed,empty caption from provider,6,inserted_degraded,empty caption from provider
sage/imagesampler-bottom-2854/sage-imagesampler-bottom-0.3.7/000048b02d15bc6d/1754744427209550713-sample.jpg,query_088,caption_failed,empty caption from provider,6,inserted_degraded,empty caption from provider
sage/imagesampler-left-1813/sage-imagesampler-left-0.3.0/00002cea7f56acf2/1717122311462782341-sample.jpg,query_089,caption_failed,empty caption from provider,6,inserted_degraded,empty caption from provider
sage/imagesampler-bottom-540/sage-imagesampler-bottom-0.3.4/000048b02d35a87e/1713337213294417987-sample.jpg,query_088,caption_failed,empty caption from provider,6,inserted_degraded,empty caption from provider
sage/imagesampler-right-2668/sage-imagesampler-right-0.3.5/000048b02d3ae2f1/1744754720361111703-right_camera.jpg,query_088,caption_failed,empty caption from provider,6,inserted_degraded,empty caption from provider
sage/imagesampler-left-1813/sage-imagesampler-left-0.3.0/00002cea7f56acf2/1727973606082296840-sample.jpg,query_089,caption_failed,empty caption from provider,6,inserted_degraded,empty caption from provider
coco/data/000000018702.jpg,query_071,hard_fail,process_item returned None,6,abandoned,process_item returned None
sage/imagesampler-right-2668/sage-imagesampler-right-0.3.5/000048b02d3b12e3/1766711717900452644-right_camera.jpg,query_088,caption_failed,empty caption from provider,6,inserted_degraded,empty caption from provider
sage/sage/sage-imagesampler-right-0.2.5/000048b02d15bc3d/1649879356581352587-sample.jpg,query_088,caption_failed,empty caption from provider,6,inserted_degraded,empty caption from provider
sage/imagesampler-left-2668/sage-imagesampler-left-0.3.5/000048b02d3ae25f/1759839780866303636-left_camera.jpg,query_089,caption_failed,empty caption from provider,6,inserted_degraded,empty caption from provider
sage/imagesampler-bottom-11/sage-imagesampler-bottom-0.3.0/000048b02d3ae319/1709384417220016966-sample.jpg,query_089,caption_failed,empty caption from provider,6,inserted_degraded,empty caption from provider
sage/imagesampler-mobotix-1813/sage-imagesampler-mobotix-0.3.7/00002cea7f56acf2/1758619811545594871-sample.jpg,query_084,caption_failed,empty caption from provider,6,inserted_degraded,empty caption from provider
sage/imagesampler-left-1813/sage-imagesampler-left-0.3.0/00002cea7f56acf2/1727974216014564099-sample.jpg,query_092,caption_failed,empty caption from provider,6,inserted_degraded,empty caption from provider
sage/imagesampler-bottom-11/sage-imagesampler-bottom-0.3.0/000048b02d3af41e/1726894834179799711-sample.jpg,query_089,caption_failed,empty caption from provider,6,inserted_degraded,empty caption from provider
sage/imagesampler-bottom-540/sage-imagesampler-bottom-0.3.4/000048b02d35a87e/1727974813347714471-sample.jpg,query_090,caption_failed,empty caption from provider,6,inserted_degraded,empty caption from provider
sage/imagesampler-bottom/sage-imagesampler-bottom-0.3.0/000048b02d3ae31e/1678333506852176672-sample.jpg,query_091,caption_failed,empty caption from provider,6,inserted_degraded,empty caption from provider
sage/imagesampler-bottom-2933/sage-imagesampler-bottom-0.3.7/000048b02d15bc4c/1760742012725850316-sample.jpg,query_091,caption_failed,empty caption from provider,6,inserted_degraded,empty caption from provider
sage/imagesampler-right-2668/sage-imagesampler-right-0.3.5/000048b02d3ae2eb/1755794447982935286-right_camera.jpg,query_090,caption_failed,empty caption from provider,6,inserted_degraded,empty caption from provider
sage/imagesampler-right-18/sage-imagesampler-right-0.3.0/000048b02d3b1304/1726819210256162049-sample.jpg,query_091,caption_failed,empty caption from provider,6,inserted_degraded,empty caption from provider
sage/imagesampler-left-2668/sage-imagesampler-left-0.3.5/000048b02d3ae318/1747307107994891198-left_camera.jpg,query_091,caption_failed,empty caption from provider,6,inserted_degraded,empty caption from provider
sage/imagesampler-bottom/sage-imagesampler-bottom-0.3.0/000048b02d05a1c2/1692216030492970020-sample.jpg,query_092,caption_failed,empty caption from provider,6,inserted_degraded,empty caption from provider
sage/imagesampler-left-2668/sage-imagesampler-left-0.3.5/000048b02d3ae318/1759750520956750776-left_camera.jpg,query_092,caption_failed,empty caption from provider,6,inserted_degraded,empty caption from provider
sage/imagesampler-bottom/sage-imagesampler-bottom-0.3.0/000048b02d3ae319/1676808015337475852-sample.jpg,query_092,caption_failed,empty caption from provider,6,inserted_degraded,empty caption from provider
sage/sage/sage-imagesampler-bottom-0.2.5/000048b02d15bc7c/1653571439880529709-sample.jpg,query_093,caption_failed,empty caption from provider,6,inserted_degraded,empty caption from provider
sage/imagesampler-mobotix-1813/sage-imagesampler-mobotix-0.3.7/00002cea7f56acf2/1757670911048329807-sample.jpg,query_086,caption_failed,empty caption from provider,6,inserted_degraded,empty caption from provider
sage/imagesampler-left-2668/sage-imagesampler-left-0.3.5/000048b02d3b12e3/1737353707731177177-left_camera.jpg,query_092,caption_failed,empty caption from provider,6,inserted_degraded,empty caption from provider
sage/imagesampler-left-2668/sage-imagesampler-left-0.3.5/000048b02d3b1303/1751295922744708494-left_camera.jpg,query_093,caption_failed,empty caption from provider,6,inserted_degraded,empty caption from provider
sage/imagesampler-right-2668/sage-imagesampler-right-0.3.5/000048b02d3ae2eb/1735126504521472700-right_camera.jpg,query_092,caption_failed,empty caption from provider,6,inserted_degraded,empty caption from provider
sage/sage/sage-imagesampler-bottom-0.2.5/000048b02d15bc77/1661509333540903559-sample.jpg,query_093,caption_failed,empty caption from provider,6,inserted_degraded,empty caption from provider
sage/imagesampler-bottom-2937/sage-imagesampler-bottom-0.3.7/000048b02d15bc7d/1754745309126368609-sample.jpg,query_093,caption_failed,empty caption from provider,6,inserted_degraded,empty caption from provider
sage/imagesampler-bottom-1731/sage-imagesampler-bottom-0.3.0/000048b02dd3c76e/1727024405206024786-sample.jpg,query_091,caption_failed,empty caption from provider,6,inserted_degraded,empty caption from provider
sage/sage/sage-imagesampler-bottom-0.2.5/000048b02d15bc6d/1676828793727660292-sample.jpg,query_094,caption_failed,empty caption from provider,6,inserted_degraded,empty caption from provider
sage/imagesampler-bottom/sage-imagesampler-bottom-0.3.0/000048b02d3ae33b/1689534018179539648-sample.jpg,query_093,caption_failed,empty caption from provider,6,inserted_degraded,empty caption from provider
sage/imagesampler-left-2668/sage-imagesampler-left-0.3.5/000048b02d3ae2eb/1742435410997025824-left_camera.jpg,query_094,caption_failed,empty caption from provider,6,inserted_degraded,empty caption from provider
sage/imagesampler-left-2668/sage-imagesampler-left-0.3.5/000048b02d3ae25f/1740986423374521199-left_camera.jpg,query_093,caption_failed,empty caption from provider,6,inserted_degraded,empty caption from provider
sage/sage/sage-imagesampler-right-0.2.5/000048b02d15bc3d/1683336302218433123-sample.jpg,query_094,caption_failed,empty caption from provider,6,inserted_degraded,empty caption from provider
sage/imagesampler-right-2668/sage-imagesampler-right-0.3.5/000048b02d3ae318/1757671865801265181-right_camera.jpg,query_093,caption_failed,empty caption from provider,6,inserted_degraded,empty caption from provider
sage/imagesampler-right-2668/sage-imagesampler-right-0.3.5/000048b02d3ae2eb/1769014838894452790-right_camera.jpg,query_094,caption_failed,empty caption from provider,6,inserted_degraded,empty caption from provider
sage/imagesampler-left-2668/sage-imagesampler-left-0.3.5/000048b02d3ae328/1737729611045592022-left_camera.jpg,query_095,caption_failed,empty caption from provider,6,inserted_degraded,empty caption from provider
sage/imagesampler-bottom-11/sage-imagesampler-bottom-0.3.5/000048b02d35a9bf/1739844016955250072-bottom_camera.jpg,query_094,caption_failed,empty caption from provider,6,inserted_degraded,empty caption from provider
sage/sage/sage-imagesampler-bottom-0.2.5/000048b02d15bda5/1662224200503778452-sample.jpg,query_094,caption_failed,empty caption from provider,6,inserted_degraded,empty caption from provider
sage/imagesampler-bottom/sage-imagesampler-bottom-0.3.0/000048b02d3ae336/1689177607001335865-sample.jpg,query_095,caption_failed,empty caption from provider,6,inserted_degraded,empty caption from provider
sage/imagesampler-right-2668/sage-imagesampler-right-0.3.5/000048b02d3ae318/1759840215806964218-right_camera.jpg,query_095,caption_failed,empty caption from provider,6,inserted_degraded,empty caption from provider
sage/imagesampler-bottom-9/sage-imagesampler-bottom-0.3.5/000048b02d15bdaa/1734699617491441967-bottom_camera.jpg,query_095,caption_failed,empty caption from provider,6,inserted_degraded,empty caption from provider
sage/imagesampler-left-2668/sage-imagesampler-left-0.3.5/000048b02d3b1304/1739844010676847616-left_camera.jpg,query_095,caption_failed,empty caption from provider,6,inserted_degraded,empty caption from provider
sage/sage/sage-imagesampler-bottom-0.2.5/000048b02d15bc8c/1659562824246232248-sample.jpg,query_095,caption_failed,empty caption from provider,6,inserted_degraded,empty caption from provider
sage/imagesampler-right/sage-imagesampler-right-0.3.0/000048b02d15bdc2/1678305610063336305-sample.jpg,query_094,caption_failed,empty caption from provider,6,inserted_degraded,empty caption from provider
sage/imagesampler-bottom-2851/sage-imagesampler-bottom-0.3.7/000048b02dd3c5b3/1744117209589884987-sample.jpg,query_095,caption_failed,empty caption from provider,6,inserted_degraded,empty caption from provider
sage/imagesampler-right-2668/sage-imagesampler-right-0.3.5/000048b02d3ae27c/1763554835796138067-right_camera.jpg,query_095,caption_failed,empty caption from provider,6,inserted_degraded,empty caption from provider
sage/imagesampler-right-2668/sage-imagesampler-right-0.3.5/000048b02d3ae328/1738938616402656793-right_camera.jpg,query_096,caption_failed,empty caption from provider,6,inserted_degraded,empty caption from provider
sage/imagesampler-left-2668/sage-imagesampler-left-0.3.5/000048b02d3ae2eb/1743471041116878095-left_camera.jpg,query_096,caption_failed,empty caption from provider,6,inserted_degraded,empty caption from provider
sage/imagesampler-left-2668/sage-imagesampler-left-0.3.5/000048b02d3ae221/1738938620018694858-left_camera.jpg,query_096,caption_failed,empty caption from provider,6,inserted_degraded,empty caption from provider
sage/imagesampler-bottom/sage-imagesampler-bottom-0.3.0/000048b02d15c319/1676808047992926090-sample.jpg,query_096,caption_failed,empty caption from provider,6,inserted_degraded,empty caption from provider
sage/imagesampler-right-2668/sage-imagesampler-right-0.3.5/000048b02d3b1303/1759839025979434663-right_camera.jpg,query_096,caption_failed,empty caption from provider,6,inserted_degraded,empty caption from provider
sage/imagesampler-right-2668/sage-imagesampler-right-0.3.5/000048b02d3ae221/1763555107634915823-right_camera.jpg,query_096,caption_failed,empty caption from provider,6,inserted_degraded,empty caption from provider
sage/imagesampler-left-2668/sage-imagesampler-left-0.3.5/000048b02d3ae27c/1735562105790474421-left_camera.jpg,query_095,caption_failed,empty caption from provider,6,inserted_degraded,empty caption from provider
sage/imagesampler-bottom/sage-imagesampler-bottom-0.3.0/000048b02d3ae336/1684519822307319705-sample.jpg,query_096,caption_failed,empty caption from provider,6,inserted_degraded,empty caption from provider
sage/imagesampler-bottom/sage-imagesampler-bottom-0.3.0/000048b02d3ae336/1676260820007711205-sample.jpg,query_097,caption_failed,empty caption from provider,6,inserted_degraded,empty caption from provider
coco/data/000000006432.jpg,query_079,hard_fail,process_item returned None,6,abandoned,process_item returned None
sage/imagesampler-right-2668/sage-imagesampler-right-0.3.5/000048b02d3ae32e/1741258307735608694-right_camera.jpg,query_096,caption_failed,empty caption from provider,6,inserted_degraded,empty caption from provider
sage/sage/sage-imagesampler-bottom-0.2.5/000048b02d15c332/1649879623405070699-sample.jpg,query_097,caption_failed,empty caption from provider,6,inserted_degraded,empty caption from provider
sage/imagesampler-left-2668/sage-imagesampler-left-0.3.5/000048b02d3ae25f/1752948641930117989-left_camera.jpg,query_097,caption_failed,empty caption from provider,6,inserted_degraded,empty caption from provider
sage/imagesampler-right-2668/sage-imagesampler-right-0.3.5/000048b02d3ae2eb/1767551429237060232-right_camera.jpg,query_097,caption_failed,empty caption from provider,6,inserted_degraded,empty caption from provider
sage/imagesampler-bottom/sage-imagesampler-bottom-0.3.0/000048b02d05a1c7/1677909624159163678-sample.jpg,query_097,caption_failed,empty caption from provider,6,inserted_degraded,empty caption from provider
sage/imagesampler-right-2668/sage-imagesampler-right-0.3.5/000048b02d3ae318/1755795609659570538-right_camera.jpg,query_097,caption_failed,empty caption from provider,6,inserted_degraded,empty caption from provider
sage/imagesampler-left-2668/sage-imagesampler-left-0.3.5/000048b02d3ae2eb/1766711122676214673-left_camera.jpg,query_097,caption_failed,empty caption from provider,6,inserted_degraded,empty caption from provider
sage/imagesampler-right-2668/sage-imagesampler-right-0.3.5/000048b02d3b1303/1760742613538048553-right_camera.jpg,query_097,caption_failed,empty caption from provider,6,inserted_degraded,empty caption from provider
sage/imagesampler-bottom/sage-imagesampler-bottom-0.3.0/000048b02d3ae31e/1678291207315365397-sample.jpg,query_098,caption_failed,empty caption from provider,6,inserted_degraded,empty caption from provider
sage/imagesampler-left-2668/sage-imagesampler-left-0.3.5/000048b02d3ae2eb/1744755656186034969-left_camera.jpg,query_097,caption_failed,empty caption from provider,6,inserted_degraded,empty caption from provider
sage/imagesampler-right-2668/sage-imagesampler-right-0.3.5/000048b02d3ae318/1757671865801265181-right_camera.jpg,query_097,caption_failed,empty caption from provider,6,inserted_degraded,empty caption from provider
sage/imagesampler-left-2668/sage-imagesampler-left-0.3.5/000048b02d3b1303/1760742311411786516-left_camera.jpg,query_097,caption_failed,empty caption from provider,6,inserted_degraded,empty caption from provider
sage/imagesampler-right-2668/sage-imagesampler-right-0.3.5/000048b02d3b1304/1740525641838327894-right_camera.jpg,query_098,caption_failed,empty caption from provider,6,inserted_degraded,empty caption from provider
sage/imagesampler-left-2668/sage-imagesampler-left-0.3.5/000048b02d3ae318/1764784209772279389-left_camera.jpg,query_098,caption_failed,empty caption from provider,6,inserted_degraded,empty caption from provider
sage/imagesampler-left-2668/sage-imagesampler-left-0.3.5/000048b02d3b1303/1744155619316195763-left_camera.jpg,query_097,caption_failed,empty caption from provider,6,inserted_degraded,empty caption from provider
sage/imagesampler-left-2668/sage-imagesampler-left-0.3.5/000048b02d3ae328/1751296807251083912-left_camera.jpg,query_098,caption_failed,empty caption from provider,6,inserted_degraded,empty caption from provider
sage/imagesampler-right-2668/sage-imagesampler-right-0.3.5/000048b02d3ae318/1764785109427439573-right_camera.jpg,query_098,caption_failed,empty caption from provider,6,inserted_degraded,empty caption from provider
sage/imagesampler-left-2668/sage-imagesampler-left-0.3.5/000048b02d3b1303/1744756228694208685-left_camera.jpg,query_097,caption_failed,empty caption from provider,6,inserted_degraded,empty caption from provider
sage/imagesampler-bottom-2681/sage-imagesampler-bottom-0.3.7/000048b02d3ae30a/1749636014231781906-sample.jpg,query_098,caption_failed,empty caption from provider,6,inserted_degraded,empty caption from provider
sage/imagesampler-bottom-1731/sage-imagesampler-bottom-0.3.0/000048b02dd3c76e/1701288006280687551-sample.jpg,query_098,caption_failed,empty caption from provider,6,inserted_degraded,empty caption from provider
sage/imagesampler-left-2668/sage-imagesampler-left-0.3.5/000048b02d3ae221/1741258256977357021-left_camera.jpg,query_098,caption_failed,empty caption from provider,6,inserted_degraded,empty caption from provider
sage/imagesampler-left-2668/sage-imagesampler-left-0.3.5/000048b02d3ae32e/1740406212505907021-left_camera.jpg,query_100,caption_failed,empty caption from provider,6,inserted_degraded,empty caption from provider
sage/imagesampler-left-2668/sage-imagesampler-left-0.3.5/000048b02d3ae318/1739844343081915764-left_camera.jpg,query_098,caption_failed,empty caption from provider,6,inserted_degraded,empty caption from provider
sage/sage/sage-imagesampler-right-0.2.5/000048b02d15bc3d/1722027340800301021-sample.jpg,query_098,caption_failed,empty caption from provider,6,inserted_degraded,empty caption from provider
sage/imagesampler-bottom-2937/sage-imagesampler-bottom-0.3.7/000048b02d15bc7d/1754745309126368609-sample.jpg,query_099,caption_failed,empty caption from provider,6,inserted_degraded,empty caption from provider
sage/imagesampler-bottom/sage-imagesampler-bottom-0.3.0/000048b02d3ae300/1684521474820578701-sample.jpg,query_100,caption_failed,empty caption from provider,6,inserted_degraded,empty caption from provider
sage/imagesampler-bottom-1156/sage-imagesampler-bottom-0.3.0/000048b02d35a992/1702659609033437474-sample.jpg,query_099,caption_failed,empty caption from provider,6,inserted_degraded,empty caption from provider
sage/imagesampler-bottom-2726/sage-imagesampler-bottom-0.3.7/000048b02dd3c427/1740525485997644510-sample.jpg,query_098,caption_failed,empty caption from provider,6,inserted_degraded,empty caption from provider
sage/imagesampler-left-2668/sage-imagesampler-left-0.3.5/000048b02d3ae2eb/1760741719783290956-left_camera.jpg,query_100,caption_failed,empty caption from provider,6,inserted_degraded,empty caption from provider
sage/sage/sage-imagesampler-bottom-0.2.5/000048b02d05a1c7/1670340812412451376-sample.jpg,query_099,caption_failed,empty caption from provider,6,inserted_degraded,empty caption from provider
sage/imagesampler-left-2668/sage-imagesampler-left-0.3.5/000048b02d3b12e3/1744754712800012934-left_camera.jpg,query_100,caption_failed,empty caption from provider,6,inserted_degraded,empty caption from provider
sage/imagesampler-left-2668/sage-imagesampler-left-0.3.5/000048b02d3ae27c/1735126807730959482-left_camera.jpg,query_100,caption_failed,empty caption from provider,6,inserted_degraded,empty caption from provider
sage/imagesampler-bottom-11/sage-imagesampler-bottom-0.3.0/000048b02d3ae33d/1725210011284739269-sample.jpg,query_101,caption_failed,empty caption from provider,6,inserted_degraded,empty caption from provider
sage/imagesampler-left/sage-imagesampler-left-0.3.0/000048b02d15bdc2/1676808009809408028-sample.jpg,query_100,caption_failed,empty caption from provider,6,inserted_degraded,empty caption from provider
sage/imagesampler-bottom-2128/sage-imagesampler-bottom-0.3.4/000048b02dd3c637/1720974615265269979-sample.jpg,query_099,caption_failed,empty caption from provider,6,inserted_degraded,empty caption from provider
sage/imagesampler-bottom-540/sage-imagesampler-bottom-0.3.4/000048b02d35a87e/1726894811005821874-sample.jpg,query_100,caption_failed,empty caption from provider,6,inserted_degraded,empty caption from provider
sage/imagesampler-bottom-1971/sage-imagesampler-bottom-0.3.0/000048b02dd3c427/1721044818994047501-sample.jpg,query_101,caption_failed,empty caption from provider,6,inserted_degraded,empty caption from provider
sage/imagesampler-left-2668/sage-imagesampler-left-0.3.5/000048b02d3b1303/1749151522374731783-left_camera.jpg,query_100,caption_failed,empty caption from provider,6,inserted_degraded,empty caption from provider
sage/imagesampler-left-2668/sage-imagesampler-left-0.3.5/000048b02d3ae318/1757671816824673217-left_camera.jpg,query_101,caption_failed,empty caption from provider,6,inserted_degraded,empty caption from provider
sage/imagesampler-bottom/sage-imagesampler-bottom-0.3.0/000048b02d15bc73/1691989229227860552-sample.jpg,query_101,caption_failed,empty caption from provider,6,inserted_degraded,empty caption from provider
sage/imagesampler-left-2668/sage-imagesampler-left-0.3.5/000048b02d3b1303/1735562708920008224-left_camera.jpg,query_100,caption_failed,empty caption from provider,6,inserted_degraded,empty caption from provider
sage/imagesampler-left-2668/sage-imagesampler-left-0.3.5/000048b02d3ae318/1751295913792604160-left_camera.jpg,query_101,caption_failed,empty caption from provider,6,inserted_degraded,empty caption from provider
sage/imagesampler-bottom-11/sage-imagesampler-bottom-0.3.0/000048b02d3af41e/1726819222263792863-sample.jpg,query_102,caption_failed,empty caption from provider,6,inserted_degraded,empty caption from provider
sage/imagesampler-right-2668/sage-imagesampler-right-0.3.5/000048b02d3ae27c/1742841007866558769-right_camera.jpg,query_100,caption_failed,empty caption from provider,6,inserted_degraded,empty caption from provider
sage/imagesampler-right-2668/sage-imagesampler-right-0.3.5/000048b02d3ae328/1752948344470917654-right_camera.jpg,query_102,caption_failed,empty caption from provider,6,inserted_degraded,empty caption from provider
sage/imagesampler-left-2668/sage-imagesampler-left-0.3.5/000048b02d3ae32e/1735125607751860598-left_camera.jpg,query_102,caption_failed,empty caption from provider,6,inserted_degraded,empty caption from provider
sage/imagesampler-right-2668/sage-imagesampler-right-0.3.5/000048b02d3ae27c/1742840723469550404-right_camera.jpg,query_101,caption_failed,empty caption from provider,6,inserted_degraded,empty caption from provider
sage/imagesampler-left-2668/sage-imagesampler-left-0.3.5/000048b02d3ae2eb/1734698705532308297-left_camera.jpg,query_102,caption_failed,empty caption from provider,6,inserted_degraded,empty caption from provider
sage/imagesampler-left-2668/sage-imagesampler-left-0.3.5/000048b02d3b1303/1738857912069671270-left_camera.jpg,query_101,caption_failed,empty caption from provider,6,inserted_degraded,empty caption from provider
sage/imagesampler-bottom/sage-imagesampler-bottom-0.3.0/000048b02d3ae300/1689962413905342258-sample.jpg,query_103,caption_failed,empty caption from provider,6,inserted_degraded,empty caption from provider
sage/imagesampler-bottom-540/sage-imagesampler-bottom-0.3.4/000048b02d35a87e/1721797210217701456-sample.jpg,query_102,caption_failed,empty caption from provider,6,inserted_degraded,empty caption from provider
sage/imagesampler-bottom-9/sage-imagesampler-bottom-0.3.5/000048b02d15bdaa/1734699617491441967-bottom_camera.jpg,query_102,caption_failed,empty caption from provider,6,inserted_degraded,empty caption from provider
sage/imagesampler-bottom-2933/sage-imagesampler-bottom-0.3.7/000048b02d15bc4c/1760742012725850316-sample.jpg,query_103,caption_failed,empty caption from provider,6,inserted_degraded,empty caption from provider
sage/sage/sage-imagesampler-right-0.2.5/000048b02d15bdc2/1691801898953356302-sample.jpg,query_102,caption_failed,empty caption from provider,6,inserted_degraded,empty caption from provider
sage/sage/sage-imagesampler-left-1.22.4.13/000048b02d3ae2f4/1666804794266253621-3840x1080.jpg,query_103,caption_failed,empty caption from provider,6,inserted_degraded,empty caption from provider
sage/imagesampler-right-2668/sage-imagesampler-right-0.3.5/000048b02d3ae32e/1740986134471525222-right_camera.jpg,query_102,caption_failed,empty caption from provider,6,inserted_degraded,empty caption from provider
sage/sage/sage-imagesampler-bottom-0.2.5/000048b02d15c31f/1691988480369715194-sample.jpg,query_103,caption_failed,empty caption from provider,6,inserted_degraded,empty caption from provider
sage/imagesampler-right-2668/sage-imagesampler-right-0.3.5/000048b02d3ae318/1745149807858607438-right_camera.jpg,query_103,caption_failed,empty caption from provider,6,inserted_degraded,empty caption from provider
sage/imagesampler-left-2668/sage-imagesampler-left-0.3.5/000048b02d3b1303/1759839316647295013-left_camera.jpg,query_103,caption_failed,empty caption from provider,6,inserted_degraded,empty caption from provider
sage/imagesampler-right/sage-imagesampler-right-0.3.0/000048b02d15bc3d/1670583612559969258-sample.jpg,query_103,caption_failed,empty caption from provider,6,inserted_degraded,empty caption from provider
sage/imagesampler-bottom/sage-imagesampler-bottom-0.3.0/000048b02d3ae31e/1694096110932758361-sample.jpg,query_104,caption_failed,empty caption from provider,6,inserted_degraded,empty caption from provider
sage/imagesampler-right-2668/sage-imagesampler-right-0.3.5/000048b02d3ae2eb/1741259139611661685-right_camera.jpg,query_103,caption_failed,empty caption from provider,6,inserted_degraded,empty caption from provider
sage/imagesampler-left-2668/sage-imagesampler-left-0.3.5/000048b02d3ae318/1758621021166004882-left_camera.jpg,query_104,caption_failed,empty caption from provider,6,inserted_degraded,empty caption from provider
sage/imagesampler-right-2668/sage-imagesampler-right-0.3.5/000048b02d3ae27c/1740407124168953546-right_camera.jpg,query_103,caption_failed,empty caption from provider,6,inserted_degraded,empty caption from provider
sage/sage/sage-imagesampler-bottom-0.2.5/000048b02d15bdcd/1644557235542825658-sample.jpg,query_104,caption_failed,empty caption from provider,6,inserted_degraded,empty caption from provider
sage/imagesampler-left-2668/sage-imagesampler-left-0.3.5/000048b02d3ae2f1/1739844314130366891-left_camera.jpg,query_104,caption_failed,empty caption from provider,6,inserted_degraded,empty caption from provider
sage/sage/sage-imagesampler-bottom-0.2.5/000048b02d15bda5/1662224200503778452-sample.jpg,query_104,caption_failed,empty caption from provider,6,inserted_degraded,empty caption from provider
sage/imagesampler-left-2668/sage-imagesampler-left-0.3.5/000048b02d3b1303/1760742311411786516-left_camera.jpg,query_104,caption_failed,empty caption from provider,6,inserted_degraded,empty caption from provider
sage/imagesampler-right-2668/sage-imagesampler-right-0.3.5/000048b02d3ae318/1751296243782926751-right_camera.jpg,query_104,caption_failed,empty caption from provider,6,inserted_degraded,empty caption from provider
sage/imagesampler-bottom/sage-imagesampler-bottom-0.3.0/000048b02d3ae33b/1671584413875143362-sample.jpg,query_105,caption_failed,empty caption from provider,6,inserted_degraded,empty caption from provider
sage/imagesampler-left/sage-imagesampler-left-0.3.0/000048b02d15bdd2/1692216015653330723-sample.jpg,query_104,caption_failed,empty caption from provider,6,inserted_degraded,empty caption from provider
sage/imagesampler-left-2668/sage-imagesampler-left-0.3.5/000048b02d3ae25f/1741259409351363526-left_camera.jpg,query_105,caption_failed,empty caption from provider,6,inserted_degraded,empty caption from provider
coco/data/000000006379.jpg,query_091,hard_fail,process_item returned None,6,abandoned,process_item returned None
sage/imagesampler-left/sage-imagesampler-left-0.3.4/00004cd98fb56d33/1692638268599816879-sample.jpg,query_104,caption_failed,empty caption from provider,6,inserted_degraded,empty caption from provider
sage/sage/sage-imagesampler-bottom-0.2.5/000048b02d15bc77/1655713477261103954-sample.jpg,query_105,caption_failed,empty caption from provider,6,inserted_degraded,empty caption from provider
sage/imagesampler-bottom/sage-imagesampler-bottom-0.3.0/000048b02d3ae336/1692639307812616964-sample.jpg,query_105,caption_failed,empty caption from provider,6,inserted_degraded,empty caption from provider
sage/sage/sage-imagesampler-bottom-0.2.5/000048b02d15bdaa/1662927099664324055-sample.jpg,query_105,caption_failed,empty caption from provider,6,inserted_degraded,empty caption from provider
sage/imagesampler-left-2668/sage-imagesampler-left-0.3.5/000048b02d3ae2eb/1737099304549726552-left_camera.jpg,query_105,caption_failed,empty caption from provider,6,inserted_degraded,empty caption from provider
sage/imagesampler-left-2668/sage-imagesampler-left-0.3.5/000048b02d3ae27c/1767551423570135798-left_camera.jpg,query_106,caption_failed,empty caption from provider,6,inserted_degraded,empty caption from provider
sage/imagesampler-left-2668/sage-imagesampler-left-0.3.5/000048b02d3ae27c/1740987641423922852-left_camera.jpg,query_105,caption_failed,empty caption from provider,6,inserted_degraded,empty caption from provider
sage/sage/sage-imagesampler-bottom-0.3.5/000048b02d05a1c2/1749326505702072530-bottom_camera.jpg,query_105,caption_failed,empty caption from provider,6,inserted_degraded,empty caption from provider
sage/imagesampler-bottom-11/sage-imagesampler-bottom-0.3.5/000048b02d3ae33d/1756652410535627349-bottom_camera.jpg,query_106,caption_failed,empty caption from provider,6,inserted_degraded,empty caption from provider
sage/imagesampler-right-2668/sage-imagesampler-right-0.3.5/000048b02d3ae32e/1738857019150239660-right_camera.jpg,query_106,caption_failed,empty caption from provider,6,inserted_degraded,empty caption from provider
sage/imagesampler-right-2668/sage-imagesampler-right-0.3.5/000048b02d3ae328/1738857924215461476-right_camera.jpg,query_107,caption_failed,empty caption from provider,6,inserted_degraded,empty caption from provider
sage/imagesampler-left-2668/sage-imagesampler-left-0.3.5/000048b02d3ae25f/1767552025189000888-left_camera.jpg,query_106,caption_failed,empty caption from provider,6,inserted_degraded,empty caption from provider
sage/imagesampler-left-2668/sage-imagesampler-left-0.3.5/000048b02d3ae318/1739844343081915764-left_camera.jpg,query_106,caption_failed,empty caption from provider,6,inserted_degraded,empty caption from provider
sage/imagesampler-right/sage-imagesampler-right-0.3.0/000048b02d15bdc2/1670432411966321327-sample.jpg,query_105,caption_failed,empty caption from provider,6,inserted_degraded,empty caption from provider
sage/imagesampler-bottom-446/sage-imagesampler-bottom-0.3.0/000048b02d35a9b2/1720974607066876054-sample.jpg,query_106,caption_failed,empty caption from provider,6,inserted_degraded,empty caption from provider
sage/imagesampler-bottom-2609/sage-imagesampler-bottom-0.3.5/000048b02d15c1aa/1737352813888876582-bottom_camera.jpg,query_107,caption_failed,empty caption from provider,6,inserted_degraded,empty caption from provider
sage/sage/sage-imagesampler-left-0.3.0/000048b02d3ae320/1678305609167009355-sample.jpg,query_107,caption_failed,empty caption from provider,6,inserted_degraded,empty caption from provider
sage/imagesampler-right-2668/sage-imagesampler-right-0.3.5/000048b02d3ae221/1763555107634915823-right_camera.jpg,query_108,caption_failed,empty caption from provider,6,inserted_degraded,empty caption from provider
sage/imagesampler-left-2668/sage-imagesampler-left-0.3.5/000048b02d3ae221/1754745323367051134-left_camera.jpg,query_107,caption_failed,empty caption from provider,6,inserted_degraded,empty caption from provider
sage/imagesampler-left-2668/sage-imagesampler-left-0.3.5/000048b02d3b1303/1766712032492833034-left_camera.jpg,query_107,caption_failed,empty caption from provider,6,inserted_degraded,empty caption from provider
sage/imagesampler-bottom-1740/sage-imagesampler-bottom-0.3.0/000048b02d3ae337/1712012414019962232-sample.jpg,query_106,caption_failed,empty caption from provider,6,inserted_degraded,empty caption from provider
sage/imagesampler-mobotix-2715/sage-imagesampler-mobotix-0.3.7/000048b02d3ae2db/1741258810649855335-sample.jpg,query_104,caption_failed,empty caption from provider,6,inserted_degraded,empty caption from provider
sage/sage/sage-imagesampler-bottom-0.2.5/000048b02d05a1c2/1663966568313280688-sample.jpg,query_108,caption_failed,empty caption from provider,6,inserted_degraded,empty caption from provider
sage/imagesampler-bottom-540/sage-imagesampler-bottom-0.3.4/000048b02d35a87e/1726894811005821874-sample.jpg,query_108,caption_failed,empty caption from provider,6,inserted_degraded,empty caption from provider
sage/imagesampler-bottom/sage-imagesampler-bottom-0.3.0/000048b02d05a1c7/1671584414972747378-sample.jpg,query_108,caption_failed,empty caption from provider,6,inserted_degraded,empty caption from provider
sage/imagesampler-left-2668/sage-imagesampler-left-0.3.5/000048b02d3ae221/1739843108069984077-left_camera.jpg,query_108,caption_failed,empty caption from provider,6,inserted_degraded,empty caption from provider
sage/imagesampler-left-2668/sage-imagesampler-left-0.3.5/000048b02d3ae2eb/1734699304971607936-left_camera.jpg,query_108,caption_failed,empty caption from provider,6,inserted_degraded,empty caption from provider
sage/imagesampler-right-2668/sage-imagesampler-right-0.3.5/000048b02d3b12e3/1766711717900452644-right_camera.jpg,query_108,caption_failed,empty caption from provider,6,inserted_degraded,empty caption from provider
sage/imagesampler-bottom-1738/sage-imagesampler-bottom-0.3.0/000048b02d15bc6d/1714136632044890131-sample.jpg,query_108,caption_failed,empty caption from provider,6,inserted_degraded,empty caption from provider
sage/imagesampler-left-2668/sage-imagesampler-left-0.3.5/000048b02d3ae2eb/1743470709427254017-left_camera.jpg,query_108,caption_failed,empty caption from provider,6,inserted_degraded,empty caption from provider
sage/sage/sage-imagesampler-right-0.2.5/000048b02d15bc3d/1701851578548081526-sample.jpg,query_108,caption_failed,empty caption from provider,6,inserted_degraded,empty caption from provider
sage/imagesampler-right-2668/sage-imagesampler-right-0.3.5/000048b02d3ae2eb/1744754731388460518-right_camera.jpg,query_108,caption_failed,empty caption from provider,6,inserted_degraded,empty caption from provider
sage/imagesampler-left-2668/sage-imagesampler-left-0.3.5/000048b02d3ae32e/1737099010903338641-left_camera.jpg,query_109,caption_failed,empty caption from provider,6,inserted_degraded,empty caption from provider
sage/imagesampler-right-2668/sage-imagesampler-right-0.3.5/000048b02d3ae2eb/1744754731388460518-right_camera.jpg,query_109,caption_failed,empty caption from provider,6,inserted_degraded,empty caption from provider
sage/imagesampler-bottom-1731/sage-imagesampler-bottom-0.3.5/000048b02dd3c641/1755795608358709356-bottom_camera.jpg,query_108,caption_failed,empty caption from provider,6,inserted_degraded,empty caption from provider
sage/imagesampler-left-2668/sage-imagesampler-left-0.3.5/000048b02d3ae318/1752316508064343669-left_camera.jpg,query_109,caption_failed,empty caption from provider,6,inserted_degraded,empty caption from provider
sage/imagesampler-right-2668/sage-imagesampler-right-0.3.5/000048b02d3ae2f1/1739843714381478281-right_camera.jpg,query_110,caption_failed,empty caption from provider,6,inserted_degraded,empty caption from provider
sage/imagesampler-right-2668/sage-imagesampler-right-0.3.5/000048b02d3b1304/1739844310118033027-right_camera.jpg,query_109,caption_failed,empty caption from provider,6,inserted_degraded,empty caption from provider
sage/imagesampler-bottom-11/sage-imagesampler-bottom-0.3.0/000048b02d3ae33d/1728968414968810381-sample.jpg,query_110,caption_failed,empty caption from provider,6,inserted_degraded,empty caption from provider
sage/imagesampler-left-2668/sage-imagesampler-left-0.3.5/000048b02d3ae318/1766712310005393815-left_camera.jpg,query_110,caption_failed,empty caption from provider,6,inserted_degraded,empty caption from provider
sage/imagesampler-bottom-2865/sage-imagesampler-bottom-0.3.7/000048b02d3af460/1757671211214106937-sample.jpg,query_112,caption_failed,empty caption from provider,6,inserted_degraded,empty caption from provider
sage/imagesampler-bottom-366/sage-imagesampler-bottom-0.3.0/000048b02d3ae31e/1721798109966720379-sample.jpg,query_109,caption_failed,empty caption from provider,6,inserted_degraded,empty caption from provider
sage/imagesampler-left-1813/sage-imagesampler-left-0.3.5/00002cea7f56acf2/1749151512081275166-left_camera.jpg,query_111,caption_failed,empty caption from provider,6,inserted_degraded,empty caption from provider
sage/imagesampler-right-1739/sage-imagesampler-right-0.3.6/000048b02d3ae27a/1749326410188914756-sample.jpg,query_112,caption_failed,empty caption from provider,6,inserted_degraded,empty caption from provider
sage/imagesampler-right-2668/sage-imagesampler-right-0.3.5/000048b02d3ae2eb/1734699307175883993-right_camera.jpg,query_110,caption_failed,empty caption from provider,6,inserted_degraded,empty caption from provider
sage/imagesampler-bottom/sage-imagesampler-bottom-0.3.0/000048b02d3ae336/1678290919116026460-sample.jpg,query_110,caption_failed,empty caption from provider,6,inserted_degraded,empty caption from provider
sage/imagesampler-bottom-2726/sage-imagesampler-bottom-0.3.7/000048b02dd3c427/1760742612932854173-sample.jpg,query_110,caption_failed,empty caption from provider,6,inserted_degraded,empty caption from provider
sage/imagesampler-right-2668/sage-imagesampler-right-0.3.5/000048b02d3ae328/1737099011721280754-right_camera.jpg,query_110,caption_failed,empty caption from provider,6,inserted_degraded,empty caption from provider
sage/imagesampler-left-1739/sage-imagesampler-left-0.3.6/000048b02d3ae27a/1763744411138946697-sample.jpg,query_109,caption_failed,empty caption from provider,6,inserted_degraded,empty caption from provider
sage/imagesampler-right-2668/sage-imagesampler-right-0.3.5/000048b02d3b1303/1749635119778358344-right_camera.jpg,query_110,caption_failed,empty caption from provider,6,inserted_degraded,empty caption from provider
sage/imagesampler-bottom-1731/sage-imagesampler-bottom-0.3.0/000048b02dd3c51f/1709384415379500435-sample.jpg,query_112,caption_failed,empty caption from provider,6,inserted_degraded,empty caption from provider
sage/imagesampler-mobotix-2727/sage-imagesampler-mobotix-0.3.7/000048b02dd3c427/1755795610197646419-sample.jpg,query_111,caption_failed,empty caption from provider,6,inserted_degraded,empty caption from provider
sage/imagesampler-left-2668/sage-imagesampler-left-0.3.5/000048b02d3b1304/1739844010676847616-left_camera.jpg,query_111,caption_failed,empty caption from provider,6,inserted_degraded,empty caption from provider
sage/imagesampler-bottom/sage-imagesampler-bottom-0.3.0/000048b02d05a1c7/1670583616361871456-sample.jpg,query_111,caption_failed,empty caption from provider,6,inserted_degraded,empty caption from provider
sage/imagesampler-left-2668/sage-imagesampler-left-0.3.5/000048b02d3ae25f/1745148348527843902-left_camera.jpg,query_113,caption_failed,empty caption from provider,6,inserted_degraded,empty caption from provider
sage/imagesampler-right-2668/sage-imagesampler-right-0.3.5/000048b02d3b1304/1740525641838327894-right_camera.jpg,query_114,caption_failed,empty caption from provider,6,inserted_degraded,empty caption from provider
sage/imagesampler-bottom-2681/sage-imagesampler-bottom-0.3.7/000048b02d3ae30a/1749635409941118999-sample.jpg,query_111,caption_failed,empty caption from provider,6,inserted_degraded,empty caption from provider
sage/imagesampler-mobotix-2858/sage-imagesampler-mobotix-0.3.7/000048b02d15bc6d/1764785348389670968-sample.jpg,query_106,caption_failed,empty caption from provider,6,inserted_degraded,empty caption from provider
sage/imagesampler-mobotix-1813/sage-imagesampler-mobotix-0.3.7/00002cea7f56acf2/1757670911048329807-sample.jpg,query_108,caption_failed,empty caption from provider,6,inserted_degraded,empty caption from provider
sage/imagesampler-right-2668/sage-imagesampler-right-0.3.5/000048b02d3b12e3/1744155319464301965-right_camera.jpg,query_112,caption_failed,empty caption from provider,6,inserted_degraded,empty caption from provider
sage/imagesampler-left-2668/sage-imagesampler-left-0.3.5/000048b02d3b1303/1735126508983597253-left_camera.jpg,query_112,caption_failed,empty caption from provider,6,inserted_degraded,empty caption from provider
sage/imagesampler-bottom-1156/sage-imagesampler-bottom-0.3.0/000048b02d3ae260/1714136408817280624-sample.jpg,query_113,caption_failed,empty caption from provider,6,inserted_degraded,empty caption from provider
sage/imagesampler-right-2668/sage-imagesampler-right-0.3.5/000048b02d3ae2eb/1767551429237060232-right_camera.jpg,query_113,caption_failed,empty caption from provider,6,inserted_degraded,empty caption from provider
sage/imagesampler-bottom-11/sage-imagesampler-bottom-0.3.0/000048b02d3ae33b/1712012416623871912-sample.jpg,query_113,caption_failed,empty caption from provider,6,inserted_degraded,empty caption from provider
sage/imagesampler-bottom-11/sage-imagesampler-bottom-0.3.0/000048b02d3ae33b/1725210014247513869-sample.jpg,query_113,caption_failed,empty caption from provider,6,inserted_degraded,empty caption from provider
sage/imagesampler-right-2668/sage-imagesampler-right-0.3.5/000048b02d3ae32e/1735193407647334500-right_camera.jpg,query_113,caption_failed,empty caption from provider,6,inserted_degraded,empty caption from provider
sage/imagesampler-left-2668/sage-imagesampler-left-0.3.5/000048b02d3b12e3/1744755923035965379-left_camera.jpg,query_113,caption_failed,empty caption from provider,6,inserted_degraded,empty caption from provider
sage/imagesampler-bottom/sage-imagesampler-bottom-0.3.0/000048b02d15bc73/1678305623890235663-sample.jpg,query_113,caption_failed,empty caption from provider,6,inserted_degraded,empty caption from provider
sage/sage/sage-imagesampler-left-0.2.5/000048b02d15bdd2/1686653185301459942-sample.jpg,query_114,caption_failed,empty caption from provider,6,inserted_degraded,empty caption from provider
sage/imagesampler-bottom/sage-imagesampler-bottom-0.3.0/000048b02d3ae336/1679836215207977697-sample.jpg,query_114,caption_failed,empty caption from provider,6,inserted_degraded,empty caption from provider
sage/imagesampler-left-2668/sage-imagesampler-left-0.3.5/000048b02d3b12e3/1751296810572280843-left_camera.jpg,query_114,caption_failed,empty caption from provider,6,inserted_degraded,empty caption from provider
sage/sage/sage-imagesampler-right-0.2.5/000048b02d15bc3d/1689962637991152672-sample.jpg,query_114,caption_failed,empty caption from provider,6,inserted_degraded,empty caption from provider
sage/imagesampler-bottom/sage-imagesampler-bottom-0.3.0/000048b02d3ae2f8/1697302814158974609-sample.jpg,query_114,caption_failed,empty caption from provider,6,inserted_degraded,empty caption from provider
sage/imagesampler-bottom-1731/sage-imagesampler-bottom-0.3.0/000048b02dd3c76e/1721797206365488609-sample.jpg,query_114,caption_failed,empty caption from provider,6,inserted_degraded,empty caption from provider
sage/imagesampler-left-2668/sage-imagesampler-left-0.3.5/000048b02d3ae318/1759839311570836097-left_camera.jpg,query_115,caption_failed,empty caption from provider,6,inserted_degraded,empty caption from provider
sage/imagesampler-right-2668/sage-imagesampler-right-0.3.5/000048b02d3ae328/1749048310427721077-right_camera.jpg,query_116,caption_failed,empty caption from provider,6,inserted_degraded,empty caption from provider
sage/imagesampler-right-2668/sage-imagesampler-right-0.3.5/000048b02d3ae318/1763555709416852801-right_camera.jpg,query_114,caption_failed,empty caption from provider,6,inserted_degraded,empty caption from provider
sage/imagesampler-bottom-2865/sage-imagesampler-bottom-0.3.7/000048b02d3af460/1757671211214106937-sample.jpg,query_116,caption_failed,empty caption from provider,6,inserted_degraded,empty caption from provider
sage/imagesampler-right-2668/sage-imagesampler-right-0.3.5/000048b02d3ae328/1737352511061311019-right_camera.jpg,query_116,caption_failed,empty caption from provider,6,inserted_degraded,empty caption from provider
sage/imagesampler-bottom/sage-imagesampler-bottom-0.3.0/000048b02d3ae336/1688679011034776258-sample.jpg,query_115,caption_failed,empty caption from provider,6,inserted_degraded,empty caption from provider
coco/data/000000015286.jpg,query_102,hard_fail,process_item returned None,6,abandoned,process_item returned None
sage/imagesampler-bottom-1156/sage-imagesampler-bottom-0.3.0/000048b02d3af487/1714136411934553935-sample.jpg,query_116,caption_failed,empty caption from provider,6,inserted_degraded,empty caption from provider
sage/imagesampler-left-2668/sage-imagesampler-left-0.3.5/000048b02d3b1303/1735563009201441046-left_camera.jpg,query_114,caption_failed,empty caption from provider,6,inserted_degraded,empty caption from provider
sage/imagesampler-bottom-2697/sage-imagesampler-bottom-0.3.7/000048b02d3ae31e/1747306808673253039-sample.jpg,query_116,caption_failed,empty caption from provider,6,inserted_degraded,empty caption from provider
sage/imagesampler-right-18/sage-imagesampler-right-0.3.0/000048b02d15bc3d/1709384415159673947-sample.jpg,query_115,caption_failed,empty caption from provider,6,inserted_degraded,empty caption from provider
sage/imagesampler-mobotix-2727/sage-imagesampler-mobotix-0.3.7/000048b02dd3c427/1765199644234333396-sample.jpg,query_111,caption_failed,empty caption from provider,6,inserted_degraded,empty caption from provider
sage/imagesampler-right-2668/sage-imagesampler-right-0.3.5/000048b02d3ae32e/1740405977077887111-right_camera.jpg,query_117,caption_failed,empty caption from provider,6,inserted_degraded,empty caption from provider
sage/imagesampler-right-2668/sage-imagesampler-right-0.3.5/000048b02d3b1304/1737099305032888234-right_camera.jpg,query_116,caption_failed,empty caption from provider,6,inserted_degraded,empty caption from provider
sage/sage/sage-imagesampler-left-0.2.5/000048b02d05a0a4/1650331660123932858-sample.jpg,query_117,caption_failed,empty caption from provider,6,inserted_degraded,empty caption from provider
sage/imagesampler-bottom/sage-imagesampler-bottom-0.3.0/000048b02d3ae336/1687161019248762518-sample.jpg,query_116,caption_failed,empty caption from provider,6,inserted_degraded,empty caption from provider
sage/imagesampler-left-1813/sage-imagesampler-left-0.3.0/00002cea7f56acf2/1725370212374139995-sample.jpg,query_118,caption_failed,empty caption from provider,6,inserted_degraded,empty caption from provider
sage/imagesampler-left-1274/sage-imagesampler-left-0.3.5/00004cd98fb56d33/1752948006602600321-sample.jpg,query_114,caption_failed,empty caption from provider,6,inserted_degraded,empty caption from provider
sage/imagesampler-left-2668/sage-imagesampler-left-0.3.5/000048b02d3ae318/1764784814404633078-left_camera.jpg,query_117,caption_failed,empty caption from provider,6,inserted_degraded,empty caption from provider
sage/imagesampler-left-2668/sage-imagesampler-left-0.3.5/000048b02d3ae25f/1769014811883146508-left_camera.jpg,query_117,caption_failed,empty caption from provider,6,inserted_degraded,empty caption from provider
sage/imagesampler-bottom/sage-imagesampler-bottom-0.3.0/000048b02d3ae336/1688679314958562690-sample.jpg,query_117,caption_failed,empty caption from provider,6,inserted_degraded,empty caption from provider
sage/imagesampler-left-2668/sage-imagesampler-left-0.3.5/000048b02d3b12e3/1749327020230911035-left_camera.jpg,query_117,caption_failed,empty caption from provider,6,inserted_degraded,empty caption from provider
sage/imagesampler-mobotix-2727/sage-imagesampler-mobotix-0.3.7/000048b02dd3c427/1765200274068102496-sample.jpg,query_115,caption_failed,empty caption from provider,6,inserted_degraded,empty caption from provider
sage/imagesampler-right-2668/sage-imagesampler-right-0.3.5/000048b02d3ae221/1763555443817643909-right_camera.jpg,query_117,caption_failed,empty caption from provider,6,inserted_degraded,empty caption from provider
sage/imagesampler-bottom/sage-imagesampler-bottom-0.3.0/000048b02d05a1c7/1691989226194002865-sample.jpg,query_117,caption_failed,empty caption from provider,6,inserted_degraded,empty caption from provider
sage/imagesampler-left-2668/sage-imagesampler-left-0.3.5/000048b02d3ae318/1763745319624723438-left_camera.jpg,query_118,caption_failed,empty caption from provider,6,inserted_degraded,empty caption from provider
sage/imagesampler-left-2668/sage-imagesampler-left-0.3.5/000048b02d3ae2eb/1766711122676214673-left_camera.jpg,query_118,caption_failed,empty caption from provider,6,inserted_degraded,empty caption from provider
sage/imagesampler-right-2668/sage-imagesampler-right-0.3.5/000048b02d3ae318/1734698419055154081-right_camera.jpg,query_117,caption_failed,empty caption from provider,6,inserted_degraded,empty caption from provider
sage/imagesampler-bottom-2726/sage-imagesampler-bottom-0.3.7/000048b02dd3c427/1738939571722685837-sample.jpg,query_118,caption_failed,empty caption from provider,6,inserted_degraded,empty caption from provider
sage/imagesampler-mobotix-2727/sage-imagesampler-mobotix-0.3.7/000048b02dd3c427/1765199644234333396-sample.jpg,query_116,caption_failed,empty caption from provider,6,inserted_degraded,empty caption from provider
sage/sage/sage-imagesampler-bottom-0.3.0/000048b02d3ae336/1689177316332162855-sample.jpg,query_118,caption_failed,empty caption from provider,6,inserted_degraded,empty caption from provider
sage/imagesampler-left-2668/sage-imagesampler-left-0.3.5/000048b02d3ae25f/1740986423374521199-left_camera.jpg,query_118,caption_failed,empty caption from provider,6,inserted_degraded,empty caption from provider
sage/imagesampler-right-2668/sage-imagesampler-right-0.3.5/000048b02d3b12e3/1749048313426734903-right_camera.jpg,query_118,caption_failed,empty caption from provider,6,inserted_degraded,empty caption from provider
sage/imagesampler-bottom-2626/sage-imagesampler-bottom-0.3.5/000048b02d3ae300/1737352812844228600-bottom_camera.jpg,query_119,caption_failed,empty caption from provider,6,inserted_degraded,empty caption from provider
sage/imagesampler-left/sage-imagesampler-left-0.3.0/000048b02d15bc3d/1671739213849341659-sample.jpg,query_119,caption_failed,empty caption from provider,6,inserted_degraded,empty caption from provider
sage/imagesampler-left-2668/sage-imagesampler-left-0.3.5/000048b02d3b1303/1769015713893494034-left_camera.jpg,query_118,caption_failed,empty caption from provider,6,inserted_degraded,empty caption from provider
sage/imagesampler-bottom-577/sage-imagesampler-bottom-0.3.0/000048b02d35a9ce/1722027617063181778-sample.jpg,query_118,caption_failed,empty caption from provider,6,inserted_degraded,empty caption from provider
sage/sage/sage-imagesampler-bottom-0.2.5/000048b02d15c319/1647319563048030506-sample.jpg,query_119,caption_failed,empty caption from provider,6,inserted_degraded,empty caption from provider
sage/imagesampler-bottom-1739/sage-imagesampler-bottom-0.3.5/000048b02d3ae27a/1744117214194137287-bottom_camera.jpg,query_119,caption_failed,empty caption from provider,6,inserted_degraded,empty caption from provider
sage/imagesampler-left-2668/sage-imagesampler-left-0.3.5/000048b02d3ae2eb/1767487521204129692-left_camera.jpg,query_118,caption_failed,empty caption from provider,6,inserted_degraded,empty caption from provider
sage/sage/sage-imagesampler-left-0.2.5/000048b02d15bc7c/1650331359023587976-sample.jpg,query_119,caption_failed,empty caption from provider,6,inserted_degraded,empty caption from provider
sage/imagesampler-left-1813/sage-imagesampler-left-0.3.5/00002cea7f56acf2/1732740008760214210-left_camera.jpg,query_120,caption_failed,empty caption from provider,6,inserted_degraded,empty caption from provider
sage/imagesampler-left-2668/sage-imagesampler-left-0.3.5/000048b02d3ae2eb/1767486628635313035-left_camera.jpg,query_119,caption_failed,empty caption from provider,6,inserted_degraded,empty caption from provider
sage/imagesampler-left-2668/sage-imagesampler-left-0.3.5/000048b02d3ae318/1764784814404633078-left_camera.jpg,query_120,caption_failed,empty caption from provider,6,inserted_degraded,empty caption from provider
sage/imagesampler-left-2668/sage-imagesampler-left-0.3.5/000048b02d3b1303/1769014219777004074-left_camera.jpg,query_120,caption_failed,empty caption from provider,6,inserted_degraded,empty caption from provider
sage/imagesampler-bottom-11/sage-imagesampler-bottom-0.3.0/000048b02d3b1313/1729749614861895154-sample.jpg,query_120,caption_failed,empty caption from provider,6,inserted_degraded,empty caption from provider
sage/imagesampler-bottom-1156/sage-imagesampler-bottom-0.3.0/000048b02d35a992/1709384417040240211-sample.jpg,query_121,caption_failed,empty caption from provider,6,inserted_degraded,empty caption from provider
sage/imagesampler-right-2668/sage-imagesampler-right-0.3.5/000048b02d3b1304/1739844011497459614-right_camera.jpg,query_120,caption_failed,empty caption from provider,6,inserted_degraded,empty caption from provider
sage/imagesampler-bottom/sage-imagesampler-bottom-0.3.0/000048b02d35a992/1694602806772524159-sample.jpg,query_119,caption_failed,empty caption from provider,6,inserted_degraded,empty caption from provider
sage/imagesampler-left-2668/sage-imagesampler-left-0.3.5/000048b02d3ae27c/1751296847221028764-left_camera.jpg,query_120,caption_failed,empty caption from provider,6,inserted_degraded,empty caption from provider
sage/imagesampler-bottom/sage-imagesampler-bottom-0.3.0/000048b02d05a1c7/1694602827435628471-sample.jpg,query_119,caption_failed,empty caption from provider,6,inserted_degraded,empty caption from provider
sage/imagesampler-bottom-2726/sage-imagesampler-bottom-0.3.7/000048b02dd3c427/1739843292326326353-sample.jpg,query_121,caption_failed,empty caption from provider,6,inserted_degraded,empty caption from provider
sage/imagesampler-left-1813/sage-imagesampler-left-0.3.5/00002cea7f56acf2/1749047122438866294-left_camera.jpg,query_122,caption_failed,empty caption from provider,6,inserted_degraded,empty caption from provider
sage/imagesampler-mobotix-1813/sage-imagesampler-mobotix-0.3.7/00002cea7f56acf2/1757670911048329807-sample.jpg,query_118,caption_failed,empty caption from provider,6,inserted_degraded,empty caption from provider
sage/imagesampler-left-2668/sage-imagesampler-left-0.3.5/000048b02d3ae25f/1767552025189000888-left_camera.jpg,query_121,caption_failed,empty caption from provider,6,inserted_degraded,empty caption from provider
sage/imagesampler-right-2668/sage-imagesampler-right-0.3.5/000048b02d3ae318/1763555709416852801-right_camera.jpg,query_120,caption_failed,empty caption from provider,6,inserted_degraded,empty caption from provider
sage/imagesampler-right-2668/sage-imagesampler-right-0.3.5/000048b02d3b1303/1739844018597115889-right_camera.jpg,query_121,caption_failed,empty caption from provider,6,inserted_degraded,empty caption from provider
sage/imagesampler-left-2668/sage-imagesampler-left-0.3.5/000048b02d3ae221/1738939507476222907-left_camera.jpg,query_120,caption_failed,empty caption from provider,6,inserted_degraded,empty caption from provider
sage/imagesampler-bottom-1731/sage-imagesampler-bottom-0.3.0/000048b02dd3c76e/1727024405206024786-sample.jpg,query_120,caption_failed,empty caption from provider,6,inserted_degraded,empty caption from provider
sage/imagesampler-left-2668/sage-imagesampler-left-0.3.5/000048b02d3ae2eb/1769015748475839579-left_camera.jpg,query_120,caption_failed,empty caption from provider,6,inserted_degraded,empty caption from provider
sage/imagesampler-right-2668/sage-imagesampler-right-0.3.5/000048b02d3ae2eb/1735192808753880536-right_camera.jpg,query_121,caption_failed,empty caption from provider,6,inserted_degraded,empty caption from provider
sage/imagesampler-left-2668/sage-imagesampler-left-0.3.5/000048b02d3ae27c/1766712027970256376-left_camera.jpg,query_121,caption_failed,empty caption from provider,6,inserted_degraded,empty caption from provider
sage/sage/sage-imagesampler-bottom-0.2.5/000048b02d05a1c2/1727277959367407103-sample.jpg,query_121,caption_failed,empty caption from provider,6,inserted_degraded,empty caption from provider
sage/imagesampler-right-2668/sage-imagesampler-right-0.3.5/000048b02d3ae2eb/1738938611920410965-right_camera.jpg,query_121,caption_failed,empty caption from provider,6,inserted_degraded,empty caption from provider
sage/imagesampler-left-1813/sage-imagesampler-left-0.3.5/00002cea7f56acf2/1749151512081275166-left_camera.jpg,query_122,caption_failed,empty caption from provider,6,inserted_degraded,empty caption from provider
sage/imagesampler-left-2668/sage-imagesampler-left-0.3.5/000048b02d3ae2eb/1744755656186034969-left_camera.jpg,query_121,caption_failed,empty caption from provider,6,inserted_degraded,empty caption from provider
sage/imagesampler-bottom/sage-imagesampler-bottom-0.3.0/000048b02d15bc73/1678334429256971780-sample.jpg,query_122,caption_failed,empty caption from provider,6,inserted_degraded,empty caption from provider
sage/imagesampler-right-2668/sage-imagesampler-right-0.3.5/000048b02d3ae2eb/1740406531475931927-right_camera.jpg,query_122,caption_failed,empty caption from provider,6,inserted_degraded,empty caption from provider
sage/imagesampler-right-18/sage-imagesampler-right-0.3.5/000048b02d15bdc7/1733360408684211551-right_camera.jpg,query_122,caption_failed,empty caption from provider,6,inserted_degraded,empty caption from provider
sage/imagesampler-left-2668/sage-imagesampler-left-0.3.5/000048b02d3b12e3/1737098108383933157-left_camera.jpg,query_121,caption_failed,empty caption from provider,6,inserted_degraded,empty caption from provider
sage/imagesampler-bottom/sage-imagesampler-bottom-0.3.0/000048b02d3ae300/1684521474820578701-sample.jpg,query_123,caption_failed,empty caption from provider,6,inserted_degraded,empty caption from provider
sage/imagesampler-left-2668/sage-imagesampler-left-0.3.5/000048b02d3ae2eb/1747308046104842147-left_camera.jpg,query_123,caption_failed,empty caption from provider,6,inserted_degraded,empty caption from provider
sage/imagesampler-bottom/sage-imagesampler-bottom-0.3.0/000048b02d15bdaa/1670472020470499203-sample.jpg,query_122,caption_failed,empty caption from provider,6,inserted_degraded,empty caption from provider
sage/imagesampler-right-1274/sage-imagesampler-right-0.3.5/00004cd98fb56d33/1757671204207990078-sample.jpg,query_123,caption_failed,empty caption from provider,6,inserted_degraded,empty caption from provider
sage/imagesampler-left-2668/sage-imagesampler-left-0.3.5/000048b02d3ae221/1744755916018937568-left_camera.jpg,query_123,caption_failed,empty caption from provider,6,inserted_degraded,empty caption from provider
sage/imagesampler-right-2668/sage-imagesampler-right-0.3.5/000048b02d3ae328/1737729611044214589-right_camera.jpg,query_123,caption_failed,empty caption from provider,6,inserted_degraded,empty caption from provider
sage/imagesampler-left-18/sage-imagesampler-left-0.3.0/000048b02d15bc3d/1707235211610498990-sample.jpg,query_123,caption_failed,empty caption from provider,6,inserted_degraded,empty caption from provider
sage/imagesampler-right-2668/sage-imagesampler-right-0.3.5/000048b02d3ae328/1738857924215461476-right_camera.jpg,query_124,caption_failed,empty caption from provider,6,inserted_degraded,empty caption from provider
sage/imagesampler-right-2668/sage-imagesampler-right-0.3.5/000048b02d3ae25f/1741259138991370567-right_camera.jpg,query_124,caption_failed,empty caption from provider,6,inserted_degraded,empty caption from provider
sage/sage/sage-imagesampler-bottom-0.3.0/000048b02d3ae336/1689177316332162855-sample.jpg,query_124,caption_failed,empty caption from provider,6,inserted_degraded,empty caption from provider
sage/imagesampler-bottom/sage-imagesampler-bottom-0.3.0/000048b02d3af447/1697302907650163569-sample.jpg,query_124,caption_failed,empty caption from provider,6,inserted_degraded,empty caption from provider
sage/imagesampler-bottom-1971/sage-imagesampler-bottom-0.3.0/000048b02dd3c427/1721044818994047501-sample.jpg,query_124,caption_failed,empty caption from provider,6,inserted_degraded,empty caption from provider
sage/imagesampler-right-2668/sage-imagesampler-right-0.3.5/000048b02d3ae2eb/1761499222521611453-right_camera.jpg,query_124,caption_failed,empty caption from provider,6,inserted_degraded,empty caption from provider
sage/imagesampler-left/sage-imagesampler-left-0.3.0/000048b02d05a0a4/1697302808365270632-sample.jpg,query_125,caption_failed,empty caption from provider,6,inserted_degraded,empty caption from provider
sage/imagesampler-bottom-1156/sage-imagesampler-bottom-0.3.0/000048b02d3af437/1714194013408256147-sample.jpg,query_124,caption_failed,empty caption from provider,6,inserted_degraded,empty caption from provider
sage/sage/sage-imagesampler-left-0.2.5/000048b02d15bc3d/1678291983216720736-sample.jpg,query_123,caption_failed,empty caption from provider,6,inserted_degraded,empty caption from provider
sage/imagesampler-bottom/sage-imagesampler-bottom-0.3.0/000048b02d3af4a3/1676808016754976772-sample.jpg,query_124,caption_failed,empty caption from provider,6,inserted_degraded,empty caption from provider
sage/sage/sage-imagesampler-bottom-0.2.5/000048b02d05a1c2/1727277959367407103-sample.jpg,query_124,caption_failed,empty caption from provider,6,inserted_degraded,empty caption from provider
sage/sage/sage-imagesampler-bottom-0.2.5/000048b02d15bc77/1655968708459060168-sample.jpg,query_125,caption_failed,empty caption from provider,6,inserted_degraded,empty caption from provider
sage/imagesampler-right-18/sage-imagesampler-right-0.3.0/000048b02d15bc3d/1714194011616594623-sample.jpg,query_124,caption_failed,empty caption from provider,6,inserted_degraded,empty caption from provider
sage/sage/sage-imagesampler-bottom-0.3.0/000048b02d3ae34a/1691802010388220301-sample.jpg,query_125,caption_failed,empty caption from provider,6,inserted_degraded,empty caption from provider
sage/imagesampler-left-2668/sage-imagesampler-left-0.3.5/000048b02d3ae2eb/1764783638832220965-left_camera.jpg,query_125,caption_failed,empty caption from provider,6,inserted_degraded,empty caption from provider
sage/imagesampler-bottom/sage-imagesampler-bottom-0.3.0/000048b02d3ae31e/1678305606211770832-sample.jpg,query_124,caption_failed,empty caption from provider,6,inserted_degraded,empty caption from provider
sage/imagesampler-bottom-2726/sage-imagesampler-bottom-0.3.7/000048b02dd3c427/1742435885586645523-sample.jpg,query_125,caption_failed,empty caption from provider,6,inserted_degraded,empty caption from provider
sage/imagesampler-bottom/sage-imagesampler-bottom-0.3.0/000048b02d05a1c7/1676808026807229076-sample.jpg,query_125,caption_failed,empty caption from provider,6,inserted_degraded,empty caption from provider
sage/imagesampler-bottom/sage-imagesampler-bottom-0.3.0/000048b02d3ae2d8/1678291210228409057-sample.jpg,query_126,caption_failed,empty caption from provider,6,inserted_degraded,empty caption from provider
sage/imagesampler-left-2668/sage-imagesampler-left-0.3.5/000048b02d3b1304/1745148640637219208-left_camera.jpg,query_125,caption_failed,empty caption from provider,6,inserted_degraded,empty caption from provider
sage/imagesampler-left/sage-imagesampler-left-0.3.0/000048b02d15bdd2/1671739210307265852-sample.jpg,query_126,caption_failed,empty caption from provider,6,inserted_degraded,empty caption from provider
sage/sage/sage-imagesampler-bottom-0.3.0/000048b02d3ae2f2/1692216015136284635-sample.jpg,query_125,caption_failed,empty caption from provider,6,inserted_degraded,empty caption from provider
sage/imagesampler-left-1813/sage-imagesampler-left-0.3.5/00002cea7f56acf2/1749047722174251017-left_camera.jpg,query_127,caption_failed,empty caption from provider,6,inserted_degraded,empty caption from provider
sage/imagesampler-right-2668/sage-imagesampler-right-0.3.5/000048b02d3b1303/1752948618742092455-right_camera.jpg,query_125,caption_failed,empty caption from provider,6,inserted_degraded,empty caption from provider
sage/sage/sage-imagesampler-bottom-0.3.0/000048b02d35a9bf/1709384408829980823-sample.jpg,query_126,caption_failed,empty caption from provider,6,inserted_degraded,empty caption from provider
sage/imagesampler-bottom/sage-imagesampler-bottom-0.3.0/000048b02d3ae28f/1697302807390405252-sample.jpg,query_126,caption_failed,empty caption from provider,6,inserted_degraded,empty caption from provider
sage/imagesampler-mobotix-2727/sage-imagesampler-mobotix-0.3.7/000048b02dd3c427/1763745304954371184-sample.jpg,query_125,caption_failed,empty caption from provider,6,inserted_degraded,empty caption from provider
sage/imagesampler-left-2668/sage-imagesampler-left-0.3.5/000048b02d3ae318/1752317108392459362-left_camera.jpg,query_126,caption_failed,empty caption from provider,6,inserted_degraded,empty caption from provider
sage/sage/sage-imagesampler-bottom-0.2.5/000048b02d05a1c2/1641431881065249468-sample.jpg,query_127,caption_failed,empty caption from provider,6,inserted_degraded,empty caption from provider
sage/imagesampler-bottom-1156/sage-imagesampler-bottom-0.3.0/000048b02d35a980/1702659611312426690-sample.jpg,query_127,caption_failed,empty caption from provider,6,inserted_degraded,empty caption from provider
sage/imagesampler-left-1813/sage-imagesampler-left-0.3.5/00002cea7f56acf2/1751296212483886987-left_camera.jpg,query_128,caption_failed,empty caption from provider,6,inserted_degraded,empty caption from provider
sage/imagesampler-right-2668/sage-imagesampler-right-0.3.5/000048b02d3ae32e/1738939211757209457-right_camera.jpg,query_127,caption_failed,empty caption from provider,6,inserted_degraded,empty caption from provider
sage/imagesampler-bottom-2631/sage-imagesampler-bottom-0.3.5/000048b02d35a9ce/1742436009065170906-bottom_camera.jpg,query_122,caption_failed,empty caption from provider,6,inserted_degraded,empty caption from provider
coco/data/000000008794.jpg,query_111,hard_fail,process_item returned None,6,abandoned,process_item returned None
sage/imagesampler-left-2668/sage-imagesampler-left-0.3.5/000048b02d3ae328/1734699607703905113-left_camera.jpg,query_127,caption_failed,empty caption from provider,6,inserted_degraded,empty caption from provider
sage/sage/sage-imagesampler-bottom-0.3.0/000048b02d3ae2f2/1692216015136284635-sample.jpg,query_126,caption_failed,empty caption from provider,6,inserted_degraded,empty caption from provider
sage/imagesampler-right-2668/sage-imagesampler-right-0.3.5/000048b02d3b1303/1747307706805643024-right_camera.jpg,query_128,caption_failed,empty caption from provider,6,inserted_degraded,empty caption from provider
sage/imagesampler-bottom-11/sage-imagesampler-bottom-0.3.5/000048b02d15bc65/1732302013219006753-bottom_camera.jpg,query_128,caption_failed,empty caption from provider,6,inserted_degraded,empty caption from provider
sage/imagesampler-left-2668/sage-imagesampler-left-0.3.5/000048b02d3ae32e/1741258300479046412-left_camera.jpg,query_127,caption_failed,empty caption from provider,6,inserted_degraded,empty caption from provider
sage/imagesampler-right-2668/sage-imagesampler-right-0.3.5/000048b02d3ae27c/1765199414592168493-right_camera.jpg,query_127,caption_failed,empty caption from provider,6,inserted_degraded,empty caption from provider
sage/imagesampler-mobotix-2727/sage-imagesampler-mobotix-0.3.7/000048b02dd3c427/1761500112257159798-sample.jpg,query_129,caption_failed,empty caption from provider,6,inserted_degraded,empty caption from provider
sage/imagesampler-left-2668/sage-imagesampler-left-0.3.5/000048b02d3ae2eb/1747308046104842147-left_camera.jpg,query_130,caption_failed,empty caption from provider,6,inserted_degraded,empty caption from provider
sage/imagesampler-right-2668/sage-imagesampler-right-0.3.5/000048b02d3b12e3/1738857613355172533-right_camera.jpg,query_127,caption_failed,empty caption from provider,6,inserted_degraded,empty caption from provider
sage/imagesampler-right-2668/sage-imagesampler-right-0.3.5/000048b02d3ae318/1744755315401244491-right_camera.jpg,query_128,caption_failed,empty caption from provider,6,inserted_degraded,empty caption from provider
sage/imagesampler-left-2668/sage-imagesampler-left-0.3.5/000048b02d3ae25f/1745148628461960776-left_camera.jpg,query_129,caption_failed,empty caption from provider,6,inserted_degraded,empty caption from provider
sage/imagesampler-left-2668/sage-imagesampler-left-0.3.5/000048b02d3ae2f1/1742436316143629103-left_camera.jpg,query_129,caption_failed,empty caption from provider,6,inserted_degraded,empty caption from provider
sage/imagesampler-right-2668/sage-imagesampler-right-0.3.5/000048b02d3b1303/1759839914890031284-right_camera.jpg,query_129,caption_failed,empty caption from provider,6,inserted_degraded,empty caption from provider
sage/imagesampler-left-2668/sage-imagesampler-left-0.3.5/000048b02d3b1303/1740407110274019117-left_camera.jpg,query_130,caption_failed,empty caption from provider,6,inserted_degraded,empty caption from provider
sage/imagesampler-left-2668/sage-imagesampler-left-0.3.5/000048b02d3ae221/1739843108069984077-left_camera.jpg,query_130,caption_failed,empty caption from provider,6,inserted_degraded,empty caption from provider
sage/imagesampler-left-2668/sage-imagesampler-left-0.3.5/000048b02d3b1303/1740407110274019117-left_camera.jpg,query_128,caption_failed,empty caption from provider,6,inserted_degraded,empty caption from provider
sage/imagesampler-right-2668/sage-imagesampler-right-0.3.5/000048b02d3ae27c/1744155619585477613-right_camera.jpg,query_131,caption_failed,empty caption from provider,6,inserted_degraded,empty caption from provider
sage/imagesampler-left-2668/sage-imagesampler-left-0.3.5/000048b02d3ae318/1752316508064343669-left_camera.jpg,query_130,caption_failed,empty caption from provider,6,inserted_degraded,empty caption from provider
sage/imagesampler-left-1813/sage-imagesampler-left-0.3.5/00002cea7f56acf2/1751296212483886987-left_camera.jpg,query_132,caption_failed,empty caption from provider,6,inserted_degraded,empty caption from provider
sage/imagesampler-bottom/sage-imagesampler-bottom-0.3.0/000048b02d3ae33b/1686654010459350647-sample.jpg,query_130,caption_failed,empty caption from provider,6,inserted_degraded,empty caption from provider
sage/sage/sage-imagesampler-left-0.2.5/000048b02d15bc3d/1717122506086586140-sample.jpg,query_131,caption_failed,empty caption from provider,6,inserted_degraded,empty caption from provider
sage/imagesampler-bottom-1971/sage-imagesampler-bottom-0.3.0/000048b02dd3c427/1721044818994047501-sample.jpg,query_131,caption_failed,empty caption from provider,6,inserted_degraded,empty caption from provider
sage/imagesampler-bottom-2865/sage-imagesampler-bottom-0.3.7/000048b02d3af460/1757293210604450221-sample.jpg,query_132,caption_failed,empty caption from provider,6,inserted_degraded,empty caption from provider
sage/imagesampler-right-2668/sage-imagesampler-right-0.3.5/000048b02d3ae2eb/1752316510149899416-right_camera.jpg,query_131,caption_failed,empty caption from provider,6,inserted_degraded,empty caption from provider
sage/imagesampler-bottom-10/sage-imagesampler-bottom-0.3.5/000048b02d15bc87/1742436017090872613-bottom_camera.jpg,query_131,caption_failed,empty caption from provider,6,inserted_degraded,empty caption from provider
sage/imagesampler-right-18/sage-imagesampler-right-0.3.5/000048b02d3ae318/1737352810788328952-right_camera.jpg,query_131,caption_failed,empty caption from provider,6,inserted_degraded,empty caption from provider
sage/imagesampler-bottom-10/sage-imagesampler-bottom-0.3.5/000048b02d15bc87/1742436017090872613-bottom_camera.jpg,query_132,caption_failed,empty caption from provider,6,inserted_degraded,empty caption from provider
sage/sage/sage-imagesampler-bottom-0.2.5/000048b02d05a1c2/1676259932411895860-sample.jpg,query_132,caption_failed,empty caption from provider,6,inserted_degraded,empty caption from provider
sage/imagesampler-right-2668/sage-imagesampler-right-0.3.5/000048b02d3b12e3/1766711717900452644-right_camera.jpg,query_131,caption_failed,empty caption from provider,6,inserted_degraded,empty caption from provider
sage/sage/sage-imagesampler-left-0.2.5/000048b02d15bdc2/1678291894182881014-sample.jpg,query_132,caption_failed,empty caption from provider,6,inserted_degraded,empty caption from provider
sage/imagesampler-left-486/sage-imagesampler-left-0.3.4/000048b02d3ae2f4/1714194010274532411-sample.jpg,query_132,caption_failed,empty caption from provider,6,inserted_degraded,empty caption from provider
sage/imagesampler-mobotix-2727/sage-imagesampler-mobotix-0.3.7/000048b02dd3c427/1766711083150166501-sample.jpg,query_132,caption_failed,empty caption from provider,6,inserted_degraded,empty caption from provider
sage/imagesampler-bottom-1731/sage-imagesampler-bottom-0.3.5/000048b02d3b1313/1749636006318271258-bottom_camera.jpg,query_134,caption_failed,empty caption from provider,6,inserted_degraded,empty caption from provider
sage/imagesampler-left-1813/sage-imagesampler-left-0.3.0/00002cea7f56acf2/1725369910938339744-sample.jpg,query_135,caption_failed,empty caption from provider,6,inserted_degraded,empty caption from provider
sage/imagesampler-bottom-11/sage-imagesampler-bottom-0.3.0/000048b02d15bc65/1721797212867558746-sample.jpg,query_132,caption_failed,empty caption from provider,6,inserted_degraded,empty caption from provider
sage/sage/sage-imagesampler-right-0.3.0/000048b02d15bdc2/1663966820686969952-sample.jpg,query_132,caption_failed,empty caption from provider,6,inserted_degraded,empty caption from provider
sage/imagesampler-left-2668/sage-imagesampler-left-0.3.5/000048b02d3ae318/1739844343081915764-left_camera.jpg,query_132,caption_failed,empty caption from provider,6,inserted_degraded,empty caption from provider
sage/imagesampler-bottom/sage-imagesampler-bottom-0.3.0/000048b02d3af4a3/1676260815501023151-sample.jpg,query_134,caption_failed,empty caption from provider,6,inserted_degraded,empty caption from provider
sage/imagesampler-right/sage-imagesampler-right-0.3.0/000048b02d15bdd2/1678291211947859219-sample.jpg,query_134,caption_failed,empty caption from provider,6,inserted_degraded,empty caption from provider
sage/imagesampler-mobotix-2727/sage-imagesampler-mobotix-0.3.7/000048b02dd3c427/1752948010654837340-sample.jpg,query_130,caption_failed,empty caption from provider,6,inserted_degraded,empty caption from provider
sage/imagesampler-bottom/sage-imagesampler-bottom-0.3.0/000048b02d3af4a3/1676260815501023151-sample.jpg,query_134,caption_failed,empty caption from provider,6,inserted_degraded,empty caption from provider
sage/imagesampler-bottom-2681/sage-imagesampler-bottom-0.3.7/000048b02d3ae30a/1749635409941118999-sample.jpg,query_132,caption_failed,empty caption from provider,6,inserted_degraded,empty caption from provider
sage/imagesampler-left-1274/sage-imagesampler-left-0.3.5/00004cd98fb56d33/1769014806346094593-sample.jpg,query_134,caption_failed,empty caption from provider,6,inserted_degraded,empty caption from provider
sage/imagesampler-bottom-1156/sage-imagesampler-bottom-0.3.0/000048b02d35a992/1709384417040240211-sample.jpg,query_135,caption_failed,empty caption from provider,6,inserted_degraded,empty caption from provider
sage/imagesampler-right-2668/sage-imagesampler-right-0.3.5/000048b02d3b1304/1738857010331256739-right_camera.jpg,query_135,caption_failed,empty caption from provider,6,inserted_degraded,empty caption from provider
sage/imagesampler-bottom/sage-imagesampler-bottom-0.3.0/000048b02d3af41e/1670432409509508640-sample.jpg,query_134,caption_failed,empty caption from provider,6,inserted_degraded,empty caption from provider
sage/imagesampler-right/sage-imagesampler-right-0.3.0/000048b02d15bc3d/1670432413395126256-sample.jpg,query_135,caption_failed,empty caption from provider,6,inserted_degraded,empty caption from provider
sage/imagesampler-right-18/sage-imagesampler-right-0.3.0/000048b02d05a0a4/1708002007367385956-sample.jpg,query_136,caption_failed,empty caption from provider,6,inserted_degraded,empty caption from provider
sage/imagesampler-right-2668/sage-imagesampler-right-0.3.5/000048b02d3ae318/1749151539139393943-right_camera.jpg,query_135,caption_failed,empty caption from provider,6,inserted_degraded,empty caption from provider
sage/imagesampler-bottom-11/sage-imagesampler-bottom-0.3.0/000048b02d3af41e/1701288016512813948-sample.jpg,query_136,caption_failed,empty caption from provider,6,inserted_degraded,empty caption from provider
sage/sage/sage-imagesampler-left-0.2.5/000048b02d15bc3d/1722027276997121052-sample.jpg,query_134,caption_failed,empty caption from provider,6,inserted_degraded,empty caption from provider
sage/sage/sage-imagesampler-left-0.2.5/000048b02d15bdd2/1644352827977232888-sample.jpg,query_136,caption_failed,empty caption from provider,6,inserted_degraded,empty caption from provider
sage/imagesampler-right-2668/sage-imagesampler-right-0.3.5/000048b02d3ae2eb/1742436315626256506-right_camera.jpg,query_136,caption_failed,empty caption from provider,6,inserted_degraded,empty caption from provider
sage/imagesampler-left-1813/sage-imagesampler-left-0.3.0/00002cea7f56acf2/1716341721062036395-sample.jpg,query_137,caption_failed,empty caption from provider,6,inserted_degraded,empty caption from provider
sage/imagesampler-bottom-12/sage-imagesampler-bottom-0.3.0/000048b02d15bdcd/1701288012396293560-sample.jpg,query_137,caption_failed,empty caption from provider,6,inserted_degraded,empty caption from provider
sage/imagesampler-left-2668/sage-imagesampler-left-0.3.5/000048b02d3ae318/1735126282919156137-left_camera.jpg,query_136,caption_failed,empty caption from provider,6,inserted_degraded,empty caption from provider
sage/imagesampler-right-2668/sage-imagesampler-right-0.3.5/000048b02d3ae328/1739844313594154296-right_camera.jpg,query_135,caption_failed,empty caption from provider,6,inserted_degraded,empty caption from provider
sage/imagesampler-bottom-11/sage-imagesampler-bottom-0.3.5/000048b02d35a9bf/1739844016955250072-bottom_camera.jpg,query_136,caption_failed,empty caption from provider,6,inserted_degraded,empty caption from provider
sage/imagesampler-right-2668/sage-imagesampler-right-0.3.5/000048b02d3ae25f/1744755625446736484-right_camera.jpg,query_137,caption_failed,empty caption from provider,6,inserted_degraded,empty caption from provider
sage/imagesampler-bottom/sage-imagesampler-bottom-0.3.0/000048b02d15bc7d/1689534017114882283-sample.jpg,query_136,caption_failed,empty caption from provider,6,inserted_degraded,empty caption from provider
sage/imagesampler-left-2668/sage-imagesampler-left-0.3.5/000048b02d3ae27c/1745149527077302999-left_camera.jpg,query_138,caption_failed,empty caption from provider,6,inserted_degraded,empty caption from provider
sage/imagesampler-left-2668/sage-imagesampler-left-0.3.5/000048b02d3ae27c/1754745646469589531-left_camera.jpg,query_137,caption_failed,empty caption from provider,6,inserted_degraded,empty caption from provider
sage/sage/sage-imagesampler-bottom-0.2.5/000048b02d05a1c2/1673853472930062069-sample.jpg,query_137,caption_failed,empty caption from provider,6,inserted_degraded,empty caption from provider
sage/imagesampler-mobotix-2727/sage-imagesampler-mobotix-0.3.7/000048b02dd3c427/1766712553453514090-sample.jpg,query_135,caption_failed,empty caption from provider,6,inserted_degraded,empty caption from provider
sage/imagesampler-right/sage-imagesampler-right-0.3.0/000048b02d15bc3d/1670432413395126256-sample.jpg,query_136,caption_failed,empty caption from provider,6,inserted_degraded,empty caption from provider
sage/imagesampler-left-2668/sage-imagesampler-left-0.3.5/000048b02d3ae318/1749150912106600318-left_camera.jpg,query_137,caption_failed,empty caption from provider,6,inserted_degraded,empty caption from provider
sage/sage/sage-imagesampler-right-0.2.5/000048b02d15bc3d/1653976494643172192-sample.jpg,query_137,caption_failed,empty caption from provider,6,inserted_degraded,empty caption from provider
sage/imagesampler-bottom-11/sage-imagesampler-bottom-0.3.0/000048b02d3af447/1727974831671414724-sample.jpg,query_137,caption_failed,empty caption from provider,6,inserted_degraded,empty caption from provider
coco/data/000000001350.jpg,query_121,hard_fail,process_item returned None,6,abandoned,process_item returned None
sage/imagesampler-bottom-446/sage-imagesampler-bottom-0.3.0/000048b02d35a9b2/1716342309317204758-sample.jpg,query_136,caption_failed,empty caption from provider,6,inserted_degraded,empty caption from provider
sage/imagesampler-bottom-11/sage-imagesampler-bottom-0.3.5/000048b02d35a9bf/1739844016955250072-bottom_camera.jpg,query_137,caption_failed,empty caption from provider,6,inserted_degraded,empty caption from provider
sage/sage/sage-imagesampler-bottom-0.3.0/000048b02d3ae2f2/1689177617203532982-sample.jpg,query_137,caption_failed,empty caption from provider,6,inserted_degraded,empty caption from provider
sage/imagesampler-bottom/sage-imagesampler-bottom-0.3.0/000048b02d3ae336/1683231609336363234-sample.jpg,query_138,caption_failed,empty caption from provider,6,inserted_degraded,empty caption from provider
sage/imagesampler-right-2668/sage-imagesampler-right-0.3.5/000048b02d3ae2eb/1737352807399783105-right_camera.jpg,query_138,caption_failed,empty caption from provider,6,inserted_degraded,empty caption from provider
sage/sage/sage-imagesampler-bottom-0.3.0/000048b02d15bc7d/1678291222502551323-sample.jpg,query_138,caption_failed,empty caption from provider,6,inserted_degraded,empty caption from provider
sage/imagesampler-right-2668/sage-imagesampler-right-0.3.5/000048b02d3b1303/1737729910980999029-right_camera.jpg,query_138,caption_failed,empty caption from provider,6,inserted_degraded,empty caption from provider
sage/imagesampler-left-1813/sage-imagesampler-left-0.3.0/00002cea7f56acf2/1725370811219664521-sample.jpg,query_140,caption_failed,empty caption from provider,6,inserted_degraded,empty caption from provider
sage/sage/sage-imagesampler-bottom-0.2.5/000048b02d05a1c2/1708823143239045585-sample.jpg,query_138,caption_failed,empty caption from provider,6,inserted_degraded,empty caption from provider
sage/imagesampler-right-18/sage-imagesampler-right-0.3.5/000048b02d3ae318/1737352810788328952-right_camera.jpg,query_138,caption_failed,empty caption from provider,6,inserted_degraded,empty caption from provider
sage/imagesampler-bottom-2933/sage-imagesampler-bottom-0.3.7/000048b02d15bc4c/1747306809089655857-sample.jpg,query_139,caption_failed,empty caption from provider,6,inserted_degraded,empty caption from provider
sage/imagesampler-left-2668/sage-imagesampler-left-0.3.5/000048b02d3ae2eb/1769015748475839579-left_camera.jpg,query_139,caption_failed,empty caption from provider,6,inserted_degraded,empty caption from provider
sage/imagesampler-bottom-2933/sage-imagesampler-bottom-0.3.7/000048b02d15bc4c/1760742012725850316-sample.jpg,query_139,caption_failed,empty caption from provider,6,inserted_degraded,empty caption from provider
sage/imagesampler-left-2668/sage-imagesampler-left-0.3.5/000048b02d3ae2eb/1740987610307354710-left_camera.jpg,query_139,caption_failed,empty caption from provider,6,inserted_degraded,empty caption from provider
sage/sage/sage-imagesampler-left-0.2.5/000048b02d15bc73/1724012187138551263-sample.jpg,query_138,caption_failed,empty caption from provider,6,inserted_degraded,empty caption from provider
sage/imagesampler-left-2668/sage-imagesampler-left-0.3.5/000048b02d3ae25f/1769014811883146508-left_camera.jpg,query_139,caption_failed,empty caption from provider,6,inserted_degraded,empty caption from provider
sage/imagesampler-right-18/sage-imagesampler-right-0.3.5/000048b02d3ae318/1737352810788328952-right_camera.jpg,query_140,caption_failed,empty caption from provider,6,inserted_degraded,empty caption from provider
sage/imagesampler-left-2668/sage-imagesampler-left-0.3.5/000048b02d3ae328/1749636612070741789-left_camera.jpg,query_140,caption_failed,empty caption from provider,6,inserted_degraded,empty caption from provider
sage/imagesampler-left-1813/sage-imagesampler-left-0.3.5/00002cea7f56acf2/1749047722174251017-left_camera.jpg,query_141,caption_failed,empty caption from provider,6,inserted_degraded,empty caption from provider
sage/sage/sage-imagesampler-bottom-0.3.0/000048b02d3ae2f2/1689177617203532982-sample.jpg,query_140,caption_failed,empty caption from provider,6,inserted_degraded,empty caption from provider
sage/imagesampler-left-2668/sage-imagesampler-left-0.3.5/000048b02d3ae25f/1741259409351363526-left_camera.jpg,query_139,caption_failed,empty caption from provider,6,inserted_degraded,empty caption from provider
sage/imagesampler-right-2668/sage-imagesampler-right-0.3.5/000048b02d3ae2eb/1754745370755390813-right_camera.jpg,query_140,caption_failed,empty caption from provider,6,inserted_degraded,empty caption from provider
sage/sage/sage-imagesampler-bottom-0.2.5/000048b02d05a1c7/1674739680405813771-sample.jpg,query_140,caption_failed,empty caption from provider,6,inserted_degraded,empty caption from provider
sage/imagesampler-bottom-446/sage-imagesampler-bottom-0.3.0/000048b02d35a9b2/1715749208338207424-sample.jpg,query_140,caption_failed,empty caption from provider,6,inserted_degraded,empty caption from provider
sage/imagesampler-right-2668/sage-imagesampler-right-0.3.5/000048b02d3b1304/1740525641838327894-right_camera.jpg,query_141,caption_failed,empty caption from provider,6,inserted_degraded,empty caption from provider
sage/imagesampler-left-2668/sage-imagesampler-left-0.3.5/000048b02d3ae32e/1738939519846600934-left_camera.jpg,query_141,caption_failed,empty caption from provider,6,inserted_degraded,empty caption from provider
sage/imagesampler-right-2668/sage-imagesampler-right-0.3.5/000048b02d3b12e3/1766711130214069853-right_camera.jpg,query_140,caption_failed,empty caption from provider,6,inserted_degraded,empty caption from provider
sage/imagesampler-bottom-11/sage-imagesampler-bottom-0.3.0/000048b02d15bc65/1708002009266047523-sample.jpg,query_141,caption_failed,empty caption from provider,6,inserted_degraded,empty caption from provider
sage/sage/sage-imagesampler-bottom-0.2.5/000048b02d15bc77/1661509579970018305-sample.jpg,query_141,caption_failed,empty caption from provider,6,inserted_degraded,empty caption from provider
sage/imagesampler-right-18/sage-imagesampler-right-0.3.0/000048b02d15bc3d/1709384415159673947-sample.jpg,query_140,caption_failed,empty caption from provider,6,inserted_degraded,empty caption from provider
sage/imagesampler-bottom-540/sage-imagesampler-bottom-0.3.5/000048b02d35a87e/1763744410548984104-bottom_camera.jpg,query_140,caption_failed,empty caption from provider,6,inserted_degraded,empty caption from provider
sage/imagesampler-mobotix-2858/sage-imagesampler-mobotix-0.3.7/000048b02d15bc6d/1764785348389670968-sample.jpg,query_137,caption_failed,empty caption from provider,6,inserted_degraded,empty caption from provider
sage/imagesampler-bottom/sage-imagesampler-bottom-0.3.0/000048b02d05a1c2/1692216030492970020-sample.jpg,query_141,caption_failed,empty caption from provider,6,inserted_degraded,empty caption from provider
sage/imagesampler-left-2668/sage-imagesampler-left-0.3.5/000048b02d3ae221/1754745323367051134-left_camera.jpg,query_141,caption_failed,empty caption from provider,6,inserted_degraded,empty caption from provider
sage/imagesampler-right-2668/sage-imagesampler-right-0.3.5/000048b02d3ae2eb/1767551429237060232-right_camera.jpg,query_141,caption_failed,empty caption from provider,6,inserted_degraded,empty caption from provider
sage/imagesampler-left/sage-imagesampler-left-0.3.0/000048b02d15bdd2/1663966814343014884-sample.jpg,query_142,caption_failed,empty caption from provider,6,inserted_degraded,empty caption from provider
sage/imagesampler-bottom-11/sage-imagesampler-bottom-0.3.0/000048b02d15c319/1715248814499809222-sample.jpg,query_142,caption_failed,empty caption from provider,6,inserted_degraded,empty caption from provider
sage/imagesampler-left-1274/sage-imagesampler-left-0.3.5/00004cd98fb56d33/1769014806346094593-sample.jpg,query_142,caption_failed,empty caption from provider,6,inserted_degraded,empty caption from provider
sage/imagesampler-bottom-11/sage-imagesampler-bottom-0.3.0/000048b02d3ae34a/1702659684916604676-sample.jpg,query_143,caption_failed,empty caption from provider,6,inserted_degraded,empty caption from provider
coco/data/000000001350.jpg,query_127,hard_fail,process_item returned None,6,abandoned,process_item returned None
sage/imagesampler-left-18/sage-imagesampler-left-0.3.0/000048b02d15bc3d/1707235211610498990-sample.jpg,query_142,caption_failed,empty caption from provider,6,inserted_degraded,empty caption from provider
sage/imagesampler-left-2668/sage-imagesampler-left-0.3.5/000048b02d3b12e3/1737352506631577514-left_camera.jpg,query_143,caption_failed,empty caption from provider,6,inserted_degraded,empty caption from provider
sage/sage/sage-imagesampler-left-0.2.5/000048b02d15bdd2/1652664436086014806-sample.jpg,query_143,caption_failed,empty caption from provider,6,inserted_degraded,empty caption from provider
sage/imagesampler-left-2668/sage-imagesampler-left-0.3.5/000048b02d3ae25f/1740987018934204846-left_camera.jpg,query_142,caption_failed,empty caption from provider,6,inserted_degraded,empty caption from provider
sage/sage/sage-imagesampler-left-0.3.0/000048b02d3ae320/1676829616465032642-sample.jpg,query_143,caption_failed,empty caption from provider,6,inserted_degraded,empty caption from provider
sage/imagesampler-left-1813/sage-imagesampler-left-0.3.0/00002cea7f56acf2/1725370511841679957-sample.jpg,query_144,caption_failed,empty caption from provider,6,inserted_degraded,empty caption from provider
sage/imagesampler-left-2668/sage-imagesampler-left-0.3.5/000048b02d3ae25f/1745148348527843902-left_camera.jpg,query_143,caption_failed,empty caption from provider,6,inserted_degraded,empty caption from provider
sage/imagesampler-mobotix-1813/sage-imagesampler-mobotix-0.3.7/00002cea7f56acf2/1755794110936555890-sample.jpg,query_140,caption_failed,empty caption from provider,6,inserted_degraded,empty caption from provider
sage/sage/sage-imagesampler-bottom-0.3.0/000048b02d3af41e/1678291215454585831-sample.jpg,query_143,caption_failed,empty caption from provider,6,inserted_degraded,empty caption from provider
sage/sage/sage-imagesampler-bottom-0.3.0/000048b02d3af41e/1702659701894048177-sample.jpg,query_143,caption_failed,empty caption from provider,6,inserted_degraded,empty caption from provider
sage/imagesampler-right-2668/sage-imagesampler-right-0.3.5/000048b02d3ae328/1737352511061311019-right_camera.jpg,query_143,caption_failed,empty caption from provider,6,inserted_degraded,empty caption from provider
sage/sage/sage-imagesampler-left-0.2.5/000048b02d05a0a4/1688680228525275795-sample.jpg,query_144,caption_failed,empty caption from provider,6,inserted_degraded,empty caption from provider
sage/sage/sage-imagesampler-right-0.2.5/000048b02d15bc3d/1709383712122017958-sample.jpg,query_143,caption_failed,empty caption from provider,6,inserted_degraded,empty caption from provider
sage/imagesampler-bottom-1156/sage-imagesampler-bottom-0.3.0/000048b02d3af487/1708002014464659422-sample.jpg,query_143,caption_failed,empty caption from provider,6,inserted_degraded,empty caption from provider
sage/imagesampler-right-2668/sage-imagesampler-right-0.3.5/000048b02d3ae2eb/1743470709297048700-right_camera.jpg,query_144,caption_failed,empty caption from provider,6,inserted_degraded,empty caption from provider
sage/imagesampler-right-2668/sage-imagesampler-right-0.3.5/000048b02d3b12e3/1744155319464301965-right_camera.jpg,query_144,caption_failed,empty caption from provider,6,inserted_degraded,empty caption from provider
sage/imagesampler-left-2668/sage-imagesampler-left-0.3.5/000048b02d3ae221/1764784538302594534-left_camera.jpg,query_144,caption_failed,empty caption from provider,6,inserted_degraded,empty caption from provider
sage/sage/sage-imagesampler-bottom-0.2.5/000048b02d15bc73/1650332062702560951-sample.jpg,query_144,caption_failed,empty caption from provider,6,inserted_degraded,empty caption from provider
sage/sage/sage-imagesampler-bottom-0.2.5/000048b02d15bc8c/1659562824246232248-sample.jpg,query_144,caption_failed,empty caption from provider,6,inserted_degraded,empty caption from provider
sage/imagesampler-left-2668/sage-imagesampler-left-0.3.5/000048b02d3ae2eb/1737099304549726552-left_camera.jpg,query_144,caption_failed,empty caption from provider,6,inserted_degraded,empty caption from provider
sage/imagesampler-right-2668/sage-imagesampler-right-0.3.5/000048b02d3ae25f/1742436009887500696-right_camera.jpg,query_144,caption_failed,empty caption from provider,6,inserted_degraded,empty caption from provider
sage/imagesampler-left-2668/sage-imagesampler-left-0.3.5/000048b02d3b1303/1747306818903604111-left_camera.jpg,query_144,caption_failed,empty caption from provider,6,inserted_degraded,empty caption from provider
sage/imagesampler-right-2668/sage-imagesampler-right-0.3.5/000048b02d3ae27c/1749048020663253710-right_camera.jpg,query_144,caption_failed,empty caption from provider,6,inserted_degraded,empty caption from provider
sage/imagesampler-right-2668/sage-imagesampler-right-0.3.5/000048b02d3ae32e/1744755936404571824-right_camera.jpg,query_145,caption_failed,empty caption from provider,6,inserted_degraded,empty caption from provider
sage/imagesampler-right/sage-imagesampler-right-0.3.0/000048b02d15bc3d/1677909614950062587-sample.jpg,query_145,caption_failed,empty caption from provider,6,inserted_degraded,empty caption from provider
sage/imagesampler-right-18/sage-imagesampler-right-0.3.0/000048b02d15bc3d/1722027611816179068-sample.jpg,query_143,caption_failed,empty caption from provider,6,inserted_degraded,empty caption from provider
sage/imagesampler-right-2668/sage-imagesampler-right-0.3.5/000048b02d3ae25f/1744755912682717614-right_camera.jpg,query_145,caption_failed,empty caption from provider,6,inserted_degraded,empty caption from provider
sage/imagesampler-left-2668/sage-imagesampler-left-0.3.5/000048b02d3ae2eb/1747308046104842147-left_camera.jpg,query_145,caption_failed,empty caption from provider,6,inserted_degraded,empty caption from provider
sage/imagesampler-bottom-540/sage-imagesampler-bottom-0.3.5/000048b02d35a87e/1763744410548984104-bottom_camera.jpg,query_144,caption_failed,empty caption from provider,6,inserted_degraded,empty caption from provider
sage/imagesampler-bottom-2711/sage-imagesampler-bottom-0.3.7/000048b02d3ae2db/1755795612201183007-sample.jpg,query_145,caption_failed,empty caption from provider,6,inserted_degraded,empty caption from provider
sage/imagesampler-left-2668/sage-imagesampler-left-0.3.5/000048b02d3b12e3/1739843112430287731-left_camera.jpg,query_145,caption_failed,empty caption from provider,6,inserted_degraded,empty caption from provider
sage/sage/sage-imagesampler-right-0.2.5/000048b02d15bdd2/1683231195468014690-sample.jpg,query_145,caption_failed,empty caption from provider,6,inserted_degraded,empty caption from provider
sage/imagesampler-left-1813/sage-imagesampler-left-0.3.5/00002cea7f56acf2/1751297422037641887-left_camera.jpg,query_147,caption_failed,empty caption from provider,6,inserted_degraded,empty caption from provider
sage/imagesampler-right-18/sage-imagesampler-right-0.3.5/000048b02d35a9bb/1733360412148038376-right_camera.jpg,query_146,caption_failed,empty caption from provider,6,inserted_degraded,empty caption from provider
sage/imagesampler-right-2668/sage-imagesampler-right-0.3.5/000048b02d3ae27c/1749048308628487328-right_camera.jpg,query_145,caption_failed,empty caption from provider,6,inserted_degraded,empty caption from provider
sage/imagesampler-right-2668/sage-imagesampler-right-0.3.5/000048b02d3ae2eb/1738939511886881430-right_camera.jpg,query_145,caption_failed,empty caption from provider,6,inserted_degraded,empty caption from provider
sage/imagesampler-bottom-1156/sage-imagesampler-bottom-0.3.0/000048b02d3ae2f8/1713337212392461108-sample.jpg,query_146,caption_failed,empty caption from provider,6,inserted_degraded,empty caption from provider
sage/imagesampler-left-2668/sage-imagesampler-left-0.3.5/000048b02d3ae328/1737729611045592022-left_camera.jpg,query_145,caption_failed,empty caption from provider,6,inserted_degraded,empty caption from provider
sage/sage/sage-imagesampler-bottom-0.2.5/000048b02d15bc77/1655713354637785533-sample.jpg,query_146,caption_failed,empty caption from provider,6,inserted_degraded,empty caption from provider
sage/imagesampler-right-2668/sage-imagesampler-right-0.3.5/000048b02d3ae25f/1767486922124139919-right_camera.jpg,query_147,caption_failed,empty caption from provider,6,inserted_degraded,empty caption from provider
sage/sage/sage-imagesampler-right-0.2.5/000048b02d15bc3d/1709383712122017958-sample.jpg,query_145,caption_failed,empty caption from provider,6,inserted_degraded,empty caption from provider
sage/sage/sage-imagesampler-bottom-0.2.5/000048b02d05a1c2/1663966568313280688-sample.jpg,query_147,caption_failed,empty caption from provider,6,inserted_degraded,empty caption from provider
sage/imagesampler-bottom/sage-imagesampler-bottom-0.3.0/000048b02d3ae33b/1689177615285677734-sample.jpg,query_146,caption_failed,empty caption from provider,6,inserted_degraded,empty caption from provider
sage/imagesampler-right-2668/sage-imagesampler-right-0.3.5/000048b02d3ae328/1737098711041373399-right_camera.jpg,query_146,caption_failed,empty caption from provider,6,inserted_degraded,empty caption from provider
sage/imagesampler-right-2668/sage-imagesampler-right-0.3.5/000048b02d3ae318/1734698419055154081-right_camera.jpg,query_147,caption_failed,empty caption from provider,6,inserted_degraded,empty caption from provider
sage/imagesampler-bottom/sage-imagesampler-bottom-0.3.0/000048b02d15bdaa/1689177624182750205-sample.jpg,query_148,caption_failed,empty caption from provider,6,inserted_degraded,empty caption from provider
sage/imagesampler-left-18/sage-imagesampler-left-0.3.0/000048b02d15bc3d/1714136412168887662-sample.jpg,query_147,caption_failed,empty caption from provider,6,inserted_degraded,empty caption from provider
sage/imagesampler-right-2668/sage-imagesampler-right-0.3.5/000048b02d3ae2eb/1743470709297048700-right_camera.jpg,query_147,caption_failed,empty caption from provider,6,inserted_degraded,empty caption from provider
sage/imagesampler-right-2668/sage-imagesampler-right-0.3.5/000048b02d3ae318/1759840215806964218-right_camera.jpg,query_147,caption_failed,empty caption from provider,6,inserted_degraded,empty caption from provider
sage/sage/sage-imagesampler-bottom-0.3.0/000048b02d3ae33d/1689962443661331215-sample.jpg,query_148,caption_failed,empty caption from provider,6,inserted_degraded,empty caption from provider
sage/sage/sage-imagesampler-bottom-0.2.5/000048b02d15bd2f/1654551430771161452-sample.jpg,query_146,caption_failed,empty caption from provider,6,inserted_degraded,empty caption from provider
sage/sage/sage-imagesampler-left-1.22.4.13/000048b02d3ae2f4/1667683442990821676-3840x1080.jpg,query_148,caption_failed,empty caption from provider,6,inserted_degraded,empty caption from provider
sage/sage/sage-imagesampler-bottom-0.2.5/000048b02d05a1c2/1702582018990699755-sample.jpg,query_148,caption_failed,empty caption from provider,6,inserted_degraded,empty caption from provider
sage/imagesampler-right-2668/sage-imagesampler-right-0.3.5/000048b02d3ae2eb/1737099006550912366-right_camera.jpg,query_147,caption_failed,empty caption from provider,6,inserted_degraded,empty caption from provider
sage/imagesampler-left-2668/sage-imagesampler-left-0.3.5/000048b02d3b1303/1735562708920008224-left_camera.jpg,query_148,caption_failed,empty caption from provider,6,inserted_degraded,empty caption from provider
sage/imagesampler-bottom/sage-imagesampler-bottom-0.3.0/000048b02d05a1c7/1677909624159163678-sample.jpg,query_148,caption_failed,empty caption from provider,6,inserted_degraded,empty caption from provider
sage/imagesampler-bottom-2851/sage-imagesampler-bottom-0.3.7/000048b02dd3c5b3/1744117209589884987-sample.jpg,query_148,caption_failed,empty caption from provider,6,inserted_degraded,empty caption from provider
sage/imagesampler-left-1274/sage-imagesampler-left-0.3.5/00004cd98fb56d33/1752948006602600321-sample.jpg,query_147,caption_failed,empty caption from provider,6,inserted_degraded,empty caption from provider
sage/imagesampler-bottom-2628/sage-imagesampler-bottom-0.3.5/000048b02d3ae2e2/1752948007354956412-bottom_camera.jpg,query_149,caption_failed,empty caption from provider,6,inserted_degraded,empty caption from provider
sage/imagesampler-bottom/sage-imagesampler-bottom-0.3.0/000048b02d3ae2d8/1678291210228409057-sample.jpg,query_150,caption_failed,empty caption from provider,6,inserted_degraded,empty caption from provider
sage/imagesampler-left-2668/sage-imagesampler-left-0.3.5/000048b02d3ae32e/1741258300479046412-left_camera.jpg,query_149,caption_failed,empty caption from provider,6,inserted_degraded,empty caption from provider
sage/imagesampler-left/sage-imagesampler-left-0.3.0/000048b02d15bdc2/1676829620285278831-sample.jpg,query_149,caption_failed,empty caption from provider,6,inserted_degraded,empty caption from provider
sage/imagesampler-right-2668/sage-imagesampler-right-0.3.5/000048b02d3b12e3/1749046814660077678-right_camera.jpg,query_149,caption_failed,empty caption from provider,6,inserted_degraded,empty caption from provider
sage/imagesampler-bottom-4635/sage-imagesampler-bottom-0.3.5/000048b02d3af49f/1754744413454489055-bottom_camera.jpg,query_150,caption_failed,empty caption from provider,6,inserted_degraded,empty caption from provider
sage/imagesampler-left-2668/sage-imagesampler-left-0.3.5/000048b02d3b1303/1752949214325160273-left_camera.jpg,query_150,caption_failed,empty caption from provider,6,inserted_degraded,empty caption from provider
sage/imagesampler-bottom/sage-imagesampler-bottom-0.3.0/000048b02d3ae300/1684521474820578701-sample.jpg,query_150,caption_failed,empty caption from provider,6,inserted_degraded,empty caption from provider
sage/sage/sage-imagesampler-left-0.2.5/000048b02d15bdc2/1672223641583616830-sample.jpg,query_149,caption_failed,empty caption from provider,6,inserted_degraded,empty caption from provider
sage/imagesampler-left-1813/sage-imagesampler-left-0.3.5/00002cea7f56acf2/1742841307890335886-left_camera.jpg,query_151,caption_failed,empty caption from provider,6,inserted_degraded,empty caption from provider
sage/imagesampler-right-2668/sage-imagesampler-right-0.3.5/000048b02d3ae27c/1749048308628487328-right_camera.jpg,query_149,caption_failed,empty caption from provider,6,inserted_degraded,empty caption from provider
sage/imagesampler-left-2668/sage-imagesampler-left-0.3.5/000048b02d3ae25f/1767552025189000888-left_camera.jpg,query_150,caption_failed,empty caption from provider,6,inserted_degraded,empty caption from provider
sage/imagesampler-left-2668/sage-imagesampler-left-0.3.5/000048b02d3ae2f1/1734698110531756606-left_camera.jpg,query_150,caption_failed,empty caption from provider,6,inserted_degraded,empty caption from provider
sage/imagesampler-left-2668/sage-imagesampler-left-0.3.5/000048b02d3b1303/1759839316647295013-left_camera.jpg,query_151,caption_failed,empty caption from provider,6,inserted_degraded,empty caption from provider
sage/imagesampler-bottom-366/sage-imagesampler-bottom-0.3.0/000048b02d3ae31e/1721044810488631841-sample.jpg,query_151,caption_failed,empty caption from provider,6,inserted_degraded,empty caption from provider
sage/sage/sage-imagesampler-left-0.2.5/000048b02d15bc3d/1689533968637674698-sample.jpg,query_150,caption_failed,empty caption from provider,6,inserted_degraded,empty caption from provider
coco/data/000000011801.jpg,query_137,hard_fail,process_item returned None,6,abandoned,process_item returned None
sage/imagesampler-bottom/sage-imagesampler-bottom-0.3.0/000048b02d3ae319/1691802010233404774-sample.jpg,query_150,caption_failed,empty caption from provider,6,inserted_degraded,empty caption from provider
sage/imagesampler-bottom-11/sage-imagesampler-bottom-0.3.0/000048b02d3af41e/1727024416109355342-sample.jpg,query_151,caption_failed,empty caption from provider,6,inserted_degraded,empty caption from provider
sage/imagesampler-left/sage-imagesampler-left-0.3.0/000048b02d15bdd2/1671739210307265852-sample.jpg,query_152,caption_failed,empty caption from provider,6,inserted_degraded,empty caption from provider
sage/imagesampler-right-2668/sage-imagesampler-right-0.3.5/000048b02d3b1303/1759750514113853136-right_camera.jpg,query_152,caption_failed,empty caption from provider,6,inserted_degraded,empty caption from provider
sage/imagesampler-left-1813/sage-imagesampler-left-0.3.0/00002cea7f56acf2/1716325510785204185-sample.jpg,query_153,caption_failed,empty caption from provider,6,inserted_degraded,empty caption from provider
sage/sage/sage-imagesampler-right-0.3.0/000048b02d15bdd2/1713337211564110089-sample.jpg,query_152,caption_failed,empty caption from provider,6,inserted_degraded,empty caption from provider
sage/imagesampler-right-2668/sage-imagesampler-right-0.3.5/000048b02d3ae318/1744755315401244491-right_camera.jpg,query_152,caption_failed,empty caption from provider,6,inserted_degraded,empty caption from provider
sage/imagesampler-left-2668/sage-imagesampler-left-0.3.5/000048b02d3ae221/1745149506019248485-left_camera.jpg,query_151,caption_failed,empty caption from provider,6,inserted_degraded,empty caption from provider
sage/sage/sage-imagesampler-bottom-0.3.0/000048b02d3ae34a/1689534018371942807-sample.jpg,query_153,caption_failed,empty caption from provider,6,inserted_degraded,empty caption from provider
sage/imagesampler-left-2668/sage-imagesampler-left-0.3.5/000048b02d3b1303/1738857912069671270-left_camera.jpg,query_152,caption_failed,empty caption from provider,6,inserted_degraded,empty caption from provider
sage/imagesampler-left-2668/sage-imagesampler-left-0.3.5/000048b02d3ae318/1747306517508842811-left_camera.jpg,query_152,caption_failed,empty caption from provider,6,inserted_degraded,empty caption from provider
sage/imagesampler-bottom-2681/sage-imagesampler-bottom-0.3.7/000048b02d3ae30a/1742842210157116668-sample.jpg,query_151,caption_failed,empty caption from provider,6,inserted_degraded,empty caption from provider
sage/imagesampler-left-1813/sage-imagesampler-left-0.3.0/00002cea7f56acf2/1727973606082296840-sample.jpg,query_153,caption_failed,empty caption from provider,6,inserted_degraded,empty caption from provider
sage/imagesampler-left-1813/sage-imagesampler-left-0.3.5/00002cea7f56acf2/1742841307890335886-left_camera.jpg,query_154,caption_failed,empty caption from provider,6,inserted_degraded,empty caption from provider
sage/imagesampler-right-2668/sage-imagesampler-right-0.3.5/000048b02d3ae2eb/1761499222521611453-right_camera.jpg,query_152,caption_failed,empty caption from provider,6,inserted_degraded,empty caption from provider
sage/imagesampler-right-2668/sage-imagesampler-right-0.3.5/000048b02d3ae328/1744155922708847300-right_camera.jpg,query_153,caption_failed,empty caption from provider,6,inserted_degraded,empty caption from provider
sage/imagesampler-bottom/sage-imagesampler-bottom-0.3.0/000048b02d3ae2d8/1683334816000810202-sample.jpg,query_153,caption_failed,empty caption from provider,6,inserted_degraded,empty caption from provider
sage/sage/sage-imagesampler-left-0.3.0/000048b02d3ae320/1689177617587967763-sample.jpg,query_153,caption_failed,empty caption from provider,6,inserted_degraded,empty caption from provider
sage/sage/sage-imagesampler-bottom-0.2.5/000048b02d05a1c2/1653976325926597612-sample.jpg,query_154,caption_failed,empty caption from provider,6,inserted_degraded,empty caption from provider
sage/imagesampler-right-2668/sage-imagesampler-right-0.3.5/000048b02d3b12e3/1744755913522305502-right_camera.jpg,query_152,caption_failed,empty caption from provider,6,inserted_degraded,empty caption from provider
sage/imagesampler-left-2668/sage-imagesampler-left-0.3.5/000048b02d3ae27c/1754745646469589531-left_camera.jpg,query_154,caption_failed,empty caption from provider,6,inserted_degraded,empty caption from provider
sage/imagesampler-mobotix-1813/sage-imagesampler-mobotix-0.3.7/00002cea7f56acf2/1760742611874483005-sample.jpg,query_150,caption_failed,empty caption from provider,6,inserted_degraded,empty caption from provider
sage/imagesampler-left-2668/sage-imagesampler-left-0.3.5/000048b02d3b1303/1735193409250840873-left_camera.jpg,query_153,caption_failed,empty caption from provider,6,inserted_degraded,empty caption from provider
sage/imagesampler-left-2668/sage-imagesampler-left-0.3.5/000048b02d3b1303/1740407712783813162-left_camera.jpg,query_153,caption_failed,empty caption from provider,6,inserted_degraded,empty caption from provider
sage/imagesampler-bottom/sage-imagesampler-bottom-0.3.0/000048b02d3ae33d/1671584414482835122-sample.jpg,query_154,caption_failed,empty caption from provider,6,inserted_degraded,empty caption from provider
sage/imagesampler-left/sage-imagesampler-left-0.3.0/000048b02d15bdd2/1663966814343014884-sample.jpg,query_154,caption_failed,empty caption from provider,6,inserted_degraded,empty caption from provider
sage/imagesampler-left-2668/sage-imagesampler-left-0.3.5/000048b02d3b1303/1767486636007291385-left_camera.jpg,query_154,caption_failed,empty caption from provider,6,inserted_degraded,empty caption from provider
sage/imagesampler-left-2668/sage-imagesampler-left-0.3.5/000048b02d3b1303/1740407110274019117-left_camera.jpg,query_154,caption_failed,empty caption from provider,6,inserted_degraded,empty caption from provider
sage/imagesampler-right-2668/sage-imagesampler-right-0.3.5/000048b02d3b1303/1744755621712475796-right_camera.jpg,query_154,caption_failed,empty caption from provider,6,inserted_degraded,empty caption from provider
sage/imagesampler-bottom/sage-imagesampler-bottom-0.3.0/000048b02d3ae336/1689177607001335865-sample.jpg,query_154,caption_failed,empty caption from provider,6,inserted_degraded,empty caption from provider
coco/data/000000018702.jpg,query_137,hard_fail,process_item returned None,6,abandoned,process_item returned None
sage/imagesampler-left-2668/sage-imagesampler-left-0.3.5/000048b02d3ae27c/1740987641423922852-left_camera.jpg,query_154,caption_failed,empty caption from provider,6,inserted_degraded,empty caption from provider
sage/imagesampler-bottom/sage-imagesampler-bottom-0.3.0/000048b02d3ae319/1678291210830025496-sample.jpg,query_154,caption_failed,empty caption from provider,6,inserted_degraded,empty caption from provider
sage/imagesampler-left-1740/sage-imagesampler-left-0.3.4/000048b02d3ae337/1709384409201120247-sample.jpg,query_152,caption_failed,empty caption from provider,6,inserted_degraded,empty caption from provider
sage/imagesampler-bottom-2937/sage-imagesampler-bottom-0.3.7/000048b02d15bc7d/1765199708280598091-sample.jpg,query_155,caption_failed,empty caption from provider,6,inserted_degraded,empty caption from provider
sage/imagesampler-right-2668/sage-imagesampler-right-0.3.5/000048b02d3ae27c/1739844015500016932-right_camera.jpg,query_155,caption_failed,empty caption from provider,6,inserted_degraded,empty caption from provider
sage/imagesampler-left-2668/sage-imagesampler-left-0.3.5/000048b02d3b1303/1752949214325160273-left_camera.jpg,query_155,caption_failed,empty caption from provider,6,inserted_degraded,empty caption from provider
sage/sage/sage-imagesampler-bottom-0.2.5/000048b02d15c31f/1687160549436101967-sample.jpg,query_155,caption_failed,empty caption from provider,6,inserted_degraded,empty caption from provider
sage/imagesampler-right-2668/sage-imagesampler-right-0.3.5/000048b02d3ae27c/1749048020663253710-right_camera.jpg,query_155,caption_failed,empty caption from provider,6,inserted_degraded,empty caption from provider
sage/imagesampler-right-2668/sage-imagesampler-right-0.3.5/000048b02d3ae27c/1763554835796138067-right_camera.jpg,query_155,caption_failed,empty caption from provider,6,inserted_degraded,empty caption from provider
sage/imagesampler-right-2668/sage-imagesampler-right-0.3.5/000048b02d3ae2eb/1756571153163636756-right_camera.jpg,query_155,caption_failed,empty caption from provider,6,inserted_degraded,empty caption from provider
sage/imagesampler-right-2668/sage-imagesampler-right-0.3.5/000048b02d3ae328/1734698105934034993-right_camera.jpg,query_156,caption_failed,empty caption from provider,6,inserted_degraded,empty caption from provider
sage/imagesampler-left-2668/sage-imagesampler-left-0.3.5/000048b02d3ae27c/1761500716486563321-left_camera.jpg,query_156,caption_failed,empty caption from provider,6,inserted_degraded,empty caption from provider
sage/imagesampler-right-18/sage-imagesampler-right-0.3.0/000048b02d05a0a4/1708002007367385956-sample.jpg,query_156,caption_failed,empty caption from provider,6,inserted_degraded,empty caption from provider
sage/imagesampler-right-2668/sage-imagesampler-right-0.3.5/000048b02d3ae25f/1744754715639736108-right_camera.jpg,query_156,caption_failed,empty caption from provider,6,inserted_degraded,empty caption from provider
sage/imagesampler-bottom/sage-imagesampler-bottom-0.3.0/000048b02d3ae28f/1697302807390405252-sample.jpg,query_156,caption_failed,empty caption from provider,6,inserted_degraded,empty caption from provider
sage/imagesampler-bottom-1731/sage-imagesampler-bottom-0.3.5/000048b02dd3c5b3/1752948013080671764-bottom_camera.jpg,query_157,caption_failed,empty caption from provider,6,inserted_degraded,empty caption from provider
sage/imagesampler-bottom-1156/sage-imagesampler-bottom-0.3.0/000048b02d3ae260/1708002008981869169-sample.jpg,query_157,caption_failed,empty caption from provider,6,inserted_degraded,empty caption from provider
sage/imagesampler-right-2668/sage-imagesampler-right-0.3.5/000048b02d3ae2eb/1769014838894452790-right_camera.jpg,query_156,caption_failed,empty caption from provider,6,inserted_degraded,empty caption from provider
sage/sage/sage-imagesampler-bottom-0.2.5/000048b02d05a1c2/1721797865807885913-sample.jpg,query_157,caption_failed,empty caption from provider,6,inserted_degraded,empty caption from provider
sage/imagesampler-left-18/sage-imagesampler-left-0.3.5/000048b02d3ae221/1735192809528891187-left_camera.jpg,query_156,caption_failed,empty caption from provider,6,inserted_degraded,empty caption from provider
sage/imagesampler-right-2668/sage-imagesampler-right-0.3.5/000048b02d3b1303/1752948618742092455-right_camera.jpg,query_157,caption_failed,empty caption from provider,6,inserted_degraded,empty caption from provider
sage/imagesampler-bottom-2631/sage-imagesampler-bottom-0.3.5/000048b02d35a9ce/1755795608644486086-bottom_camera.jpg,query_157,caption_failed,empty caption from provider,6,inserted_degraded,empty caption from provider
sage/imagesampler-left-2668/sage-imagesampler-left-0.3.5/000048b02d3ae318/1759750520956750776-left_camera.jpg,query_157,caption_failed,empty caption from provider,6,inserted_degraded,empty caption from provider
sage/imagesampler-bottom/sage-imagesampler-bottom-0.3.0/000048b02d3ae31e/1683335727604901294-sample.jpg,query_157,caption_failed,empty caption from provider,6,inserted_degraded,empty caption from provider
sage/imagesampler-left-2668/sage-imagesampler-left-0.3.5/000048b02d3ae32e/1737099010903338641-left_camera.jpg,query_158,caption_failed,empty caption from provider,6,inserted_degraded,empty caption from provider
sage/sage/sage-imagesampler-right-0.2.5/000048b02d15bc3d/1683336302218433123-sample.jpg,query_157,caption_failed,empty caption from provider,6,inserted_degraded,empty caption from provider
sage/imagesampler-right-2668/sage-imagesampler-right-0.3.5/000048b02d3b12e3/1749046814660077678-right_camera.jpg,query_157,caption_failed,empty caption from provider,6,inserted_degraded,empty caption from provider
sage/imagesampler-bottom-11/sage-imagesampler-bottom-0.3.0/000048b02d3af447/1721044812989798011-sample.jpg,query_157,caption_failed,empty caption from provider,6,inserted_degraded,empty caption from provider
sage/imagesampler-left-486/sage-imagesampler-left-0.3.4/000048b02d3ae2f4/1722027618229314282-sample.jpg,query_158,caption_failed,empty caption from provider,6,inserted_degraded,empty caption from provider
sage/sage/sage-imagesampler-bottom-0.2.5/000048b02d15c319/1662468760738165552-sample.jpg,query_158,caption_failed,empty caption from provider,6,inserted_degraded,empty caption from provider
sage/imagesampler-right-2668/sage-imagesampler-right-0.3.5/000048b02d3ae2f1/1742841917185255732-right_camera.jpg,query_158,caption_failed,empty caption from provider,6,inserted_degraded,empty caption from provider
sage/sage/sage-imagesampler-left-0.2.5/000048b02d15bdc2/1677227207856607190-sample.jpg,query_158,caption_failed,empty caption from provider,6,inserted_degraded,empty caption from provider
sage/sage/sage-imagesampler-bottom-0.2.5/000048b02d05a1c2/1667682862561820142-sample.jpg,query_159,caption_failed,empty caption from provider,6,inserted_degraded,empty caption from provider
sage/imagesampler-left-2668/sage-imagesampler-left-0.3.5/000048b02d3b1303/1744118122544456595-left_camera.jpg,query_158,caption_failed,empty caption from provider,6,inserted_degraded,empty caption from provider
sage/imagesampler-bottom-1156/sage-imagesampler-bottom-0.3.0/000048b02d3af487/1708002014464659422-sample.jpg,query_158,caption_failed,empty caption from provider,6,inserted_degraded,empty caption from provider
sage/imagesampler-left-2668/sage-imagesampler-left-0.3.5/000048b02d3ae32e/1738939519846600934-left_camera.jpg,query_159,caption_failed,empty caption from provider,6,inserted_degraded,empty caption from provider
sage/sage/sage-imagesampler-bottom-0.2.5/000048b02d15bc73/1655968299682322510-sample.jpg,query_159,caption_failed,empty caption from provider,6,inserted_degraded,empty caption from provider
sage/imagesampler-bottom-2711/sage-imagesampler-bottom-0.3.7/000048b02d3ae2db/1752948010322005997-sample.jpg,query_159,caption_failed,empty caption from provider,6,inserted_degraded,empty caption from provider
coco/data/000000006379.jpg,query_147,hard_fail,process_item returned None,6,abandoned,process_item returned None
sage/imagesampler-bottom-11/sage-imagesampler-bottom-0.3.0/000048b02d05a1c2/1726315451694072845-sample.jpg,query_159,caption_failed,empty caption from provider,6,inserted_degraded,empty caption from provider
sage/imagesampler-bottom/sage-imagesampler-bottom-0.3.0/000048b02d3ae336/1676260211701366520-sample.jpg,query_159,caption_failed,empty caption from provider,6,inserted_degraded,empty caption from provider
sage/imagesampler-bottom-2726/sage-imagesampler-bottom-0.3.7/000048b02dd3c427/1760742612932854173-sample.jpg,query_159,caption_failed,empty caption from provider,6,inserted_degraded,empty caption from provider
sage/imagesampler-bottom-11/sage-imagesampler-bottom-0.3.0/000048b02d3af41e/1727024416109355342-sample.jpg,query_159,caption_failed,empty caption from provider,6,inserted_degraded,empty caption from provider
sage/imagesampler-left-18/sage-imagesampler-left-0.3.0/000048b02d15bc3d/1715749210627209064-sample.jpg,query_160,caption_failed,empty caption from provider,6,inserted_degraded,empty caption from provider
sage/imagesampler-right-2668/sage-imagesampler-right-0.3.5/000048b02d3ae328/1737352511061311019-right_camera.jpg,query_160,caption_failed,empty caption from provider,6,inserted_degraded,empty caption from provider
sage/imagesampler-left-2668/sage-imagesampler-left-0.3.5/000048b02d3ae318/1764784209772279389-left_camera.jpg,query_156,caption_failed,empty caption from provider,6,inserted_degraded,empty caption from provider
sage/imagesampler-left-2668/sage-imagesampler-left-0.3.5/000048b02d3ae27c/1764784511634507456-left_camera.jpg,query_160,caption_failed,empty caption from provider,6,inserted_degraded,empty caption from provider
sage/sage/sage-imagesampler-right-0.2.5/000048b02d15bc3d/1709383712122017958-sample.jpg,query_159,caption_failed,empty caption from provider,6,inserted_degraded,empty caption from provider
sage/imagesampler-bottom-11/sage-imagesampler-bottom-0.3.0/000048b02d3ae319/1709384417220016966-sample.jpg,query_159,caption_failed,empty caption from provider,6,inserted_degraded,empty caption from provider
sage/imagesampler-left-2668/sage-imagesampler-left-0.3.5/000048b02d3ae27c/1738938615253411653-left_camera.jpg,query_160,caption_failed,empty caption from provider,6,inserted_degraded,empty caption from provider
sage/imagesampler-left-2668/sage-imagesampler-left-0.3.5/000048b02d3ae27c/1737097811296905641-left_camera.jpg,query_160,caption_failed,empty caption from provider,6,inserted_degraded,empty caption from provider
sage/imagesampler-right-2668/sage-imagesampler-right-0.3.5/000048b02d3ae2eb/1752317121949175087-right_camera.jpg,query_160,caption_failed,empty caption from provider,6,inserted_degraded,empty caption from provider
sage/sage/sage-imagesampler-bottom-0.2.5/000048b02d05a1c2/1735561628975048247-sample.jpg,query_161,caption_failed,empty caption from provider,6,inserted_degraded,empty caption from provider
sage/imagesampler-right-2668/sage-imagesampler-right-0.3.5/000048b02d3ae2eb/1756651547710716681-right_camera.jpg,query_160,caption_failed,empty caption from provider,6,inserted_degraded,empty caption from provider
sage/sage/sage-imagesampler-left-0.2.5/000048b02d15bdc2/1672223641583616830-sample.jpg,query_160,caption_failed,empty caption from provider,6,inserted_degraded,empty caption from provider
sage/imagesampler-left-2668/sage-imagesampler-left-0.3.5/000048b02d3ae2f1/1739844314130366891-left_camera.jpg,query_161,caption_failed,empty caption from provider,6,inserted_degraded,empty caption from provider
sage/imagesampler-right-2668/sage-imagesampler-right-0.3.5/000048b02d3b12e3/1739844316257496611-right_camera.jpg,query_161,caption_failed,empty caption from provider,6,inserted_degraded,empty caption from provider
sage/imagesampler-left-2668/sage-imagesampler-left-0.3.5/000048b02d3ae2eb/1742435410997025824-left_camera.jpg,query_161,caption_failed,empty caption from provider,6,inserted_degraded,empty caption from provider
sage/imagesampler-left-18/sage-imagesampler-left-0.3.5/000048b02d3ae318/1733360414799851779-left_camera.jpg,query_161,caption_failed,empty caption from provider,6,inserted_degraded,empty caption from provider
sage/imagesampler-bottom-2316/sage-imagesampler-bottom-0.3.5/000048b02d3ae337/1755795606939262418-bottom_camera.jpg,query_160,caption_failed,empty caption from provider,6,inserted_degraded,empty caption from provider
sage/imagesampler-mobotix-2727/sage-imagesampler-mobotix-0.3.7/000048b02dd3c427/1766712133024111731-sample.jpg,query_160,caption_failed,empty caption from provider,6,inserted_degraded,empty caption from provider
sage/imagesampler-right-2668/sage-imagesampler-right-0.3.5/000048b02d3ae2f1/1742841917185255732-right_camera.jpg,query_162,caption_failed,empty caption from provider,6,inserted_degraded,empty caption from provider
sage/imagesampler-bottom-2937/sage-imagesampler-bottom-0.3.7/000048b02d15bc7d/1754745309126368609-sample.jpg,query_162,caption_failed,empty caption from provider,6,inserted_degraded,empty caption from provider
sage/imagesampler-right-2668/sage-imagesampler-right-0.3.5/000048b02d3ae2eb/1738939221827663204-right_camera.jpg,query_162,caption_failed,empty caption from provider,6,inserted_degraded,empty caption from provider
sage/imagesampler-left-2668/sage-imagesampler-left-0.3.5/000048b02d3ae221/1760742913439336374-left_camera.jpg,query_162,caption_failed,empty caption from provider,6,inserted_degraded,empty caption from provider
sage/imagesampler-left-2668/sage-imagesampler-left-0.3.5/000048b02d3ae2eb/1734699304971607936-left_camera.jpg,query_162,caption_failed,empty caption from provider,6,inserted_degraded,empty caption from provider
sage/imagesampler-bottom-2726/sage-imagesampler-bottom-0.3.7/000048b02dd3c427/1742434925147014552-sample.jpg,query_161,caption_failed,empty caption from provider,6,inserted_degraded,empty caption from provider
sage/imagesampler-bottom/sage-imagesampler-bottom-0.3.0/000048b02d3ae336/1676260211701366520-sample.jpg,query_163,caption_failed,empty caption from provider,6,inserted_degraded,empty caption from provider
sage/imagesampler-left-2668/sage-imagesampler-left-0.3.5/000048b02d3ae25f/1767486922588361319-left_camera.jpg,query_162,caption_failed,empty caption from provider,6,inserted_degraded,empty caption from provider
sage/imagesampler-bottom-4635/sage-imagesampler-bottom-0.3.5/000048b02d3af49f/1754744413454489055-bottom_camera.jpg,query_164,caption_failed,empty caption from provider,6,inserted_degraded,empty caption from provider
sage/imagesampler-right-2668/sage-imagesampler-right-0.3.5/000048b02d3ae221/1741259456888790446-right_camera.jpg,query_163,caption_failed,empty caption from provider,6,inserted_degraded,empty caption from provider
sage/imagesampler-right-2668/sage-imagesampler-right-0.3.5/000048b02d3ae221/1751295923890022617-right_camera.jpg,query_163,caption_failed,empty caption from provider,6,inserted_degraded,empty caption from provider
sage/imagesampler-bottom-1738/sage-imagesampler-bottom-0.3.5/000048b02d15bc6d/1732302012526420945-bottom_camera.jpg,query_163,caption_failed,empty caption from provider,6,inserted_degraded,empty caption from provider
sage/imagesampler-bottom/sage-imagesampler-bottom-0.3.0/000048b02d3ae336/1680345017981133398-sample.jpg,query_164,caption_failed,empty caption from provider,6,inserted_degraded,empty caption from provider
sage/sage/sage-imagesampler-bottom-0.2.5/000048b02d15bc77/1661509394960074279-sample.jpg,query_163,caption_failed,empty caption from provider,6,inserted_degraded,empty caption from provider
sage/imagesampler-left-2668/sage-imagesampler-left-0.3.5/000048b02d3ae32e/1738939519846600934-left_camera.jpg,query_164,caption_failed,empty caption from provider,6,inserted_degraded,empty caption from provider
sage/sage/sage-imagesampler-bottom-0.3.0/000048b02d3ae319/1689534074907150569-sample.jpg,query_163,caption_failed,empty caption from provider,6,inserted_degraded,empty caption from provider
sage/sage/sage-imagesampler-bottom-0.2.5/000048b02d3ae30a/1650579966169792325-sample.jpg,query_164,caption_failed,empty caption from provider,6,inserted_degraded,empty caption from provider
sage/imagesampler-left-2668/sage-imagesampler-left-0.3.5/000048b02d3b12e3/1744755313115093305-left_camera.jpg,query_164,caption_failed,empty caption from provider,6,inserted_degraded,empty caption from provider
sage/imagesampler-bottom-2705/sage-imagesampler-bottom-0.3.7/000048b02d3ae2f2/1755795610995838661-sample.jpg,query_164,caption_failed,empty caption from provider,6,inserted_degraded,empty caption from provider
sage/sage/sage-imagesampler-bottom-0.3.0/000048b02d15bc7d/1678291222502551323-sample.jpg,query_164,caption_failed,empty caption from provider,6,inserted_degraded,empty caption from provider
sage/imagesampler-left-1813/sage-imagesampler-left-0.3.0/00002cea7f56acf2/1716324911579285200-sample.jpg,query_165,caption_failed,empty caption from provider,6,inserted_degraded,empty caption from provider
coco/data/000000001350.jpg,query_149,hard_fail,process_item returned None,6,abandoned,process_item returned None
sage/imagesampler-mobotix-2727/sage-imagesampler-mobotix-0.3.7/000048b02dd3c427/1766712133024111731-sample.jpg,query_163,caption_failed,empty caption from provider,6,inserted_degraded,empty caption from provider
sage/imagesampler-left-2668/sage-imagesampler-left-0.3.5/000048b02d3ae318/1734699018598833156-left_camera.jpg,query_164,caption_failed,empty caption from provider,6,inserted_degraded,empty caption from provider
sage/imagesampler-left-2668/sage-imagesampler-left-0.3.5/000048b02d3ae328/1749636612070741789-left_camera.jpg,query_165,caption_failed,empty caption from provider,6,inserted_degraded,empty caption from provider
sage/imagesampler-left-2668/sage-imagesampler-left-0.3.5/000048b02d3ae221/1751297120519848147-left_camera.jpg,query_165,caption_failed,empty caption from provider,6,inserted_degraded,empty caption from provider
sage/imagesampler-mobotix-2727/sage-imagesampler-mobotix-0.3.7/000048b02dd3c427/1761499813133326205-sample.jpg,query_165,caption_failed,empty caption from provider,6,inserted_degraded,empty caption from provider
sage/imagesampler-right-2668/sage-imagesampler-right-0.3.5/000048b02d3ae25f/1744156218988807012-right_camera.jpg,query_166,caption_failed,empty caption from provider,6,inserted_degraded,empty caption from provider
sage/sage/sage-imagesampler-bottom-0.2.5/000048b02d3ae2f2/1651572794356390460-sample.jpg,query_162,caption_failed,empty caption from provider,6,inserted_degraded,empty caption from provider
sage/imagesampler-left-2668/sage-imagesampler-left-0.3.5/000048b02d3ae328/1749636612070741789-left_camera.jpg,query_165,caption_failed,empty caption from provider,6,inserted_degraded,empty caption from provider
sage/imagesampler-mobotix-2727/sage-imagesampler-mobotix-0.3.7/000048b02dd3c427/1761499813133326205-sample.jpg,query_165,caption_failed,empty caption from provider,6,inserted_degraded,empty caption from provider
sage/imagesampler-right-2668/sage-imagesampler-right-0.3.5/000048b02d3ae27c/1742840723469550404-right_camera.jpg,query_165,caption_failed,empty caption from provider,6,inserted_degraded,empty caption from provider
sage/imagesampler-mobotix-2727/sage-imagesampler-mobotix-0.3.7/000048b02dd3c427/1761500112257159798-sample.jpg,query_165,caption_failed,empty caption from provider,6,inserted_degraded,empty caption from provider
sage/sage/sage-imagesampler-bottom-0.2.5/000048b02d15bc77/1661509394960074279-sample.jpg,query_168,caption_failed,empty caption from provider,6,inserted_degraded,empty caption from provider
sage/imagesampler-left-2668/sage-imagesampler-left-0.3.5/000048b02d3ae2eb/1742841624717836116-left_camera.jpg,query_167,caption_failed,empty caption from provider,6,inserted_degraded,empty caption from provider
sage/imagesampler-left-2668/sage-imagesampler-left-0.3.5/000048b02d3b1304/1740406811271124713-left_camera.jpg,query_166,caption_failed,empty caption from provider,6,inserted_degraded,empty caption from provider
sage/sage/sage-imagesampler-bottom-0.3.0/000048b02d3ae319/1697302810476800320-sample.jpg,query_165,caption_failed,empty caption from provider,6,inserted_degraded,empty caption from provider
sage/imagesampler-bottom-1731/sage-imagesampler-bottom-0.3.5/000048b02dd3c648/1763744416431885032-bottom_camera.jpg,query_167,caption_failed,empty caption from provider,6,inserted_degraded,empty caption from provider
sage/imagesampler-left-2668/sage-imagesampler-left-0.3.5/000048b02d3ae27c/1737352211388848449-left_camera.jpg,query_167,caption_failed,empty caption from provider,6,inserted_degraded,empty caption from provider
sage/imagesampler-bottom-2128/sage-imagesampler-bottom-0.3.4/000048b02dd3c637/1708002014140076334-sample.jpg,query_166,caption_failed,empty caption from provider,6,inserted_degraded,empty caption from provider
sage/imagesampler-bottom-2726/sage-imagesampler-bottom-0.3.7/000048b02dd3c427/1739844013639879403-sample.jpg,query_168,caption_failed,empty caption from provider,6,inserted_degraded,empty caption from provider
sage/imagesampler-right/sage-imagesampler-right-0.3.0/000048b02d15bdd2/1697302813046564136-sample.jpg,query_167,caption_failed,empty caption from provider,6,inserted_degraded,empty caption from provider
sage/imagesampler-left-2668/sage-imagesampler-left-0.3.5/000048b02d3ae221/1767486318549012397-left_camera.jpg,query_166,caption_failed,empty caption from provider,6,inserted_degraded,empty caption from provider
sage/imagesampler-right-2668/sage-imagesampler-right-0.3.5/000048b02d3ae32e/1740406211528386075-right_camera.jpg,query_169,caption_failed,empty caption from provider,6,inserted_degraded,empty caption from provider
sage/imagesampler-left-2668/sage-imagesampler-left-0.3.5/000048b02d3ae32e/1735126808190856971-left_camera.jpg,query_169,caption_failed,empty caption from provider,6,inserted_degraded,empty caption from provider
sage/imagesampler-mobotix-1813/sage-imagesampler-mobotix-0.3.7/00002cea7f56acf2/1754745610587537235-sample.jpg,query_168,caption_failed,empty caption from provider,6,inserted_degraded,empty caption from provider
sage/imagesampler-mobotix-2715/sage-imagesampler-mobotix-0.3.7/000048b02d3ae2db/1757671214425082777-sample.jpg,query_164,caption_failed,empty caption from provider,6,inserted_degraded,empty caption from provider
sage/sage/sage-imagesampler-bottom-0.2.5/000048b02d15c332/1649879623405070699-sample.jpg,query_168,caption_failed,empty caption from provider,6,inserted_degraded,empty caption from provider
sage/imagesampler-left-2668/sage-imagesampler-left-0.3.5/000048b02d3ae25f/1745148930061577087-left_camera.jpg,query_168,caption_failed,empty caption from provider,6,inserted_degraded,empty caption from provider
sage/imagesampler-right-2668/sage-imagesampler-right-0.3.5/000048b02d3ae2f1/1744756207972161319-right_camera.jpg,query_169,caption_failed,empty caption from provider,6,inserted_degraded,empty caption from provider
sage/imagesampler-right-2668/sage-imagesampler-right-0.3.5/000048b02d3ae328/1738857924215461476-right_camera.jpg,query_169,caption_failed,empty caption from provider,6,inserted_degraded,empty caption from provider
sage/imagesampler-right-2668/sage-imagesampler-right-0.3.5/000048b02d3ae221/1759750551634122426-right_camera.jpg,query_171,caption_failed,empty caption from provider,6,inserted_degraded,empty caption from provider
sage/sage/sage-imagesampler-bottom-0.2.5/000048b02d05a1c2/1677910248144903792-sample.jpg,query_171,caption_failed,empty caption from provider,6,inserted_degraded,empty caption from provider
sage/imagesampler-left-2668/sage-imagesampler-left-0.3.5/000048b02d3b1304/1745149237157855326-left_camera.jpg,query_171,caption_failed,empty caption from provider,6,inserted_degraded,empty caption from provider
sage/imagesampler-right-2668/sage-imagesampler-right-0.3.5/000048b02d3ae2eb/1761499222521611453-right_camera.jpg,query_171,caption_failed,empty caption from provider,6,inserted_degraded,empty caption from provider
sage/imagesampler-right-2668/sage-imagesampler-right-0.3.5/000048b02d3ae2eb/1760742018102785982-right_camera.jpg,query_172,caption_failed,empty caption from provider,6,inserted_degraded,empty caption from provider
sage/sage/sage-imagesampler-left-0.2.5/000048b02d15bc73/1683231499723437745-sample.jpg,query_168,caption_failed,empty caption from provider,6,inserted_degraded,empty caption from provider
sage/imagesampler-left/sage-imagesampler-left-0.3.0/000048b02d15bc3d/1670954413961802503-sample.jpg,query_169,caption_failed,empty caption from provider,6,inserted_degraded,empty caption from provider
sage/imagesampler-bottom/sage-imagesampler-bottom-0.3.0/000048b02d3ae300/1691989211378684667-sample.jpg,query_172,caption_failed,empty caption from provider,6,inserted_degraded,empty caption from provider
sage/sage/sage-imagesampler-bottom-0.2.5/000048b02d15bc77/1661509579970018305-sample.jpg,query_172,caption_failed,empty caption from provider,6,inserted_degraded,empty caption from provider
sage/sage/sage-imagesampler-bottom-0.2.5/000048b02d15c31f/1686653357115108180-sample.jpg,query_172,caption_failed,empty caption from provider,6,inserted_degraded,empty caption from provider
sage/imagesampler-right-2668/sage-imagesampler-right-0.3.5/000048b02d3ae27c/1742841618337440568-right_camera.jpg,query_172,caption_failed,empty caption from provider,6,inserted_degraded,empty caption from provider
sage/imagesampler-left-2668/sage-imagesampler-left-0.3.5/000048b02d3b1303/1739843713906653688-left_camera.jpg,query_172,caption_failed,empty caption from provider,6,inserted_degraded,empty caption from provider
sage/sage/sage-imagesampler-bottom-0.2.5/000048b02d05a1c7/1655968556079972517-sample.jpg,query_173,caption_failed,empty caption from provider,6,inserted_degraded,empty caption from provider
sage/sage/sage-imagesampler-bottom-0.2.5/000048b02d15bc77/1655713291550871905-sample.jpg,query_173,caption_failed,empty caption from provider,6,inserted_degraded,empty caption from provider
sage/imagesampler-bottom-2705/sage-imagesampler-bottom-0.3.7/000048b02d3ae2f2/1755795610995838661-sample.jpg,query_173,caption_failed,empty caption from provider,6,inserted_degraded,empty caption from provider
sage/imagesampler-left-2668/sage-imagesampler-left-0.3.5/000048b02d3ae328/1740406508705221924-left_camera.jpg,query_173,caption_failed,empty caption from provider,6,inserted_degraded,empty caption from provider
sage/imagesampler-left-1739/sage-imagesampler-left-0.3.6/000048b02d3ae27a/1763744411138946697-sample.jpg,query_171,caption_failed,empty caption from provider,6,inserted_degraded,empty caption from provider
sage/sage/sage-imagesampler-left-1.22.4.13/000048b02d3ae2f4/1667683875970506426-3840x1080.jpg,query_173,caption_failed,empty caption from provider,6,inserted_degraded,empty caption from provider
sage/imagesampler-left-2668/sage-imagesampler-left-0.3.5/000048b02d3ae328/1744156519430262527-left_camera.jpg,query_173,caption_failed,empty caption from provider,6,inserted_degraded,empty caption from provider
sage/imagesampler-bottom-1731/sage-imagesampler-bottom-0.3.5/000048b02dd3c641/1749636013938120871-bottom_camera.jpg,query_172,caption_failed,empty caption from provider,6,inserted_degraded,empty caption from provider
sage/imagesampler-bottom-14/sage-imagesampler-bottom-0.3.0/000048b02d15bc7d/1725210020536795578-sample.jpg,query_173,caption_failed,empty caption from provider,6,inserted_degraded,empty caption from provider
sage/imagesampler-left-1813/sage-imagesampler-left-0.3.0/00002cea7f56acf2/1725369910938339744-sample.jpg,query_174,caption_failed,empty caption from provider,6,inserted_degraded,empty caption from provider
sage/imagesampler-bottom/sage-imagesampler-bottom-0.3.0/000048b02d05a1c7/1671584414972747378-sample.jpg,query_174,caption_failed,empty caption from provider,6,inserted_degraded,empty caption from provider
sage/imagesampler-bottom-11/sage-imagesampler-bottom-0.3.0/000048b02d15bc73/1715090415316139007-sample.jpg,query_174,caption_failed,empty caption from provider,6,inserted_degraded,empty caption from provider
sage/imagesampler-bottom-540/sage-imagesampler-bottom-0.3.4/000048b02d35a87e/1726894811005821874-sample.jpg,query_174,caption_failed,empty caption from provider,6,inserted_degraded,empty caption from provider
sage/imagesampler-right-2668/sage-imagesampler-right-0.3.5/000048b02d3ae27c/1744756226227114341-right_camera.jpg,query_174,caption_failed,empty caption from provider,6,inserted_degraded,empty caption from provider
sage/imagesampler-left-1813/sage-imagesampler-left-0.3.5/00002cea7f56acf2/1742841307890335886-left_camera.jpg,query_175,caption_failed,empty caption from provider,6,inserted_degraded,empty caption from provider
sage/imagesampler-right-2668/sage-imagesampler-right-0.3.5/000048b02d3ae221/1751297123220048973-right_camera.jpg,query_174,caption_failed,empty caption from provider,6,inserted_degraded,empty caption from provider
sage/sage/sage-imagesampler-bottom-0.2.5/000048b02d05a1c2/1732493090936555770-sample.jpg,query_174,caption_failed,empty caption from provider,6,inserted_degraded,empty caption from provider
sage/imagesampler-right-2668/sage-imagesampler-right-0.3.5/000048b02d3b1303/1744755621712475796-right_camera.jpg,query_174,caption_failed,empty caption from provider,6,inserted_degraded,empty caption from provider
sage/sage/sage-imagesampler-bottom-0.3.0/000048b02d15bc65/1678291209513784655-sample.jpg,query_176,caption_failed,empty caption from provider,6,inserted_degraded,empty caption from provider
sage/imagesampler-bottom-1731/sage-imagesampler-bottom-0.3.5/000048b02dd3c648/1763744416431885032-bottom_camera.jpg,query_175,caption_failed,empty caption from provider,6,inserted_degraded,empty caption from provider
sage/imagesampler-left-2668/sage-imagesampler-left-0.3.5/000048b02d3ae328/1737729611045592022-left_camera.jpg,query_175,caption_failed,empty caption from provider,6,inserted_degraded,empty caption from provider
sage/imagesampler-right-2668/sage-imagesampler-right-0.3.5/000048b02d3ae2eb/1752316510149899416-right_camera.jpg,query_176,caption_failed,empty caption from provider,6,inserted_degraded,empty caption from provider
sage/imagesampler-bottom/sage-imagesampler-bottom-0.3.0/000048b02d3ae31e/1683335727604901294-sample.jpg,query_175,caption_failed,empty caption from provider,6,inserted_degraded,empty caption from provider
sage/imagesampler-left-2668/sage-imagesampler-left-0.3.5/000048b02d3b12e3/1749327020230911035-left_camera.jpg,query_176,caption_failed,empty caption from provider,6,inserted_degraded,empty caption from provider
sage/imagesampler-left-2668/sage-imagesampler-left-0.3.5/000048b02d3ae27c/1764785128714145244-left_camera.jpg,query_176,caption_failed,empty caption from provider,6,inserted_degraded,empty caption from provider
sage/imagesampler-bottom-2626/sage-imagesampler-bottom-0.3.5/000048b02d3ae300/1757293207715025040-bottom_camera.jpg,query_176,caption_failed,empty caption from provider,6,inserted_degraded,empty caption from provider
sage/imagesampler-bottom-10/sage-imagesampler-bottom-0.3.5/000048b02d15bc87/1742436017090872613-bottom_camera.jpg,query_176,caption_failed,empty caption from provider,6,inserted_degraded,empty caption from provider
sage/imagesampler-bottom-577/sage-imagesampler-bottom-0.3.0/000048b02d35a9ce/1715090408856372096-sample.jpg,query_176,caption_failed,empty caption from provider,6,inserted_degraded,empty caption from provider
sage/imagesampler-bottom-11/sage-imagesampler-bottom-0.3.0/000048b02d3ae33b/1721797229490017189-sample.jpg,query_179,caption_failed,empty caption from provider,6,inserted_degraded,empty caption from provider
sage/imagesampler-left-2668/sage-imagesampler-left-0.3.5/000048b02d3ae27c/1740987641423922852-left_camera.jpg,query_176,caption_failed,empty caption from provider,6,inserted_degraded,empty caption from provider
sage/imagesampler-left-2668/sage-imagesampler-left-0.3.5/000048b02d3ae221/1764783928389320054-left_camera.jpg,query_176,caption_failed,empty caption from provider,6,inserted_degraded,empty caption from provider
sage/imagesampler-right-2668/sage-imagesampler-right-0.3.5/000048b02d3b12e3/1747307415065540140-right_camera.jpg,query_176,caption_failed,empty caption from provider,6,inserted_degraded,empty caption from provider
sage/imagesampler-right-2668/sage-imagesampler-right-0.3.5/000048b02d3ae27c/1757670722062211898-right_camera.jpg,query_179,caption_failed,empty caption from provider,6,inserted_degraded,empty caption from provider
coco/data/000000015286.jpg,query_160,hard_fail,process_item returned None,6,abandoned,process_item returned None
sage/imagesampler-right-2668/sage-imagesampler-right-0.3.5/000048b02d3ae318/1763555709416852801-right_camera.jpg,query_176,caption_failed,empty caption from provider,6,inserted_degraded,empty caption from provider
sage/imagesampler-mobotix-2715/sage-imagesampler-mobotix-0.3.7/000048b02d3ae2db/1760742014577780596-sample.jpg,query_172,caption_failed,empty caption from provider,6,inserted_degraded,empty caption from provider
sage/imagesampler-left-2668/sage-imagesampler-left-0.3.5/000048b02d3ae328/1740525609038905430-left_camera.jpg,query_179,caption_failed,empty caption from provider,6,inserted_degraded,empty caption from provider
sage/imagesampler-left-2668/sage-imagesampler-left-0.3.5/000048b02d3ae318/1758621021166004882-left_camera.jpg,query_179,caption_failed,empty caption from provider,6,inserted_degraded,empty caption from provider
sage/sage/sage-imagesampler-bottom-0.2.5/000048b02d15bc6d/1673854028942855458-sample.jpg,query_179,caption_failed,empty caption from provider,6,inserted_degraded,empty caption from provider
sage/imagesampler-right-2668/sage-imagesampler-right-0.3.5/000048b02d3ae328/1737352511061311019-right_camera.jpg,query_179,caption_failed,empty caption from provider,6,inserted_degraded,empty caption from provider
sage/imagesampler-left-2668/sage-imagesampler-left-0.3.5/000048b02d3ae2eb/1745149833066384236-left_camera.jpg,query_180,caption_failed,empty caption from provider,6,inserted_degraded,empty caption from provider
sage/imagesampler-bottom-484/sage-imagesampler-bottom-0.3.0/000048b02d3ae300/1702659615246321228-sample.jpg,query_179,caption_failed,empty caption from provider,6,inserted_degraded,empty caption from provider
sage/imagesampler-left-2668/sage-imagesampler-left-0.3.5/000048b02d3ae27c/1738857314293907131-left_camera.jpg,query_180,caption_failed,empty caption from provider,6,inserted_degraded,empty caption from provider
sage/imagesampler-bottom-2726/sage-imagesampler-bottom-0.3.7/000048b02dd3c427/1742435885586645523-sample.jpg,query_180,caption_failed,empty caption from provider,6,inserted_degraded,empty caption from provider
sage/imagesampler-left-2668/sage-imagesampler-left-0.3.5/000048b02d3ae27c/1740525938371281973-left_camera.jpg,query_180,caption_failed,empty caption from provider,6,inserted_degraded,empty caption from provider
sage/imagesampler-right-2668/sage-imagesampler-right-0.3.5/000048b02d3ae27c/1749048020663253710-right_camera.jpg,query_180,caption_failed,empty caption from provider,6,inserted_degraded,empty caption from provider
sage/imagesampler-bottom/sage-imagesampler-bottom-0.3.0/000048b02d3ae33b/1689534018179539648-sample.jpg,query_180,caption_failed,empty caption from provider,6,inserted_degraded,empty caption from provider
sage/imagesampler-bottom-11/sage-imagesampler-bottom-0.3.0/000048b02d3ae319/1701288036876916081-sample.jpg,query_180,caption_failed,empty caption from provider,6,inserted_degraded,empty caption from provider
sage/imagesampler-left-1813/sage-imagesampler-left-0.3.0/00002cea7f56acf2/1724013021752703106-sample.jpg,query_181,caption_failed,empty caption from provider,6,inserted_degraded,empty caption from provider
sage/imagesampler-left-2668/sage-imagesampler-left-0.3.5/000048b02d3ae318/1745149810570081693-left_camera.jpg,query_180,caption_failed,empty caption from provider,6,inserted_degraded,empty caption from provider
sage/imagesampler-left-2668/sage-imagesampler-left-0.3.5/000048b02d3ae318/1756652709747153080-left_camera.jpg,query_180,caption_failed,empty caption from provider,6,inserted_degraded,empty caption from provider
sage/imagesampler-left-2668/sage-imagesampler-left-0.3.5/000048b02d3ae32e/1735126507280228663-left_camera.jpg,query_181,caption_failed,empty caption from provider,6,inserted_degraded,empty caption from provider
sage/imagesampler-left-2668/sage-imagesampler-left-0.3.5/000048b02d3ae2eb/1737098104743638551-left_camera.jpg,query_180,caption_failed,empty caption from provider,6,inserted_degraded,empty caption from provider
sage/sage/sage-imagesampler-bottom-0.2.5/000048b02d15bc8c/1659562824246232248-sample.jpg,query_172,caption_failed,empty caption from provider,6,inserted_degraded,empty caption from provider
sage/sage/sage-imagesampler-bottom-0.2.5/000048b02d15bda5/1678334288736193705-sample.jpg,query_180,caption_failed,empty caption from provider,6,inserted_degraded,empty caption from provider
sage/imagesampler-left-2668/sage-imagesampler-left-0.3.5/000048b02d3ae2eb/1760741719783290956-left_camera.jpg,query_181,caption_failed,empty caption from provider,6,inserted_degraded,empty caption from provider
sage/imagesampler-right-2668/sage-imagesampler-right-0.3.5/000048b02d3ae328/1752948344470917654-right_camera.jpg,query_181,caption_failed,empty caption from provider,6,inserted_degraded,empty caption from provider
sage/imagesampler-right-2668/sage-imagesampler-right-0.3.5/000048b02d3ae318/1759839311556342415-right_camera.jpg,query_181,caption_failed,empty caption from provider,6,inserted_degraded,empty caption from provider
sage/sage/sage-imagesampler-right-0.2.5/000048b02d15bc3d/1683336302218433123-sample.jpg,query_181,caption_failed,empty caption from provider,6,inserted_degraded,empty caption from provider
sage/imagesampler-bottom-1731/sage-imagesampler-bottom-0.3.5/000048b02d3b1313/1749326406051045916-bottom_camera.jpg,query_182,caption_failed,empty caption from provider,6,inserted_degraded,empty caption from provider
sage/sage/sage-imagesampler-bottom-0.2.5/000048b02d15bc73/1642537716644497881-sample.jpg,query_181,caption_failed,empty caption from provider,6,inserted_degraded,empty caption from provider
sage/imagesampler-left-2668/sage-imagesampler-left-0.3.5/000048b02d3ae318/1759749611492245976-left_camera.jpg,query_182,caption_failed,empty caption from provider,6,inserted_degraded,empty caption from provider
sage/imagesampler-bottom-1731/sage-imagesampler-bottom-0.3.0/000048b02dd3c51f/1713067210664537402-sample.jpg,query_182,caption_failed,empty caption from provider,6,inserted_degraded,empty caption from provider
sage/sage/sage-imagesampler-right-0.2.5/000048b02d15bdc2/1670433163168478262-sample.jpg,query_181,caption_failed,empty caption from provider,6,inserted_degraded,empty caption from provider
sage/imagesampler-left-1739/sage-imagesampler-left-0.3.4/000048b02d3ae27a/1714136412145693983-sample.jpg,query_176,caption_failed,empty caption from provider,6,inserted_degraded,empty caption from provider
sage/imagesampler-right-2668/sage-imagesampler-right-0.3.5/000048b02d3ae318/1757672138044792151-right_camera.jpg,query_182,caption_failed,empty caption from provider,6,inserted_degraded,empty caption from provider
sage/imagesampler-left-2668/sage-imagesampler-left-0.3.5/000048b02d3ae32e/1737099010903338641-left_camera.jpg,query_182,caption_failed,empty caption from provider,6,inserted_degraded,empty caption from provider
sage/imagesampler-bottom-11/sage-imagesampler-bottom-0.3.5/000048b02d15bc65/1741258821826241113-bottom_camera.jpg,query_182,caption_failed,empty caption from provider,6,inserted_degraded,empty caption from provider
sage/imagesampler-right-18/sage-imagesampler-right-0.3.0/000048b02d05a0a4/1708002007367385956-sample.jpg,query_183,caption_failed,empty caption from provider,6,inserted_degraded,empty caption from provider
sage/imagesampler-left-2668/sage-imagesampler-left-0.3.5/000048b02d3b1303/1738939810196553894-left_camera.jpg,query_182,caption_failed,empty caption from provider,6,inserted_degraded,empty caption from provider
sage/imagesampler-bottom-2681/sage-imagesampler-bottom-0.3.7/000048b02d3ae30a/1749636014231781906-sample.jpg,query_182,caption_failed,empty caption from provider,6,inserted_degraded,empty caption from provider
sage/sage/sage-imagesampler-bottom-0.2.5/000048b02d15bc77/1655969219904203469-sample.jpg,query_183,caption_failed,empty caption from provider,6,inserted_degraded,empty caption from provider
sage/imagesampler-right-2668/sage-imagesampler-right-0.3.5/000048b02d3ae32e/1740406211528386075-right_camera.jpg,query_182,caption_failed,empty caption from provider,6,inserted_degraded,empty caption from provider
sage/sage/sage-imagesampler-bottom-0.2.5/000048b02d15bc77/1655712861557145579-sample.jpg,query_183,caption_failed,empty caption from provider,6,inserted_degraded,empty caption from provider
sage/imagesampler-left-2668/sage-imagesampler-left-0.3.5/000048b02d3ae328/1749046807962253418-left_camera.jpg,query_183,caption_failed,empty caption from provider,6,inserted_degraded,empty caption from provider
sage/imagesampler-bottom-1731/sage-imagesampler-bottom-0.3.5/000048b02dd3c42b/1763744413580382608-bottom_camera.jpg,query_183,caption_failed,empty caption from provider,6,inserted_degraded,empty caption from provider
sage/imagesampler-mobotix-2727/sage-imagesampler-mobotix-0.3.7/000048b02dd3c427/1766711083150166501-sample.jpg,query_182,caption_failed,empty caption from provider,6,inserted_degraded,empty caption from provider
sage/imagesampler-left-2668/sage-imagesampler-left-0.3.5/000048b02d3ae328/1740525609038905430-left_camera.jpg,query_183,caption_failed,empty caption from provider,6,inserted_degraded,empty caption from provider
sage/imagesampler-left-2668/sage-imagesampler-left-0.3.5/000048b02d3b12e3/1739842820634171216-left_camera.jpg,query_183,caption_failed,empty caption from provider,6,inserted_degraded,empty caption from provider
sage/imagesampler-bottom/sage-imagesampler-bottom-0.3.0/000048b02d15bdcd/1676829634340684273-sample.jpg,query_183,caption_failed,empty caption from provider,6,inserted_degraded,empty caption from provider
sage/imagesampler-mobotix-1813/sage-imagesampler-mobotix-0.3.7/00002cea7f56acf2/1756652110731370319-sample.jpg,query_182,caption_failed,empty caption from provider,6,inserted_degraded,empty caption from provider
sage/imagesampler-right-2668/sage-imagesampler-right-0.3.5/000048b02d3ae27c/1749152121235599342-right_camera.jpg,query_183,caption_failed,empty caption from provider,6,inserted_degraded,empty caption from provider
sage/imagesampler-left-2668/sage-imagesampler-left-0.3.5/000048b02d3b1304/1740407736771083684-left_camera.jpg,query_184,caption_failed,empty caption from provider,6,inserted_degraded,empty caption from provider
sage/imagesampler-bottom-4635/sage-imagesampler-bottom-0.3.5/000048b02d3af49f/1754744413454489055-bottom_camera.jpg,query_184,caption_failed,empty caption from provider,6,inserted_degraded,empty caption from provider
sage/sage/sage-imagesampler-bottom-0.2.5/000048b02d15c319/1652664614965174930-sample.jpg,query_183,caption_failed,empty caption from provider,6,inserted_degraded,empty caption from provider
sage/imagesampler-bottom-1156/sage-imagesampler-bottom-0.3.0/000048b02d3ae28e/1714136406910078120-sample.jpg,query_184,caption_failed,empty caption from provider,6,inserted_degraded,empty caption from provider
sage/imagesampler-bottom-11/sage-imagesampler-bottom-0.3.0/000048b02d05a1c7/1702659659511605800-sample.jpg,query_183,caption_failed,empty caption from provider,6,inserted_degraded,empty caption from provider
sage/imagesampler-left-1813/sage-imagesampler-left-0.3.5/00002cea7f56acf2/1732494009120922747-left_camera.jpg,query_184,caption_failed,empty caption from provider,6,inserted_degraded,empty caption from provider
sage/imagesampler-bottom-14/sage-imagesampler-bottom-0.3.0/000048b02d15bc7d/1725210020536795578-sample.jpg,query_184,caption_failed,empty caption from provider,6,inserted_degraded,empty caption from provider
sage/imagesampler-left-18/sage-imagesampler-left-0.3.5/000048b02d3ae318/1733360414799851779-left_camera.jpg,query_184,caption_failed,empty caption from provider,6,inserted_degraded,empty caption from provider
sage/imagesampler-right-2668/sage-imagesampler-right-0.3.5/000048b02d3b1304/1738857010331256739-right_camera.jpg,query_187,caption_failed,empty caption from provider,6,inserted_degraded,empty caption from provider
sage/imagesampler-left-2668/sage-imagesampler-left-0.3.5/000048b02d3ae2eb/1765200133959500710-left_camera.jpg,query_185,caption_failed,empty caption from provider,6,inserted_degraded,empty caption from provider
sage/imagesampler-right-2668/sage-imagesampler-right-0.3.5/000048b02d3ae27c/1742841007866558769-right_camera.jpg,query_185,caption_failed,empty caption from provider,6,inserted_degraded,empty caption from provider
sage/imagesampler-left-2668/sage-imagesampler-left-0.3.5/000048b02d3ae318/1735125617796283230-left_camera.jpg,query_184,caption_failed,empty caption from provider,6,inserted_degraded,empty caption from provider
sage/imagesampler-bottom-2697/sage-imagesampler-bottom-0.3.7/000048b02d3ae31e/1738857606917407793-sample.jpg,query_185,caption_failed,empty caption from provider,6,inserted_degraded,empty caption from provider
sage/imagesampler-left-2668/sage-imagesampler-left-0.3.5/000048b02d3ae25f/1766712016633937435-left_camera.jpg,query_184,caption_failed,empty caption from provider,6,inserted_degraded,empty caption from provider
sage/imagesampler-right-1739/sage-imagesampler-right-0.3.6/000048b02d3ae27a/1749326410188914756-sample.jpg,query_188,caption_failed,empty caption from provider,6,inserted_degraded,empty caption from provider
sage/imagesampler-left-2668/sage-imagesampler-left-0.3.5/000048b02d3ae2f1/1745148605946841180-left_camera.jpg,query_185,caption_failed,empty caption from provider,6,inserted_degraded,empty caption from provider
sage/imagesampler-right-2668/sage-imagesampler-right-0.3.5/000048b02d3ae318/1763745318543880981-right_camera.jpg,query_185,caption_failed,empty caption from provider,6,inserted_degraded,empty caption from provider
sage/imagesampler-left-2668/sage-imagesampler-left-0.3.5/000048b02d3ae318/1764783609418278465-left_camera.jpg,query_185,caption_failed,empty caption from provider,6,inserted_degraded,empty caption from provider
sage/sage/sage-imagesampler-left-0.2.5/000048b02d15bc73/1724012187138551263-sample.jpg,query_185,caption_failed,empty caption from provider,6,inserted_degraded,empty caption from provider
sage/sage/sage-imagesampler-left-1.22.4.13/000048b02d3ae2f4/1667683999327041974-3840x1080.jpg,query_187,caption_failed,empty caption from provider,6,inserted_degraded,empty caption from provider
sage/sage/sage-imagesampler-bottom-0.2.5/000048b02d05a1c2/1655712232049741608-sample.jpg,query_187,caption_failed,empty caption from provider,6,inserted_degraded,empty caption from provider
sage/sage/sage-imagesampler-bottom-0.2.5/000048b02d15bc77/1653198533282263889-sample.jpg,query_187,caption_failed,empty caption from provider,6,inserted_degraded,empty caption from provider
sage/imagesampler-left-18/sage-imagesampler-left-0.3.0/000048b02d3ae292/1729749608896855131-sample.jpg,query_187,caption_failed,empty caption from provider,6,inserted_degraded,empty caption from provider
sage/imagesampler-left-2668/sage-imagesampler-left-0.3.5/000048b02d3ae318/1757671816824673217-left_camera.jpg,query_187,caption_failed,empty caption from provider,6,inserted_degraded,empty caption from provider
sage/imagesampler-bottom/sage-imagesampler-bottom-0.3.0/000048b02d15bc73/1669114815552641117-sample.jpg,query_187,caption_failed,empty caption from provider,6,inserted_degraded,empty caption from provider
sage/imagesampler-bottom-11/sage-imagesampler-bottom-0.3.0/000048b02d05a1c2/1726315451694072845-sample.jpg,query_188,caption_failed,empty caption from provider,6,inserted_degraded,empty caption from provider
sage/imagesampler-left-2668/sage-imagesampler-left-0.3.5/000048b02d3ae27c/1737352211388848449-left_camera.jpg,query_187,caption_failed,empty caption from provider,6,inserted_degraded,empty caption from provider
sage/imagesampler-left-2668/sage-imagesampler-left-0.3.5/000048b02d3b12e3/1749327020230911035-left_camera.jpg,query_187,caption_failed,empty caption from provider,6,inserted_degraded,empty caption from provider
sage/sage/sage-imagesampler-bottom-0.2.5/000048b02d15c31f/1670340943056249947-sample.jpg,query_188,caption_failed,empty caption from provider,6,inserted_degraded,empty caption from provider
sage/sage/sage-imagesampler-left-1.22.4.13/000048b02d3ae2f4/1667683999327041974-3840x1080.jpg,query_188,caption_failed,empty caption from provider,6,inserted_degraded,empty caption from provider
sage/imagesampler-bottom/sage-imagesampler-bottom-0.3.0/000048b02d15c31f/1694602842592450086-sample.jpg,query_187,caption_failed,empty caption from provider,6,inserted_degraded,empty caption from provider
sage/imagesampler-right-18/sage-imagesampler-right-0.3.0/000048b02d15bc3d/1709384415159673947-sample.jpg,query_187,caption_failed,empty caption from provider,6,inserted_degraded,empty caption from provider
sage/imagesampler-bottom-2316/sage-imagesampler-bottom-0.3.5/000048b02d3ae337/1757671215760609929-bottom_camera.jpg,query_189,caption_failed,empty caption from provider,6,inserted_degraded,empty caption from provider
sage/imagesampler-bottom/sage-imagesampler-bottom-0.3.0/000048b02d3ae319/1694840410091817680-sample.jpg,query_189,caption_failed,empty caption from provider,6,inserted_degraded,empty caption from provider
sage/imagesampler-right-18/sage-imagesampler-right-0.3.0/000048b02d15bc3d/1714194011616594623-sample.jpg,query_189,caption_failed,empty caption from provider,6,inserted_degraded,empty caption from provider
sage/imagesampler-right-2668/sage-imagesampler-right-0.3.5/000048b02d3ae32e/1740986134471525222-right_camera.jpg,query_190,caption_failed,empty caption from provider,6,inserted_degraded,empty caption from provider
sage/imagesampler-right-2668/sage-imagesampler-right-0.3.5/000048b02d3ae221/1741259456888790446-right_camera.jpg,query_190,caption_failed,empty caption from provider,6,inserted_degraded,empty caption from provider
sage/imagesampler-left-2668/sage-imagesampler-left-0.3.5/000048b02d3ae221/1766711118829052799-left_camera.jpg,query_189,caption_failed,empty caption from provider,6,inserted_degraded,empty caption from provider
sage/imagesampler-left-2668/sage-imagesampler-left-0.3.5/000048b02d3ae221/1754744420828358972-left_camera.jpg,query_189,caption_failed,empty caption from provider,6,inserted_degraded,empty caption from provider
sage/imagesampler-left-2668/sage-imagesampler-left-0.3.5/000048b02d3b12e3/1740406244668987073-left_camera.jpg,query_190,caption_failed,empty caption from provider,6,inserted_degraded,empty caption from provider
sage/imagesampler-left-2668/sage-imagesampler-left-0.3.5/000048b02d3ae27c/1767552021208589574-left_camera.jpg,query_190,caption_failed,empty caption from provider,6,inserted_degraded,empty caption from provider
sage/sage/sage-imagesampler-left-1.22.4.13/000048b02d3ae2f4/1666803930699800416-3840x1080.jpg,query_190,caption_failed,empty caption from provider,6,inserted_degraded,empty caption from provider
sage/imagesampler-right-2668/sage-imagesampler-right-0.3.5/000048b02d3ae25f/1742436009887500696-right_camera.jpg,query_190,caption_failed,empty caption from provider,6,inserted_degraded,empty caption from provider
sage/sage/sage-imagesampler-bottom-0.2.5/000048b02d15bc73/1642537716644497881-sample.jpg,query_190,caption_failed,empty caption from provider,6,inserted_degraded,empty caption from provider
sage/imagesampler-left-2668/sage-imagesampler-left-0.3.5/000048b02d3ae2eb/1766711122676214673-left_camera.jpg,query_191,caption_failed,empty caption from provider,6,inserted_degraded,empty caption from provider
sage/sage/sage-imagesampler-left-0.2.5/000048b02d05a0a4/1650331660123932858-sample.jpg,query_188,caption_failed,empty caption from provider,6,inserted_degraded,empty caption from provider
sage/imagesampler-right-2668/sage-imagesampler-right-0.3.5/000048b02d3ae2f1/1744756207972161319-right_camera.jpg,query_191,caption_failed,empty caption from provider,6,inserted_degraded,empty caption from provider
sage/sage/sage-imagesampler-bottom-0.3.0/000048b02d3ae319/1689534074907150569-sample.jpg,query_190,caption_failed,empty caption from provider,6,inserted_degraded,empty caption from provider
sage/imagesampler-mobotix-1813/sage-imagesampler-mobotix-0.3.7/00002cea7f56acf2/1756570812064185875-sample.jpg,query_189,caption_failed,empty caption from provider,6,inserted_degraded,empty caption from provider
sage/imagesampler-left-2668/sage-imagesampler-left-0.3.5/000048b02d3ae318/1735126282919156137-left_camera.jpg,query_191,caption_failed,empty caption from provider,6,inserted_degraded,empty caption from provider
sage/imagesampler-bottom/sage-imagesampler-bottom-0.3.0/000048b02d3ae300/1689962413905342258-sample.jpg,query_191,caption_failed,empty caption from provider,6,inserted_degraded,empty caption from provider
sage/imagesampler-right-2668/sage-imagesampler-right-0.3.5/000048b02d3ae27c/1742841618337440568-right_camera.jpg,query_191,caption_failed,empty caption from provider,6,inserted_degraded,empty caption from provider
sage/imagesampler-left-2668/sage-imagesampler-left-0.3.5/000048b02d3ae27c/1747306538452672542-left_camera.jpg,query_192,caption_failed,empty caption from provider,6,inserted_degraded,empty caption from provider
sage/imagesampler-bottom-540/sage-imagesampler-bottom-0.3.5/000048b02d35a87e/1734699609249582224-bottom_camera.jpg,query_190,caption_failed,empty caption from provider,6,inserted_degraded,empty caption from provider
sage/imagesampler-bottom-11/sage-imagesampler-bottom-0.3.5/000048b02d15bc65/1741777218001158760-bottom_camera.jpg,query_193,caption_failed,empty caption from provider,6,inserted_degraded,empty caption from provider
sage/sage/sage-imagesampler-left-0.2.5/000048b02d15bc3d/1648503475091081746-sample.jpg,query_191,caption_failed,empty caption from provider,6,inserted_degraded,empty caption from provider
sage/imagesampler-left-2668/sage-imagesampler-left-0.3.5/000048b02d3ae27c/1738857924572046005-left_camera.jpg,query_193,caption_failed,empty caption from provider,6,inserted_degraded,empty caption from provider
sage/imagesampler-left-2668/sage-imagesampler-left-0.3.5/000048b02d3ae2f1/1735192520007288574-left_camera.jpg,query_192,caption_failed,empty caption from provider,6,inserted_degraded,empty caption from provider
sage/sage/sage-imagesampler-left-0.2.5/000048b02d15bc73/1697303681894257616-sample.jpg,query_191,caption_failed,empty caption from provider,6,inserted_degraded,empty caption from provider
sage/imagesampler-left-2668/sage-imagesampler-left-0.3.5/000048b02d3b1303/1738939810196553894-left_camera.jpg,query_192,caption_failed,empty caption from provider,6,inserted_degraded,empty caption from provider
coco/data/000000010125.jpg,query_174,hard_fail,process_item returned None,6,abandoned,process_item returned None
sage/imagesampler-left-2668/sage-imagesampler-left-0.3.5/000048b02d3ae2f1/1735192520007288574-left_camera.jpg,query_192,caption_failed,empty caption from provider,6,inserted_degraded,empty caption from provider
sage/imagesampler-left-1739/sage-imagesampler-left-0.3.6/000048b02d3ae27a/1741777218988636607-sample.jpg,query_189,caption_failed,empty caption from provider,6,inserted_degraded,empty caption from provider
sage/imagesampler-bottom-1156/sage-imagesampler-bottom-0.3.0/000048b02d35a9ed/1715248806188630471-sample.jpg,query_191,caption_failed,empty caption from provider,6,inserted_degraded,empty caption from provider
sage/imagesampler-left-2668/sage-imagesampler-left-0.3.5/000048b02d3ae2eb/1737352207048915571-left_camera.jpg,query_193,caption_failed,empty caption from provider,6,inserted_degraded,empty caption from provider
sage/sage/sage-imagesampler-right-0.2.5/000048b02d15bc3d/1671583393251472804-sample.jpg,query_194,caption_failed,empty caption from provider,6,inserted_degraded,empty caption from provider
sage/imagesampler-bottom-2697/sage-imagesampler-bottom-0.3.7/000048b02d3ae31e/1749326409818202681-sample.jpg,query_194,caption_failed,empty caption from provider,6,inserted_degraded,empty caption from provider
sage/imagesampler-left-486/sage-imagesampler-left-0.3.4/000048b02d3ae2f4/1714136421033400054-sample.jpg,query_194,caption_failed,empty caption from provider,6,inserted_degraded,empty caption from provider
sage/imagesampler-bottom/sage-imagesampler-bottom-0.3.0/000048b02d05a1c7/1691989226194002865-sample.jpg,query_194,caption_failed,empty caption from provider,6,inserted_degraded,empty caption from provider
sage/imagesampler-left-2668/sage-imagesampler-left-0.3.5/000048b02d3ae318/1735126282919156137-left_camera.jpg,query_194,caption_failed,empty caption from provider,6,inserted_degraded,empty caption from provider
sage/imagesampler-right-2668/sage-imagesampler-right-0.3.5/000048b02d3b12e3/1751296220192757065-right_camera.jpg,query_193,caption_failed,empty caption from provider,6,inserted_degraded,empty caption from provider
sage/imagesampler-left-18/sage-imagesampler-left-0.3.0/000048b02d15bc3d/1721044809410155079-sample.jpg,query_194,caption_failed,empty caption from provider,6,inserted_degraded,empty caption from provider
sage/sage/sage-imagesampler-bottom-0.3.0/000048b02d3ae2f2/1692216015136284635-sample.jpg,query_194,caption_failed,empty caption from provider,6,inserted_degraded,empty caption from provider
sage/imagesampler-bottom/sage-imagesampler-bottom-0.3.0/000048b02d3ae336/1676261411908320906-sample.jpg,query_195,caption_failed,empty caption from provider,6,inserted_degraded,empty caption from provider
sage/imagesampler-bottom-2681/sage-imagesampler-bottom-0.3.7/000048b02d3ae30a/1751296813447118436-sample.jpg,query_193,caption_failed,empty caption from provider,6,inserted_degraded,empty caption from provider
sage/imagesampler-bottom/sage-imagesampler-bottom-0.3.0/000048b02d35a9b5/1697302809590689031-sample.jpg,query_194,caption_failed,empty caption from provider,6,inserted_degraded,empty caption from provider
sage/imagesampler-left-2668/sage-imagesampler-left-0.3.5/000048b02d3ae328/1734699607703905113-left_camera.jpg,query_195,caption_failed,empty caption from provider,6,inserted_degraded,empty caption from provider
sage/imagesampler-bottom-10/sage-imagesampler-bottom-0.3.5/000048b02d15bc87/1742436017090872613-bottom_camera.jpg,query_195,caption_failed,empty caption from provider,6,inserted_degraded,empty caption from provider
sage/imagesampler-right-2668/sage-imagesampler-right-0.3.5/000048b02d3ae27c/1760742315484383035-right_camera.jpg,query_195,caption_failed,empty caption from provider,6,inserted_degraded,empty caption from provider
sage/sage/sage-imagesampler-bottom-0.2.5/000048b02d05a1c7/1647319585593638008-sample.jpg,query_195,caption_failed,empty caption from provider,6,inserted_degraded,empty caption from provider
coco/data/000000008794.jpg,query_176,hard_fail,process_item returned None,6,abandoned,process_item returned None
sage/sage/sage-imagesampler-bottom-0.2.5/000048b02d15bda5/1645261813317813178-sample.jpg,query_195,caption_failed,empty caption from provider,6,inserted_degraded,empty caption from provider
sage/imagesampler-right-2668/sage-imagesampler-right-0.3.5/000048b02d3ae2f1/1739844014269516244-right_camera.jpg,query_196,caption_failed,empty caption from provider,6,inserted_degraded,empty caption from provider
sage/imagesampler-bottom/sage-imagesampler-bottom-0.3.0/000048b02d35a9bf/1686654012446014192-sample.jpg,query_195,caption_failed,empty caption from provider,6,inserted_degraded,empty caption from provider
sage/imagesampler-left-2668/sage-imagesampler-left-0.3.5/000048b02d3ae2eb/1745149248488867432-left_camera.jpg,query_196,caption_failed,empty caption from provider,6,inserted_degraded,empty caption from provider
sage/imagesampler-bottom-11/sage-imagesampler-bottom-0.3.5/000048b02d3af41e/1763744408985973055-bottom_camera.jpg,query_196,caption_failed,empty caption from provider,6,inserted_degraded,empty caption from provider
sage/imagesampler-left-2668/sage-imagesampler-left-0.3.5/000048b02d3ae328/1734699305154236571-left_camera.jpg,query_196,caption_failed,empty caption from provider,6,inserted_degraded,empty caption from provider
sage/imagesampler-left-2668/sage-imagesampler-left-0.3.5/000048b02d3ae2eb/1744155317583492601-left_camera.jpg,query_196,caption_failed,empty caption from provider,6,inserted_degraded,empty caption from provider
sage/imagesampler-left-2668/sage-imagesampler-left-0.3.5/000048b02d3ae328/1747306507632991046-left_camera.jpg,query_196,caption_failed,empty caption from provider,6,inserted_degraded,empty caption from provider
sage/imagesampler-right-2668/sage-imagesampler-right-0.3.5/000048b02d3ae2eb/1735126514646154140-right_camera.jpg,query_196,caption_failed,empty caption from provider,6,inserted_degraded,empty caption from provider
sage/sage/sage-imagesampler-left-0.2.5/000048b02d15bc73/1661864849731744444-sample.jpg,query_195,caption_failed,empty caption from provider,6,inserted_degraded,empty caption from provider
sage/imagesampler-bottom/sage-imagesampler-bottom-0.3.0/000048b02d3ae336/1687161019248762518-sample.jpg,query_197,caption_failed,empty caption from provider,6,inserted_degraded,empty caption from provider
sage/imagesampler-left-1813/sage-imagesampler-left-0.3.0/00002cea7f56acf2/1717122311462782341-sample.jpg,query_198,caption_failed,empty caption from provider,6,inserted_degraded,empty caption from provider
sage/sage/sage-imagesampler-left-0.2.5/000048b02d15bc7c/1644995406712416830-sample.jpg,query_197,caption_failed,empty caption from provider,6,inserted_degraded,empty caption from provider
sage/imagesampler-bottom-2681/sage-imagesampler-bottom-0.3.7/000048b02d3ae30a/1749046812478556333-sample.jpg,query_197,caption_failed,empty caption from provider,6,inserted_degraded,empty caption from provider
sage/imagesampler-right-2668/sage-imagesampler-right-0.3.5/000048b02d3ae318/1744156520968755909-right_camera.jpg,query_197,caption_failed,empty caption from provider,6,inserted_degraded,empty caption from provider
sage/sage/sage-imagesampler-bottom-0.2.5/000048b02d15bc77/1653198470938888940-sample.jpg,query_197,caption_failed,empty caption from provider,6,inserted_degraded,empty caption from provider
sage/imagesampler-bottom-1740/sage-imagesampler-bottom-0.3.0/000048b02d3ae337/1712012414019962232-sample.jpg,query_192,caption_failed,empty caption from provider,6,inserted_degraded,empty caption from provider
sage/imagesampler-left-2668/sage-imagesampler-left-0.3.5/000048b02d3b1303/1767550535280010669-left_camera.jpg,query_197,caption_failed,empty caption from provider,6,inserted_degraded,empty caption from provider
sage/imagesampler-left-2668/sage-imagesampler-left-0.3.5/000048b02d3b1304/1738938310294111235-left_camera.jpg,query_197,caption_failed,empty caption from provider,6,inserted_degraded,empty caption from provider
sage/imagesampler-bottom-446/sage-imagesampler-bottom-0.3.0/000048b02d35a9b2/1720974607066876054-sample.jpg,query_197,caption_failed,empty caption from provider,6,inserted_degraded,empty caption from provider
sage/sage/sage-imagesampler-bottom-0.2.5/000048b02d05a1c2/1677910248144903792-sample.jpg,query_198,caption_failed,empty caption from provider,6,inserted_degraded,empty caption from provider
coco/data/000000008794.jpg,query_180,hard_fail,process_item returned None,6,abandoned,process_item returned None
sage/imagesampler-bottom-366/sage-imagesampler-bottom-0.3.0/000048b02d3ae31e/1727279111383900656-sample.jpg,query_198,caption_failed,empty caption from provider,6,inserted_degraded,empty caption from provider
sage/imagesampler-right-2668/sage-imagesampler-right-0.3.5/000048b02d3ae318/1754745044351362135-right_camera.jpg,query_198,caption_failed,empty caption from provider,6,inserted_degraded,empty caption from provider
sage/imagesampler-bottom/sage-imagesampler-bottom-0.3.0/000048b02d3ae336/1692639307812616964-sample.jpg,query_197,caption_failed,empty caption from provider,6,inserted_degraded,empty caption from provider
sage/imagesampler-bottom/sage-imagesampler-bottom-0.3.0/000048b02d3ae319/1676808015337475852-sample.jpg,query_198,caption_failed,empty caption from provider,6,inserted_degraded,empty caption from provider
sage/imagesampler-right-2668/sage-imagesampler-right-0.3.5/000048b02d3ae32e/1735193407647334500-right_camera.jpg,query_198,caption_failed,empty caption from provider,6,inserted_degraded,empty caption from provider
sage/imagesampler-right-1739/sage-imagesampler-right-0.3.6/000048b02d3ae27a/1749326410188914756-sample.jpg,query_201,caption_failed,empty caption from provider,6,inserted_degraded,empty caption from provider
sage/imagesampler-left-2668/sage-imagesampler-left-0.3.5/000048b02d3ae328/1744156519430262527-left_camera.jpg,query_199,caption_failed,empty caption from provider,6,inserted_degraded,empty caption from provider
sage/imagesampler-left-2668/sage-imagesampler-left-0.3.5/000048b02d3b1304/1734699314650158924-left_camera.jpg,query_199,caption_failed,empty caption from provider,6,inserted_degraded,empty caption from provider
sage/imagesampler-right-2668/sage-imagesampler-right-0.3.5/000048b02d3ae328/1740524738740421482-right_camera.jpg,query_199,caption_failed,empty caption from provider,6,inserted_degraded,empty caption from provider
sage/imagesampler-bottom-11/sage-imagesampler-bottom-0.3.0/000048b02d05a1c6/1727024414574144453-sample.jpg,query_197,caption_failed,empty caption from provider,6,inserted_degraded,empty caption from provider
sage/imagesampler-bottom-2937/sage-imagesampler-bottom-0.3.7/000048b02d15bc7d/1754745309126368609-sample.jpg,query_199,caption_failed,empty caption from provider,6,inserted_degraded,empty caption from provider
sage/imagesampler-left-2668/sage-imagesampler-left-0.3.5/000048b02d3ae221/1764783611118462595-left_camera.jpg,query_198,caption_failed,empty caption from provider,6,inserted_degraded,empty caption from provider
sage/sage/sage-imagesampler-bottom-0.2.5/000048b02d15bc77/1661509579970018305-sample.jpg,query_200,caption_failed,empty caption from provider,6,inserted_degraded,empty caption from provider
sage/imagesampler-bottom/sage-imagesampler-bottom-0.3.0/000048b02d15bdaa/1689177624182750205-sample.jpg,query_201,caption_failed,empty caption from provider,6,inserted_degraded,empty caption from provider
sage/imagesampler-right-2668/sage-imagesampler-right-0.3.5/000048b02d3ae25f/1741259138991370567-right_camera.jpg,query_200,caption_failed,empty caption from provider,6,inserted_degraded,empty caption from provider
sage/imagesampler-bottom-2609/sage-imagesampler-bottom-0.3.5/000048b02d15c1aa/1737729913939081263-bottom_camera.jpg,query_199,caption_failed,empty caption from provider,6,inserted_degraded,empty caption from provider
sage/imagesampler-left-2668/sage-imagesampler-left-0.3.5/000048b02d3b1304/1740407736771083684-left_camera.jpg,query_200,caption_failed,empty caption from provider,6,inserted_degraded,empty caption from provider
sage/imagesampler-bottom-540/sage-imagesampler-bottom-0.3.4/000048b02d35a87e/1713337213294417987-sample.jpg,query_200,caption_failed,empty caption from provider,6,inserted_degraded,empty caption from provider
sage/sage/sage-imagesampler-left-0.2.5/000048b02d15bc73/1676930945657167598-sample.jpg,query_198,caption_failed,empty caption from provider,6,inserted_degraded,empty caption from provider
sage/sage/sage-imagesampler-right-0.2.5/000048b02d15bc3d/1649879356581352587-sample.jpg,query_200,caption_failed,empty caption from provider,6,inserted_degraded,empty caption from provider
sage/imagesampler-bottom-2632/sage-imagesampler-bottom-0.3.5/000048b02d35a9b2/1744117231144334787-bottom_camera.jpg,query_201,caption_failed,empty caption from provider,6,inserted_degraded,empty caption from provider
sage/imagesampler-left-2668/sage-imagesampler-left-0.3.5/000048b02d3b1303/1738939810196553894-left_camera.jpg,query_200,caption_failed,empty caption from provider,6,inserted_degraded,empty caption from provider
sage/imagesampler-bottom-1739/sage-imagesampler-bottom-0.3.0/000048b02d3ae27a/1725210016469601064-sample.jpg,query_200,caption_failed,empty caption from provider,6,inserted_degraded,empty caption from provider
sage/imagesampler-bottom-2726/sage-imagesampler-bottom-0.3.7/000048b02dd3c427/1742434685363349082-sample.jpg,query_201,caption_failed,empty caption from provider,6,inserted_degraded,empty caption from provider
sage/imagesampler-left-2668/sage-imagesampler-left-0.3.5/000048b02d3ae32e/1738939519846600934-left_camera.jpg,query_202,caption_failed,empty caption from provider,6,inserted_degraded,empty caption from provider
sage/sage/sage-imagesampler-bottom-0.3.0/000048b02d3ae34a/1697302837241474094-sample.jpg,query_202,caption_failed,empty caption from provider,6,inserted_degraded,empty caption from provider
sage/imagesampler-right-1274/sage-imagesampler-right-0.3.5/00004cd98fb56d33/1749636043969599584-sample.jpg,query_200,caption_failed,empty caption from provider,6,inserted_degraded,empty caption from provider
sage/imagesampler-bottom/sage-imagesampler-bottom-0.3.0/000048b02d3b1313/1670954416494634715-sample.jpg,query_202,caption_failed,empty caption from provider,6,inserted_degraded,empty caption from provider
sage/imagesampler-left-2668/sage-imagesampler-left-0.3.5/000048b02d3ae2eb/1749046828097603920-left_camera.jpg,query_202,caption_failed,empty caption from provider,6,inserted_degraded,empty caption from provider
sage/imagesampler-bottom-2726/sage-imagesampler-bottom-0.3.7/000048b02dd3c427/1740986526011662865-sample.jpg,query_202,caption_failed,empty caption from provider,6,inserted_degraded,empty caption from provider
sage/imagesampler-left-2668/sage-imagesampler-left-0.3.5/000048b02d3ae221/1754745323367051134-left_camera.jpg,query_201,caption_failed,empty caption from provider,6,inserted_degraded,empty caption from provider
sage/imagesampler-mobotix-1813/sage-imagesampler-mobotix-0.3.7/00002cea7f56acf2/1759737011477387555-sample.jpg,query_198,caption_failed,empty caption from provider,6,inserted_degraded,empty caption from provider
coco/data/000000003293.jpg,query_182,hard_fail,process_item returned None,6,abandoned,process_item returned None
sage/imagesampler-left-2668/sage-imagesampler-left-0.3.5/000048b02d3b1304/1738939809411634909-left_camera.jpg,query_202,caption_failed,empty caption from provider,6,inserted_degraded,empty caption from provider
sage/sage/sage-imagesampler-left-0.2.5/000048b02d15bc73/1699349863089629676-sample.jpg,query_201,caption_failed,empty caption from provider,6,inserted_degraded,empty caption from provider
sage/imagesampler-right-2668/sage-imagesampler-right-0.3.5/000048b02d3ae2eb/1738858522004114217-right_camera.jpg,query_202,caption_failed,empty caption from provider,6,inserted_degraded,empty caption from provider
sage/imagesampler-bottom-2681/sage-imagesampler-bottom-0.3.7/000048b02d3ae30a/1749046812478556333-sample.jpg,query_201,caption_failed,empty caption from provider,6,inserted_degraded,empty caption from provider
sage/imagesampler-left-2668/sage-imagesampler-left-0.3.5/000048b02d3b12e3/1739843112430287731-left_camera.jpg,query_202,caption_failed,empty caption from provider,6,inserted_degraded,empty caption from provider
sage/imagesampler-left-2668/sage-imagesampler-left-0.3.5/000048b02d3b1303/1744118122544456595-left_camera.jpg,query_203,caption_failed,empty caption from provider,6,inserted_degraded,empty caption from provider
sage/sage/sage-imagesampler-right-0.2.5/000048b02d15bdc2/1678291894284467762-sample.jpg,query_202,caption_failed,empty caption from provider,6,inserted_degraded,empty caption from provider
sage/imagesampler-left-2668/sage-imagesampler-left-0.3.5/000048b02d3ae328/1734699607703905113-left_camera.jpg,query_203,caption_failed,empty caption from provider,6,inserted_degraded,empty caption from provider
sage/imagesampler-bottom-2864/sage-imagesampler-bottom-0.3.7/000048b02d3ae31c/1752948008695831909-sample.jpg,query_204,caption_failed,empty caption from provider,6,inserted_degraded,empty caption from provider
sage/imagesampler-bottom-2628/sage-imagesampler-bottom-0.3.5/000048b02d3ae2e2/1752948007354956412-bottom_camera.jpg,query_203,caption_failed,empty caption from provider,6,inserted_degraded,empty caption from provider
sage/imagesampler-left-2668/sage-imagesampler-left-0.3.5/000048b02d3ae2eb/1744755656186034969-left_camera.jpg,query_202,caption_failed,empty caption from provider,6,inserted_degraded,empty caption from provider
sage/imagesampler-bottom-2726/sage-imagesampler-bottom-0.3.7/000048b02dd3c427/1739842812533498051-sample.jpg,query_202,caption_failed,empty caption from provider,6,inserted_degraded,empty caption from provider
sage/imagesampler-right-2668/sage-imagesampler-right-0.3.5/000048b02d3ae221/1751295923890022617-right_camera.jpg,query_204,caption_failed,empty caption from provider,6,inserted_degraded,empty caption from provider
sage/imagesampler-left-2668/sage-imagesampler-left-0.3.5/000048b02d3ae2eb/1735561505253482714-left_camera.jpg,query_204,caption_failed,empty caption from provider,6,inserted_degraded,empty caption from provider
sage/imagesampler-bottom-1731/sage-imagesampler-bottom-0.3.5/000048b02dd3c42b/1763744413580382608-bottom_camera.jpg,query_204,caption_failed,empty caption from provider,6,inserted_degraded,empty caption from provider
sage/imagesampler-bottom-2864/sage-imagesampler-bottom-0.3.7/000048b02d3ae31c/1752948008695831909-sample.jpg,query_204,caption_failed,empty caption from provider,6,inserted_degraded,empty caption from provider
sage/imagesampler-bottom-446/sage-imagesampler-bottom-0.3.0/000048b02d35a9b2/1720974607066876054-sample.jpg,query_203,caption_failed,empty caption from provider,6,inserted_degraded,empty caption from provider
sage/imagesampler-mobotix-1813/sage-imagesampler-mobotix-0.3.7/00002cea7f56acf2/1759735811979583110-sample.jpg,query_200,caption_failed,empty caption from provider,6,inserted_degraded,empty caption from provider
sage/imagesampler-left-2668/sage-imagesampler-left-0.3.5/000048b02d3b12e3/1737352506631577514-left_camera.jpg,query_204,caption_failed,empty caption from provider,6,inserted_degraded,empty caption from provider
sage/sage/sage-imagesampler-left-0.2.5/000048b02d15bc3d/1722027276997121052-sample.jpg,query_203,caption_failed,empty caption from provider,6,inserted_degraded,empty caption from provider
sage/imagesampler-bottom-11/sage-imagesampler-bottom-0.3.0/000048b02d3ae34a/1702659684916604676-sample.jpg,query_204,caption_failed,empty caption from provider,6,inserted_degraded,empty caption from provider
sage/imagesampler-left-2668/sage-imagesampler-left-0.3.5/000048b02d3ae2eb/1735561505253482714-left_camera.jpg,query_204,caption_failed,empty caption from provider,6,inserted_degraded,empty caption from provider
sage/imagesampler-left-2668/sage-imagesampler-left-0.3.5/000048b02d3ae2f1/1744755317806229094-left_camera.jpg,query_204,caption_failed,empty caption from provider,6,inserted_degraded,empty caption from provider
sage/imagesampler-bottom-11/sage-imagesampler-bottom-0.3.0/000048b02d3ae34a/1702659684916604676-sample.jpg,query_204,caption_failed,empty caption from provider,6,inserted_degraded,empty caption from provider
sage/sage/sage-imagesampler-bottom-0.2.5/000048b02d15c319/1666804083083769808-sample.jpg,query_204,caption_failed,empty caption from provider,6,inserted_degraded,empty caption from provider
sage/sage/sage-imagesampler-bottom-0.2.5/000048b02d15c319/1666804083083769808-sample.jpg,query_204,caption_failed,empty caption from provider,6,inserted_degraded,empty caption from provider
sage/imagesampler-bottom-1731/sage-imagesampler-bottom-0.3.0/000048b02dd3c76e/1721797206365488609-sample.jpg,query_205,caption_failed,empty caption from provider,6,inserted_degraded,empty caption from provider
sage/imagesampler-bottom-1731/sage-imagesampler-bottom-0.3.5/000048b02dd3c42b/1763744413580382608-bottom_camera.jpg,query_204,caption_failed,empty caption from provider,6,inserted_degraded,empty caption from provider
sage/imagesampler-left-2668/sage-imagesampler-left-0.3.5/000048b02d3ae2f1/1744755317806229094-left_camera.jpg,query_204,caption_failed,empty caption from provider,6,inserted_degraded,empty caption from provider
sage/imagesampler-mobotix-1813/sage-imagesampler-mobotix-0.3.7/00002cea7f56acf2/1755795611819418242-sample.jpg,query_203,caption_failed,empty caption from provider,6,inserted_degraded,empty caption from provider
sage/imagesampler-bottom-1156/sage-imagesampler-bottom-0.3.0/000048b02d3ae260/1708002008981869169-sample.jpg,query_205,caption_failed,empty caption from provider,6,inserted_degraded,empty caption from provider
sage/imagesampler-right-2668/sage-imagesampler-right-0.3.5/000048b02d3ae221/1740406245026396027-right_camera.jpg,query_205,caption_failed,empty caption from provider,6,inserted_degraded,empty caption from provider
sage/imagesampler-bottom-11/sage-imagesampler-bottom-0.3.0/000048b02d3ae34a/1702659684916604676-sample.jpg,query_204,caption_failed,empty caption from provider,6,inserted_degraded,empty caption from provider
sage/imagesampler-left-2668/sage-imagesampler-left-0.3.5/000048b02d3ae2f1/1744755317806229094-left_camera.jpg,query_204,caption_failed,empty caption from provider,6,inserted_degraded,empty caption from provider
sage/imagesampler-mobotix-1813/sage-imagesampler-mobotix-0.3.7/00002cea7f56acf2/1759839611907872294-sample.jpg,query_203,caption_failed,empty caption from provider,6,inserted_degraded,empty caption from provider
sage/sage/sage-imagesampler-right-0.2.5/000048b02d15bc3d/1653976494643172192-sample.jpg,query_205,caption_failed,empty caption from provider,6,inserted_degraded,empty caption from provider
sage/imagesampler-right-2668/sage-imagesampler-right-0.3.5/000048b02d3ae328/1738857924215461476-right_camera.jpg,query_207,caption_failed,empty caption from provider,6,inserted_degraded,empty caption from provider
sage/imagesampler-left-2668/sage-imagesampler-left-0.3.5/000048b02d3ae2f1/1740407709182701651-left_camera.jpg,query_206,caption_failed,empty caption from provider,6,inserted_degraded,empty caption from provider
sage/imagesampler-left-2668/sage-imagesampler-left-0.3.5/000048b02d3ae328/1747306507632991046-left_camera.jpg,query_207,caption_failed,empty caption from provider,6,inserted_degraded,empty caption from provider
sage/sage/sage-imagesampler-bottom-0.3.0/000048b02d3ae2f2/1692216015136284635-sample.jpg,query_206,caption_failed,empty caption from provider,6,inserted_degraded,empty caption from provider
sage/imagesampler-bottom-1156/sage-imagesampler-bottom-0.3.0/000048b02d35a992/1713067209592872584-sample.jpg,query_205,caption_failed,empty caption from provider,6,inserted_degraded,empty caption from provider
sage/imagesampler-mobotix-1813/sage-imagesampler-mobotix-0.3.7/00002cea7f56acf2/1759736410716316856-sample.jpg,query_203,caption_failed,empty caption from provider,6,inserted_degraded,empty caption from provider
sage/imagesampler-left-2668/sage-imagesampler-left-0.3.5/000048b02d3ae221/1738939507476222907-left_camera.jpg,query_206,caption_failed,empty caption from provider,6,inserted_degraded,empty caption from provider
sage/imagesampler-left-2668/sage-imagesampler-left-0.3.5/000048b02d3b1303/1734699319119208661-left_camera.jpg,query_207,caption_failed,empty caption from provider,6,inserted_degraded,empty caption from provider
sage/imagesampler-right-2668/sage-imagesampler-right-0.3.5/000048b02d3b1303/1737729910980999029-right_camera.jpg,query_207,caption_failed,empty caption from provider,6,inserted_degraded,empty caption from provider
sage/imagesampler-bottom-11/sage-imagesampler-bottom-0.3.5/000048b02d05a1c6/1732741209725672873-bottom_camera.jpg,query_206,caption_failed,empty caption from provider,6,inserted_degraded,empty caption from provider
sage/sage/sage-imagesampler-bottom-0.2.5/000048b02d15bdcd/1644557235542825658-sample.jpg,query_207,caption_failed,empty caption from provider,6,inserted_degraded,empty caption from provider
sage/imagesampler-bottom-11/sage-imagesampler-bottom-0.3.0/000048b02d3af447/1726819229390064774-sample.jpg,query_208,caption_failed,empty caption from provider,6,inserted_degraded,empty caption from provider
sage/imagesampler-mobotix-2727/sage-imagesampler-mobotix-0.3.7/000048b02dd3c427/1766711363456204836-sample.jpg,query_206,caption_failed,empty caption from provider,6,inserted_degraded,empty caption from provider
sage/imagesampler-left-2668/sage-imagesampler-left-0.3.5/000048b02d3ae328/1737729611045592022-left_camera.jpg,query_208,caption_failed,empty caption from provider,6,inserted_degraded,empty caption from provider
sage/imagesampler-left-1813/sage-imagesampler-left-0.3.0/00002cea7f56acf2/1716341721062036395-sample.jpg,query_208,caption_failed,empty caption from provider,6,inserted_degraded,empty caption from provider
sage/imagesampler-right-2668/sage-imagesampler-right-0.3.5/000048b02d3ae318/1752317752789714527-right_camera.jpg,query_208,caption_failed,empty caption from provider,6,inserted_degraded,empty caption from provider
sage/imagesampler-left-2668/sage-imagesampler-left-0.3.5/000048b02d3ae32e/1740987641971798603-left_camera.jpg,query_208,caption_failed,empty caption from provider,6,inserted_degraded,empty caption from provider
sage/imagesampler-right-2668/sage-imagesampler-right-0.3.5/000048b02d3ae25f/1767486922124139919-right_camera.jpg,query_208,caption_failed,empty caption from provider,6,inserted_degraded,empty caption from provider
sage/imagesampler-right-18/sage-imagesampler-right-0.3.0/000048b02d15bdc7/1726819209205717712-sample.jpg,query_208,caption_failed,empty caption from provider,6,inserted_degraded,empty caption from provider
sage/imagesampler-bottom-2705/sage-imagesampler-bottom-0.3.7/000048b02d3ae2f2/1755795610995838661-sample.jpg,query_208,caption_failed,empty caption from provider,6,inserted_degraded,empty caption from provider
sage/imagesampler-right-2668/sage-imagesampler-right-0.3.5/000048b02d3ae32e/1740407419552877333-right_camera.jpg,query_209,caption_failed,empty caption from provider,6,inserted_degraded,empty caption from provider
sage/imagesampler-right-2668/sage-imagesampler-right-0.3.5/000048b02d3b12e3/1738939815689857277-right_camera.jpg,query_208,caption_failed,empty caption from provider,6,inserted_degraded,empty caption from provider
sage/imagesampler-bottom-2631/sage-imagesampler-bottom-0.3.5/000048b02d35a9ce/1744117212124227639-bottom_camera.jpg,query_208,caption_failed,empty caption from provider,6,inserted_degraded,empty caption from provider
sage/imagesampler-bottom-11/sage-imagesampler-bottom-0.3.5/000048b02d3ae319/1754744411382662178-bottom_camera.jpg,query_209,caption_failed,empty caption from provider,6,inserted_degraded,empty caption from provider
sage/imagesampler-right-2668/sage-imagesampler-right-0.3.5/000048b02d3ae2f1/1742435714150651804-right_camera.jpg,query_209,caption_failed,empty caption from provider,6,inserted_degraded,empty caption from provider
sage/imagesampler-right/sage-imagesampler-right-0.3.0/000048b02d15bdc2/1670432411966321327-sample.jpg,query_209,caption_failed,empty caption from provider,6,inserted_degraded,empty caption from provider
sage/imagesampler-mobotix-1813/sage-imagesampler-mobotix-0.3.7/00002cea7f56acf2/1756652411111033816-sample.jpg,query_208,caption_failed,empty caption from provider,6,inserted_degraded,empty caption from provider
sage/sage/sage-imagesampler-bottom-0.2.5/000048b02d05a1c7/1653976951636951698-sample.jpg,query_209,caption_failed,empty caption from provider,6,inserted_degraded,empty caption from provider
sage/imagesampler-left-2668/sage-imagesampler-left-0.3.5/000048b02d3b1303/1738858209921246203-left_camera.jpg,query_209,caption_failed,empty caption from provider,6,inserted_degraded,empty caption from provider
sage/imagesampler-bottom-13/sage-imagesampler-bottom-0.3.0/000048b02d3af4a3/1727974818555786854-sample.jpg,query_209,caption_failed,empty caption from provider,6,inserted_degraded,empty caption from provider
sage/sage/sage-imagesampler-bottom-0.3.0/000048b02d3af466/1702659616154963333-sample.jpg,query_209,caption_failed,empty caption from provider,6,inserted_degraded,empty caption from provider
sage/sage/sage-imagesampler-bottom-0.3.0/000048b02d15bc7d/1678291222502551323-sample.jpg,query_210,caption_failed,empty caption from provider,6,inserted_degraded,empty caption from provider
sage/sage/sage-imagesampler-bottom-0.2.5/000048b02d35a992/1654714981005790448-sample.jpg,query_210,caption_failed,empty caption from provider,6,inserted_degraded,empty caption from provider
sage/imagesampler-right-2668/sage-imagesampler-right-0.3.5/000048b02d3ae221/1741259456888790446-right_camera.jpg,query_210,caption_failed,empty caption from provider,6,inserted_degraded,empty caption from provider
sage/imagesampler-left-1813/sage-imagesampler-left-0.3.0/00002cea7f56acf2/1717121411845076572-sample.jpg,query_211,caption_failed,empty caption from provider,6,inserted_degraded,empty caption from provider
sage/imagesampler-bottom-2705/sage-imagesampler-bottom-0.3.7/000048b02d3ae2f2/1756652410638632036-sample.jpg,query_210,caption_failed,empty caption from provider,6,inserted_degraded,empty caption from provider
sage/imagesampler-bottom-2316/sage-imagesampler-bottom-0.3.5/000048b02d3ae337/1739844016712105761-bottom_camera.jpg,query_210,caption_failed,empty caption from provider,6,inserted_degraded,empty caption from provider
sage/imagesampler-bottom-2681/sage-imagesampler-bottom-0.3.7/000048b02d3ae30a/1766712012810930651-sample.jpg,query_210,caption_failed,empty caption from provider,6,inserted_degraded,empty caption from provider
sage/imagesampler-left-2668/sage-imagesampler-left-0.3.5/000048b02d3ae25f/1767552025189000888-left_camera.jpg,query_210,caption_failed,empty caption from provider,6,inserted_degraded,empty caption from provider
sage/sage/sage-imagesampler-right-0.2.5/000048b02d15bc3d/1653976494643172192-sample.jpg,query_210,caption_failed,empty caption from provider,6,inserted_degraded,empty caption from provider
sage/imagesampler-right-2668/sage-imagesampler-right-0.3.5/000048b02d3ae318/1752317752789714527-right_camera.jpg,query_211,caption_failed,empty caption from provider,6,inserted_degraded,empty caption from provider
sage/imagesampler-right-2668/sage-imagesampler-right-0.3.5/000048b02d3b12e3/1766711130214069853-right_camera.jpg,query_210,caption_failed,empty caption from provider,6,inserted_degraded,empty caption from provider
sage/sage/sage-imagesampler-bottom-0.3.0/000048b02d3ae33b/1689177654232119540-sample.jpg,query_210,caption_failed,empty caption from provider,6,inserted_degraded,empty caption from provider
sage/imagesampler-left-2668/sage-imagesampler-left-0.3.5/000048b02d3ae221/1760743241163279745-left_camera.jpg,query_211,caption_failed,empty caption from provider,6,inserted_degraded,empty caption from provider
sage/imagesampler-left-2668/sage-imagesampler-left-0.3.5/000048b02d3b1304/1744116620021580777-left_camera.jpg,query_211,caption_failed,empty caption from provider,6,inserted_degraded,empty caption from provider
sage/imagesampler-bottom-14/sage-imagesampler-bottom-0.3.0/000048b02d15bc7d/1725210037511225482-sample.jpg,query_211,caption_failed,empty caption from provider,6,inserted_degraded,empty caption from provider
sage/imagesampler-left-2668/sage-imagesampler-left-0.3.5/000048b02d3b12e3/1740406847050682362-left_camera.jpg,query_211,caption_failed,empty caption from provider,6,inserted_degraded,empty caption from provider
sage/imagesampler-right-2668/sage-imagesampler-right-0.3.5/000048b02d3b1304/1739844011497459614-right_camera.jpg,query_211,caption_failed,empty caption from provider,6,inserted_degraded,empty caption from provider
sage/sage/sage-imagesampler-left-0.2.5/000048b02d15bc3d/1709383708245843341-sample.jpg,query_211,caption_failed,empty caption from provider,6,inserted_degraded,empty caption from provider
sage/imagesampler-left-1738/sage-imagesampler-left-0.3.4/000048b02d15bc6d/1728968408429379099-sample.jpg,query_206,caption_failed,empty caption from provider,6,inserted_degraded,empty caption from provider
sage/imagesampler-left-2668/sage-imagesampler-left-0.3.5/000048b02d3ae318/1759749611492245976-left_camera.jpg,query_212,caption_failed,empty caption from provider,6,inserted_degraded,empty caption from provider
sage/imagesampler-right-2668/sage-imagesampler-right-0.3.5/000048b02d3ae2eb/1766711721564692576-right_camera.jpg,query_212,caption_failed,empty caption from provider,6,inserted_degraded,empty caption from provider
sage/imagesampler-bottom-11/sage-imagesampler-bottom-0.3.0/000048b02d15c319/1715248814499809222-sample.jpg,query_212,caption_failed,empty caption from provider,6,inserted_degraded,empty caption from provider
sage/imagesampler-left-2668/sage-imagesampler-left-0.3.5/000048b02d3ae2f1/1744755317806229094-left_camera.jpg,query_212,caption_failed,empty caption from provider,6,inserted_degraded,empty caption from provider
sage/imagesampler-left-2668/sage-imagesampler-left-0.3.5/000048b02d3ae2f1/1735126510624087942-left_camera.jpg,query_212,caption_failed,empty caption from provider,6,inserted_degraded,empty caption from provider
sage/imagesampler-left-2668/sage-imagesampler-left-0.3.5/000048b02d3ae328/1738857624144848255-left_camera.jpg,query_212,caption_failed,empty caption from provider,6,inserted_degraded,empty caption from provider
sage/imagesampler-bottom/sage-imagesampler-bottom-0.3.0/000048b02d15bc7d/1689534017114882283-sample.jpg,query_212,caption_failed,empty caption from provider,6,inserted_degraded,empty caption from provider
sage/imagesampler-bottom-10/sage-imagesampler-bottom-0.3.5/000048b02d15bc87/1763744412445810893-bottom_camera.jpg,query_211,caption_failed,empty caption from provider,6,inserted_degraded,empty caption from provider
sage/imagesampler-bottom-366/sage-imagesampler-bottom-0.3.0/000048b02d3ae31e/1721798109966720379-sample.jpg,query_213,caption_failed,empty caption from provider,6,inserted_degraded,empty caption from provider
sage/imagesampler-left-2668/sage-imagesampler-left-0.3.5/000048b02d3ae328/1740525609038905430-left_camera.jpg,query_213,caption_failed,empty caption from provider,6,inserted_degraded,empty caption from provider
sage/imagesampler-left-18/sage-imagesampler-left-0.3.5/000048b02d3ae221/1732302010936154357-left_camera.jpg,query_212,caption_failed,empty caption from provider,6,inserted_degraded,empty caption from provider
sage/imagesampler-bottom/sage-imagesampler-bottom-0.3.0/000048b02d3ae27a/1701288187451691509-sample.jpg,query_213,caption_failed,empty caption from provider,6,inserted_degraded,empty caption from provider
sage/imagesampler-right/sage-imagesampler-right-0.3.0/000048b02d15bdc2/1670432411966321327-sample.jpg,query_213,caption_failed,empty caption from provider,6,inserted_degraded,empty caption from provider
sage/imagesampler-bottom-11/sage-imagesampler-bottom-0.3.0/000048b02d3af41e/1715248812555150958-sample.jpg,query_213,caption_failed,empty caption from provider,6,inserted_degraded,empty caption from provider
sage/imagesampler-right-2668/sage-imagesampler-right-0.3.5/000048b02d3b1303/1739844018597115889-right_camera.jpg,query_213,caption_failed,empty caption from provider,6,inserted_degraded,empty caption from provider
sage/sage/sage-imagesampler-bottom-0.3.0/000048b02d3ae34a/1689534018371942807-sample.jpg,query_214,caption_failed,empty caption from provider,6,inserted_degraded,empty caption from provider
sage/imagesampler-bottom-13/sage-imagesampler-bottom-0.3.0/000048b02d3af4a3/1702659618434655436-sample.jpg,query_213,caption_failed,empty caption from provider,6,inserted_degraded,empty caption from provider
sage/imagesampler-bottom-11/sage-imagesampler-bottom-0.3.5/000048b02d3ae319/1754744411382662178-bottom_camera.jpg,query_214,caption_failed,empty caption from provider,6,inserted_degraded,empty caption from provider
sage/imagesampler-mobotix-1813/sage-imagesampler-mobotix-0.3.7/00002cea7f56acf2/1759737011477387555-sample.jpg,query_211,caption_failed,empty caption from provider,6,inserted_degraded,empty caption from provider
sage/imagesampler-right-2668/sage-imagesampler-right-0.3.5/000048b02d3ae2eb/1738858522004114217-right_camera.jpg,query_213,caption_failed,empty caption from provider,6,inserted_degraded,empty caption from provider
sage/imagesampler-bottom-14/sage-imagesampler-bottom-0.3.0/000048b02d15bc7d/1725210037511225482-sample.jpg,query_214,caption_failed,empty caption from provider,6,inserted_degraded,empty caption from provider
sage/imagesampler-bottom/sage-imagesampler-bottom-0.3.0/000048b02d3ae300/1689177610111851284-sample.jpg,query_214,caption_failed,empty caption from provider,6,inserted_degraded,empty caption from provider
sage/imagesampler-right-2668/sage-imagesampler-right-0.3.5/000048b02d3b1303/1759736123117255365-right_camera.jpg,query_214,caption_failed,empty caption from provider,6,inserted_degraded,empty caption from provider
sage/imagesampler-bottom-540/sage-imagesampler-bottom-0.3.5/000048b02d35a87e/1763744410548984104-bottom_camera.jpg,query_214,caption_failed,empty caption from provider,6,inserted_degraded,empty caption from provider
sage/sage/sage-imagesampler-left-0.2.5/000048b02d15bc3d/1647145753141085602-sample.jpg,query_214,caption_failed,empty caption from provider,6,inserted_degraded,empty caption from provider
sage/imagesampler-left-2668/sage-imagesampler-left-0.3.5/000048b02d3ae2eb/1734699304971607936-left_camera.jpg,query_215,caption_failed,empty caption from provider,6,inserted_degraded,empty caption from provider
sage/sage/sage-imagesampler-bottom-0.2.5/000048b02d05a1c7/1662223314895447828-sample.jpg,query_214,caption_failed,empty caption from provider,6,inserted_degraded,empty caption from provider
sage/imagesampler-bottom-1156/sage-imagesampler-bottom-0.3.0/000048b02d35a9ed/1702659613065804444-sample.jpg,query_215,caption_failed,empty caption from provider,6,inserted_degraded,empty caption from provider
sage/imagesampler-left-1813/sage-imagesampler-left-0.3.0/00002cea7f56acf2/1727974216014564099-sample.jpg,query_216,caption_failed,empty caption from provider,6,inserted_degraded,empty caption from provider
sage/imagesampler-left-1813/sage-imagesampler-left-0.3.5/00002cea7f56acf2/1732494009120922747-left_camera.jpg,query_216,caption_failed,empty caption from provider,6,inserted_degraded,empty caption from provider
sage/imagesampler-right-2668/sage-imagesampler-right-0.3.5/000048b02d3ae2f1/1739844014269516244-right_camera.jpg,query_215,caption_failed,empty caption from provider,6,inserted_degraded,empty caption from provider
sage/imagesampler-right-2668/sage-imagesampler-right-0.3.5/000048b02d3ae318/1752317440419744215-right_camera.jpg,query_215,caption_failed,empty caption from provider,6,inserted_degraded,empty caption from provider
sage/imagesampler-left-2668/sage-imagesampler-left-0.3.5/000048b02d3ae328/1747306507632991046-left_camera.jpg,query_215,caption_failed,empty caption from provider,6,inserted_degraded,empty caption from provider
sage/imagesampler-right-2668/sage-imagesampler-right-0.3.5/000048b02d3ae328/1737729611044214589-right_camera.jpg,query_216,caption_failed,empty caption from provider,6,inserted_degraded,empty caption from provider
sage/imagesampler-bottom-1971/sage-imagesampler-bottom-0.3.5/000048b02dd3c427/1732492821169989642-bottom_camera.jpg,query_214,caption_failed,empty caption from provider,6,inserted_degraded,empty caption from provider
sage/imagesampler-bottom/sage-imagesampler-bottom-0.3.0/000048b02d15bc73/1669114815552641117-sample.jpg,query_210,caption_failed,empty caption from provider,6,inserted_degraded,empty caption from provider
sage/imagesampler-left-2668/sage-imagesampler-left-0.3.5/000048b02d3ae221/1739844023522588784-left_camera.jpg,query_216,caption_failed,empty caption from provider,6,inserted_degraded,empty caption from provider
sage/sage/sage-imagesampler-left-0.2.5/000048b02d15bc3d/1648503475091081746-sample.jpg,query_215,caption_failed,empty caption from provider,6,inserted_degraded,empty caption from provider
sage/imagesampler-bottom/sage-imagesampler-bottom-0.3.0/000048b02d3ae33d/1676260861570071401-sample.jpg,query_216,caption_failed,empty caption from provider,6,inserted_degraded,empty caption from provider
sage/imagesampler-right-18/sage-imagesampler-right-0.3.5/000048b02d3ae25f/1734699613362950324-right_camera.jpg,query_217,caption_failed,empty caption from provider,6,inserted_degraded,empty caption from provider
sage/imagesampler-right-2668/sage-imagesampler-right-0.3.5/000048b02d3b1303/1749150911536162635-right_camera.jpg,query_217,caption_failed,empty caption from provider,6,inserted_degraded,empty caption from provider
sage/imagesampler-left-2668/sage-imagesampler-left-0.3.5/000048b02d3ae2eb/1739843722182303020-left_camera.jpg,query_217,caption_failed,empty caption from provider,6,inserted_degraded,empty caption from provider
sage/imagesampler-bottom-11/sage-imagesampler-bottom-0.3.0/000048b02d15bc65/1713337215536567496-sample.jpg,query_217,caption_failed,empty caption from provider,6,inserted_degraded,empty caption from provider
sage/sage/sage-imagesampler-bottom-0.2.5/000048b02d05a1c2/1678292014505817488-sample.jpg,query_217,caption_failed,empty caption from provider,6,inserted_degraded,empty caption from provider
sage/imagesampler-bottom-2128/sage-imagesampler-bottom-0.3.5/000048b02d3af49f/1737729017590557189-bottom_camera.jpg,query_218,caption_failed,empty caption from provider,6,inserted_degraded,empty caption from provider
sage/imagesampler-bottom-1274/sage-imagesampler-bottom-0.3.5/00004cd98fb56d33/1757293205912040727-sample.jpg,query_216,caption_failed,empty caption from provider,6,inserted_degraded,empty caption from provider
sage/imagesampler-bottom-11/sage-imagesampler-bottom-0.3.5/000048b02d15bc65/1741258821826241113-bottom_camera.jpg,query_218,caption_failed,empty caption from provider,6,inserted_degraded,empty caption from provider
sage/imagesampler-bottom-1971/sage-imagesampler-bottom-0.3.5/000048b02dd3c427/1732492821169989642-bottom_camera.jpg,query_216,caption_failed,empty caption from provider,6,inserted_degraded,empty caption from provider
sage/imagesampler-left-2668/sage-imagesampler-left-0.3.5/000048b02d3b1304/1740406811271124713-left_camera.jpg,query_217,caption_failed,empty caption from provider,6,inserted_degraded,empty caption from provider
sage/imagesampler-right-2668/sage-imagesampler-right-0.3.5/000048b02d3b12e3/1751296244961011532-right_camera.jpg,query_218,caption_failed,empty caption from provider,6,inserted_degraded,empty caption from provider
sage/sage/sage-imagesampler-bottom-0.2.5/000048b02d15c319/1652664614965174930-sample.jpg,query_218,caption_failed,empty caption from provider,6,inserted_degraded,empty caption from provider
sage/sage/sage-imagesampler-bottom-0.3.4/000048b02d3ae277/1689534102941618097-sample.jpg,query_218,caption_failed,empty caption from provider,6,inserted_degraded,empty caption from provider
sage/sage/sage-imagesampler-left-0.2.5/000048b02d15bdc2/1679837027089093124-sample.jpg,query_218,caption_failed,empty caption from provider,6,inserted_degraded,empty caption from provider
sage/imagesampler-bottom-540/sage-imagesampler-bottom-0.3.5/000048b02d35a87e/1763744410548984104-bottom_camera.jpg,query_218,caption_failed,empty caption from provider,6,inserted_degraded,empty caption from provider
sage/sage/sage-imagesampler-bottom-0.2.5/000048b02d05a1c7/1647319585593638008-sample.jpg,query_218,caption_failed,empty caption from provider,6,inserted_degraded,empty caption from provider
sage/imagesampler-left-2668/sage-imagesampler-left-0.3.5/000048b02d3b1303/1749151522374731783-left_camera.jpg,query_218,caption_failed,empty caption from provider,6,inserted_degraded,empty caption from provider
sage/imagesampler-bottom-1731/sage-imagesampler-bottom-0.3.5/000048b02dd3c76e/1752948008829979477-bottom_camera.jpg,query_219,caption_failed,empty caption from provider,6,inserted_degraded,empty caption from provider
sage/imagesampler-left-2668/sage-imagesampler-left-0.3.5/000048b02d3ae32e/1741258300479046412-left_camera.jpg,query_219,caption_failed,empty caption from provider,6,inserted_degraded,empty caption from provider
sage/imagesampler-bottom-2316/sage-imagesampler-bottom-0.3.5/000048b02d3ae337/1755795606939262418-bottom_camera.jpg,query_218,caption_failed,empty caption from provider,6,inserted_degraded,empty caption from provider
sage/imagesampler-mobotix-2727/sage-imagesampler-mobotix-0.3.7/000048b02dd3c427/1765200694039260166-sample.jpg,query_217,caption_failed,empty caption from provider,6,inserted_degraded,empty caption from provider
sage/imagesampler-bottom-577/sage-imagesampler-bottom-0.3.0/000048b02d35a9ce/1708002014624147524-sample.jpg,query_219,caption_failed,empty caption from provider,6,inserted_degraded,empty caption from provider
sage/imagesampler-mobotix-2858/sage-imagesampler-mobotix-0.3.7/000048b02d15bc6d/1764785348389670968-sample.jpg,query_213,caption_failed,empty caption from provider,6,inserted_degraded,empty caption from provider
sage/imagesampler-right-2668/sage-imagesampler-right-0.3.5/000048b02d3ae25f/1744755912682717614-right_camera.jpg,query_219,caption_failed,empty caption from provider,6,inserted_degraded,empty caption from provider
sage/imagesampler-left-2668/sage-imagesampler-left-0.3.5/000048b02d3ae2eb/1767487521204129692-left_camera.jpg,query_219,caption_failed,empty caption from provider,6,inserted_degraded,empty caption from provider
sage/imagesampler-right-2668/sage-imagesampler-right-0.3.5/000048b02d3ae221/1755795630464627901-right_camera.jpg,query_220,caption_failed,empty caption from provider,6,inserted_degraded,empty caption from provider
sage/imagesampler-left-2668/sage-imagesampler-left-0.3.5/000048b02d3b1303/1769014827195160533-left_camera.jpg,query_220,caption_failed,empty caption from provider,6,inserted_degraded,empty caption from provider
sage/imagesampler-bottom-1971/sage-imagesampler-bottom-0.3.5/000048b02dd3c427/1734699610506791114-bottom_camera.jpg,query_220,caption_failed,empty caption from provider,6,inserted_degraded,empty caption from provider
sage/sage/sage-imagesampler-left-0.2.5/000048b02d15bdd2/1644352827977232888-sample.jpg,query_220,caption_failed,empty caption from provider,6,inserted_degraded,empty caption from provider
sage/imagesampler-mobotix-1813/sage-imagesampler-mobotix-0.3.7/00002cea7f56acf2/1756527911258115678-sample.jpg,query_217,caption_failed,empty caption from provider,6,inserted_degraded,empty caption from provider
sage/imagesampler-bottom-11/sage-imagesampler-bottom-0.3.5/000048b02d15bc65/1741258821826241113-bottom_camera.jpg,query_220,caption_failed,empty caption from provider,6,inserted_degraded,empty caption from provider
sage/imagesampler-left-1739/sage-imagesampler-left-0.3.6/000048b02d3ae27a/1734699612892117875-sample.jpg,query_214,caption_failed,empty caption from provider,6,inserted_degraded,empty caption from provider
sage/sage/sage-imagesampler-right-0.2.5/000048b02d15bc3d/1689962637991152672-sample.jpg,query_219,caption_failed,empty caption from provider,6,inserted_degraded,empty caption from provider
sage/imagesampler-right-2668/sage-imagesampler-right-0.3.5/000048b02d3ae318/1754745044351362135-right_camera.jpg,query_220,caption_failed,empty caption from provider,6,inserted_degraded,empty caption from provider
sage/imagesampler-right-2668/sage-imagesampler-right-0.3.5/000048b02d3ae27c/1739843423747146724-right_camera.jpg,query_219,caption_failed,empty caption from provider,6,inserted_degraded,empty caption from provider
sage/imagesampler-right-2668/sage-imagesampler-right-0.3.5/000048b02d3ae318/1763745318543880981-right_camera.jpg,query_220,caption_failed,empty caption from provider,6,inserted_degraded,empty caption from provider
sage/imagesampler-bottom-446/sage-imagesampler-bottom-0.3.0/000048b02d35a9b2/1716342309317204758-sample.jpg,query_220,caption_failed,empty caption from provider,6,inserted_degraded,empty caption from provider
sage/imagesampler-left-2668/sage-imagesampler-left-0.3.5/000048b02d3b1304/1745148932785369613-left_camera.jpg,query_220,caption_failed,empty caption from provider,6,inserted_degraded,empty caption from provider
sage/imagesampler-bottom-2632/sage-imagesampler-bottom-0.3.5/000048b02d35a9b2/1744117231144334787-bottom_camera.jpg,query_222,caption_failed,empty caption from provider,6,inserted_degraded,empty caption from provider
sage/imagesampler-bottom/sage-imagesampler-bottom-0.3.0/000048b02d05a1c7/1694602827435628471-sample.jpg,query_220,caption_failed,empty caption from provider,6,inserted_degraded,empty caption from provider
sage/sage/sage-imagesampler-left-0.2.5/000048b02d15bc73/1650579476670593457-sample.jpg,query_219,caption_failed,empty caption from provider,6,inserted_degraded,empty caption from provider
sage/imagesampler-left-2668/sage-imagesampler-left-0.3.5/000048b02d3ae2eb/1744755656186034969-left_camera.jpg,query_220,caption_failed,empty caption from provider,6,inserted_degraded,empty caption from provider
sage/imagesampler-left-2668/sage-imagesampler-left-0.3.5/000048b02d3ae318/1764783609418278465-left_camera.jpg,query_221,caption_failed,empty caption from provider,6,inserted_degraded,empty caption from provider
sage/imagesampler-left-1813/sage-imagesampler-left-0.3.5/00002cea7f56acf2/1749047122438866294-left_camera.jpg,query_223,caption_failed,empty caption from provider,6,inserted_degraded,empty caption from provider
sage/sage/sage-imagesampler-bottom-0.3.0/000048b02d35a9bf/1692216015562635457-sample.jpg,query_222,caption_failed,empty caption from provider,6,inserted_degraded,empty caption from provider
sage/imagesampler-bottom/sage-imagesampler-bottom-0.3.0/000048b02d3ae319/1694840410091817680-sample.jpg,query_220,caption_failed,empty caption from provider,6,inserted_degraded,empty caption from provider
sage/sage/sage-imagesampler-bottom-0.2.5/000048b02d15c31a/1702581570307222408-sample.jpg,query_222,caption_failed,empty caption from provider,6,inserted_degraded,empty caption from provider
sage/imagesampler-right-2668/sage-imagesampler-right-0.3.5/000048b02d3ae25f/1743470409968404628-right_camera.jpg,query_222,caption_failed,empty caption from provider,6,inserted_degraded,empty caption from provider
sage/imagesampler-bottom/sage-imagesampler-bottom-0.3.0/000048b02d15bdcd/1676829634340684273-sample.jpg,query_222,caption_failed,empty caption from provider,6,inserted_degraded,empty caption from provider
sage/imagesampler-bottom-2697/sage-imagesampler-bottom-0.3.7/000048b02d3ae31e/1747306808673253039-sample.jpg,query_223,caption_failed,empty caption from provider,6,inserted_degraded,empty caption from provider
sage/imagesampler-bottom-2316/sage-imagesampler-bottom-0.3.5/000048b02d3ae337/1755795606939262418-bottom_camera.jpg,query_221,caption_failed,empty caption from provider,6,inserted_degraded,empty caption from provider
sage/imagesampler-bottom-1731/sage-imagesampler-bottom-0.3.5/000048b02dd3c641/1760742013310011426-bottom_camera.jpg,query_221,caption_failed,empty caption from provider,6,inserted_degraded,empty caption from provider
sage/imagesampler-left-2668/sage-imagesampler-left-0.3.5/000048b02d3ae27c/1745149527077302999-left_camera.jpg,query_223,caption_failed,empty caption from provider,6,inserted_degraded,empty caption from provider
sage/imagesampler-left-2668/sage-imagesampler-left-0.3.5/000048b02d3ae2f1/1739844314130366891-left_camera.jpg,query_222,caption_failed,empty caption from provider,6,inserted_degraded,empty caption from provider
sage/imagesampler-bottom-2933/sage-imagesampler-bottom-0.3.7/000048b02d15bc4c/1752948008315138770-sample.jpg,query_223,caption_failed,empty caption from provider,6,inserted_degraded,empty caption from provider
sage/imagesampler-bottom-2711/sage-imagesampler-bottom-0.3.7/000048b02d3ae2db/1755795612201183007-sample.jpg,query_222,caption_failed,empty caption from provider,6,inserted_degraded,empty caption from provider
sage/imagesampler-bottom-1731/sage-imagesampler-bottom-0.3.5/000048b02d3b1313/1749326406051045916-bottom_camera.jpg,query_223,caption_failed,empty caption from provider,6,inserted_degraded,empty caption from provider
sage/imagesampler-left-2668/sage-imagesampler-left-0.3.5/000048b02d3b1303/1766712032492833034-left_camera.jpg,query_223,caption_failed,empty caption from provider,6,inserted_degraded,empty caption from provider
sage/imagesampler-left-2668/sage-imagesampler-left-0.3.5/000048b02d3b1303/1735193409250840873-left_camera.jpg,query_222,caption_failed,empty caption from provider,6,inserted_degraded,empty caption from provider
sage/imagesampler-left-2668/sage-imagesampler-left-0.3.5/000048b02d3ae328/1740525939244802487-left_camera.jpg,query_223,caption_failed,empty caption from provider,6,inserted_degraded,empty caption from provider
sage/imagesampler-bottom-366/sage-imagesampler-bottom-0.3.0/000048b02d3ae31e/1726818314380459381-sample.jpg,query_223,caption_failed,empty caption from provider,6,inserted_degraded,empty caption from provider
sage/imagesampler-left-2668/sage-imagesampler-left-0.3.5/000048b02d3ae318/1759839311570836097-left_camera.jpg,query_223,caption_failed,empty caption from provider,6,inserted_degraded,empty caption from provider
sage/imagesampler-right-2668/sage-imagesampler-right-0.3.5/000048b02d3ae27c/1740407124168953546-right_camera.jpg,query_224,caption_failed,empty caption from provider,6,inserted_degraded,empty caption from provider
sage/imagesampler-bottom-577/sage-imagesampler-bottom-0.3.0/000048b02d35a9ce/1721044806088249070-sample.jpg,query_223,caption_failed,empty caption from provider,6,inserted_degraded,empty caption from provider
sage/imagesampler-right-2668/sage-imagesampler-right-0.3.5/000048b02d3ae2eb/1763744131683705203-right_camera.jpg,query_223,caption_failed,empty caption from provider,6,inserted_degraded,empty caption from provider
sage/imagesampler-left-2668/sage-imagesampler-left-0.3.5/000048b02d3ae2eb/1744755326439732364-left_camera.jpg,query_224,caption_failed,empty caption from provider,6,inserted_degraded,empty caption from provider
sage/imagesampler-bottom-2726/sage-imagesampler-bottom-0.3.7/000048b02dd3c427/1742435885586645523-sample.jpg,query_224,caption_failed,empty caption from provider,6,inserted_degraded,empty caption from provider
sage/imagesampler-right-2668/sage-imagesampler-right-0.3.5/000048b02d3ae318/1749151539139393943-right_camera.jpg,query_224,caption_failed,empty caption from provider,6,inserted_degraded,empty caption from provider
sage/imagesampler-left-2668/sage-imagesampler-left-0.3.5/000048b02d3ae2eb/1735561806286785420-left_camera.jpg,query_224,caption_failed,empty caption from provider,6,inserted_degraded,empty caption from provider
sage/imagesampler-right-2668/sage-imagesampler-right-0.3.5/000048b02d3ae27c/1742840723469550404-right_camera.jpg,query_224,caption_failed,empty caption from provider,6,inserted_degraded,empty caption from provider
sage/imagesampler-left-2668/sage-imagesampler-left-0.3.5/000048b02d3ae221/1766712617098165912-left_camera.jpg,query_226,caption_failed,empty caption from provider,6,inserted_degraded,empty caption from provider
sage/imagesampler-bottom-2726/sage-imagesampler-bottom-0.3.7/000048b02dd3c427/1738939571722685837-sample.jpg,query_226,caption_failed,empty caption from provider,6,inserted_degraded,empty caption from provider
sage/imagesampler-left-1739/sage-imagesampler-left-0.3.6/000048b02d3ae27a/1741777218988636607-sample.jpg,query_221,caption_failed,empty caption from provider,6,inserted_degraded,empty caption from provider
sage/imagesampler-right-2668/sage-imagesampler-right-0.3.5/000048b02d3b1304/1737353105565630531-right_camera.jpg,query_226,caption_failed,empty caption from provider,6,inserted_degraded,empty caption from provider
sage/imagesampler-bottom-11/sage-imagesampler-bottom-0.3.0/000048b02d15c319/1707235228467930970-sample.jpg,query_224,caption_failed,empty caption from provider,6,inserted_degraded,empty caption from provider
sage/imagesampler-left-2668/sage-imagesampler-left-0.3.5/000048b02d3ae2f1/1740525642698959414-left_camera.jpg,query_226,caption_failed,empty caption from provider,6,inserted_degraded,empty caption from provider
sage/imagesampler-bottom-2697/sage-imagesampler-bottom-0.3.7/000048b02d3ae31e/1738857606917407793-sample.jpg,query_226,caption_failed,empty caption from provider,6,inserted_degraded,empty caption from provider
sage/imagesampler-bottom-11/sage-imagesampler-bottom-0.3.0/000048b02d3af41e/1714136452546056360-sample.jpg,query_227,caption_failed,empty caption from provider,6,inserted_degraded,empty caption from provider
sage/imagesampler-right-2668/sage-imagesampler-right-0.3.5/000048b02d3ae2eb/1766711721564692576-right_camera.jpg,query_226,caption_failed,empty caption from provider,6,inserted_degraded,empty caption from provider
sage/imagesampler-left-2668/sage-imagesampler-left-0.3.5/000048b02d3ae2f1/1744155027071693971-left_camera.jpg,query_226,caption_failed,empty caption from provider,6,inserted_degraded,empty caption from provider
sage/imagesampler-right-2668/sage-imagesampler-right-0.3.5/000048b02d3ae328/1737099011721280754-right_camera.jpg,query_227,caption_failed,empty caption from provider,6,inserted_degraded,empty caption from provider
sage/imagesampler-left-2668/sage-imagesampler-left-0.3.5/000048b02d3ae2eb/1739842815258266702-left_camera.jpg,query_227,caption_failed,empty caption from provider,6,inserted_degraded,empty caption from provider
sage/imagesampler-left-2668/sage-imagesampler-left-0.3.5/000048b02d3ae25f/1752948641930117989-left_camera.jpg,query_227,caption_failed,empty caption from provider,6,inserted_degraded,empty caption from provider
sage/imagesampler-left-2668/sage-imagesampler-left-0.3.5/000048b02d3ae25f/1766712310160846158-left_camera.jpg,query_227,caption_failed,empty caption from provider,6,inserted_degraded,empty caption from provider
sage/imagesampler-left-18/sage-imagesampler-left-0.3.0/000048b02d15bc3d/1707235211610498990-sample.jpg,query_227,caption_failed,empty caption from provider,6,inserted_degraded,empty caption from provider
sage/sage/sage-imagesampler-left-0.2.5/000048b02d15bc3d/1689533968637674698-sample.jpg,query_226,caption_failed,empty caption from provider,6,inserted_degraded,empty caption from provider
sage/imagesampler-left-2668/sage-imagesampler-left-0.3.5/000048b02d3ae2f1/1745148605946841180-left_camera.jpg,query_227,caption_failed,empty caption from provider,6,inserted_degraded,empty caption from provider
sage/imagesampler-left-2668/sage-imagesampler-left-0.3.5/000048b02d3b1303/1767550813289026356-left_camera.jpg,query_227,caption_failed,empty caption from provider,6,inserted_degraded,empty caption from provider
sage/imagesampler-left-2668/sage-imagesampler-left-0.3.5/000048b02d3b1303/1738857912069671270-left_camera.jpg,query_227,caption_failed,empty caption from provider,6,inserted_degraded,empty caption from provider
sage/imagesampler-bottom-9/sage-imagesampler-bottom-0.3.5/000048b02d15bdaa/1734699617491441967-bottom_camera.jpg,query_229,caption_failed,empty caption from provider,6,inserted_degraded,empty caption from provider
sage/sage/sage-imagesampler-left-0.2.5/000048b02d15bc73/1724012187138551263-sample.jpg,query_227,caption_failed,empty caption from provider,6,inserted_degraded,empty caption from provider
sage/sage/sage-imagesampler-bottom-0.3.0/000048b02d3af466/1702659616154963333-sample.jpg,query_227,caption_failed,empty caption from provider,6,inserted_degraded,empty caption from provider
sage/imagesampler-right-2668/sage-imagesampler-right-0.3.5/000048b02d3ae2eb/1735126514646154140-right_camera.jpg,query_228,caption_failed,empty caption from provider,6,inserted_degraded,empty caption from provider
sage/imagesampler-left-2668/sage-imagesampler-left-0.3.5/000048b02d3b12e3/1744118117809239635-left_camera.jpg,query_228,caption_failed,empty caption from provider,6,inserted_degraded,empty caption from provider
sage/imagesampler-left-2668/sage-imagesampler-left-0.3.5/000048b02d3ae221/1741258256977357021-left_camera.jpg,query_229,caption_failed,empty caption from provider,6,inserted_degraded,empty caption from provider
sage/imagesampler-bottom-2933/sage-imagesampler-bottom-0.3.7/000048b02d15bc4c/1752948008315138770-sample.jpg,query_230,caption_failed,empty caption from provider,6,inserted_degraded,empty caption from provider
sage/sage/sage-imagesampler-right-0.2.5/000048b02d15bdc2/1659724089084928033-sample.jpg,query_228,caption_failed,empty caption from provider,6,inserted_degraded,empty caption from provider
sage/imagesampler-bottom-2588/sage-imagesampler-bottom-0.3.5/000048b02d3ae2db/1732302083498927633-bottom_camera.jpg,query_221,caption_failed,empty caption from provider,6,inserted_degraded,empty caption from provider
sage/imagesampler-bottom-1971/sage-imagesampler-bottom-0.3.5/000048b02dd3c427/1734699610506791114-bottom_camera.jpg,query_229,caption_failed,empty caption from provider,6,inserted_degraded,empty caption from provider
sage/imagesampler-bottom-2128/sage-imagesampler-bottom-0.3.4/000048b02dd3c637/1708001714242927964-sample.jpg,query_229,caption_failed,empty caption from provider,6,inserted_degraded,empty caption from provider
sage/imagesampler-right-2668/sage-imagesampler-right-0.3.5/000048b02d3ae2eb/1741257944510735645-right_camera.jpg,query_229,caption_failed,empty caption from provider,6,inserted_degraded,empty caption from provider
sage/imagesampler-left-2668/sage-imagesampler-left-0.3.5/000048b02d3ae221/1740407435861058908-left_camera.jpg,query_230,caption_failed,empty caption from provider,6,inserted_degraded,empty caption from provider
sage/imagesampler-bottom-2588/sage-imagesampler-bottom-0.3.5/000048b02d3ae2db/1728968408446912732-bottom_camera.jpg,query_229,caption_failed,empty caption from provider,6,inserted_degraded,empty caption from provider
sage/imagesampler-bottom-10/sage-imagesampler-bottom-0.3.5/000048b02d15bc87/1763744412445810893-bottom_camera.jpg,query_228,caption_failed,empty caption from provider,6,inserted_degraded,empty caption from provider
sage/imagesampler-mobotix-2816/sage-imagesampler-mobotix-0.3.7/000048b02d3ae31e/1757293209936926450-sample.jpg,query_226,caption_failed,empty caption from provider,6,inserted_degraded,empty caption from provider
sage/imagesampler-bottom/sage-imagesampler-bottom-0.3.0/000048b02d15bc73/1678305623890235663-sample.jpg,query_230,caption_failed,empty caption from provider,6,inserted_degraded,empty caption from provider
sage/imagesampler-bottom-4682/sage-imagesampler-bottom-0.3.7/000048b02d3b1309/1754744413229492681-sample.jpg,query_230,caption_failed,empty caption from provider,6,inserted_degraded,empty caption from provider
sage/imagesampler-left-2668/sage-imagesampler-left-0.3.5/000048b02d3ae328/1749048306823774184-left_camera.jpg,query_230,caption_failed,empty caption from provider,6,inserted_degraded,empty caption from provider
sage/imagesampler-bottom-540/sage-imagesampler-bottom-0.3.4/000048b02d35a87e/1714194013212466196-sample.jpg,query_230,caption_failed,empty caption from provider,6,inserted_degraded,empty caption from provider
sage/imagesampler-right-2668/sage-imagesampler-right-0.3.5/000048b02d3ae221/1755795359282297369-right_camera.jpg,query_230,caption_failed,empty caption from provider,6,inserted_degraded,empty caption from provider
sage/imagesampler-left-2668/sage-imagesampler-left-0.3.5/000048b02d3ae27c/1749047717932022178-left_camera.jpg,query_230,caption_failed,empty caption from provider,6,inserted_degraded,empty caption from provider
sage/sage/sage-imagesampler-left-0.2.5/000048b02d15bc3d/1678291983216720736-sample.jpg,query_229,caption_failed,empty caption from provider,6,inserted_degraded,empty caption from provider
sage/imagesampler-right-2668/sage-imagesampler-right-0.3.5/000048b02d3ae25f/1741259138991370567-right_camera.jpg,query_230,caption_failed,empty caption from provider,6,inserted_degraded,empty caption from provider
sage/imagesampler-right-2668/sage-imagesampler-right-0.3.5/000048b02d3b1303/1759736722977429029-right_camera.jpg,query_230,caption_failed,empty caption from provider,6,inserted_degraded,empty caption from provider
sage/imagesampler-bottom/sage-imagesampler-bottom-0.3.0/000048b02d15c319/1678305632583619899-sample.jpg,query_231,caption_failed,empty caption from provider,6,inserted_degraded,empty caption from provider
sage/imagesampler-bottom/sage-imagesampler-bottom-0.3.0/000048b02d3b1313/1670954416494634715-sample.jpg,query_230,caption_failed,empty caption from provider,6,inserted_degraded,empty caption from provider
sage/imagesampler-left-2668/sage-imagesampler-left-0.3.5/000048b02d3ae2f1/1745149808274994591-left_camera.jpg,query_231,caption_failed,empty caption from provider,6,inserted_degraded,empty caption from provider
sage/imagesampler-right-2668/sage-imagesampler-right-0.3.5/000048b02d3b1303/1767550813291401935-right_camera.jpg,query_231,caption_failed,empty caption from provider,6,inserted_degraded,empty caption from provider
sage/imagesampler-bottom-2854/sage-imagesampler-bottom-0.3.7/000048b02d15bc6d/1764785348467760619-sample.jpg,query_230,caption_failed,empty caption from provider,6,inserted_degraded,empty caption from provider
sage/sage/sage-imagesampler-right-0.2.5/000048b02d15bdc2/1678291894284467762-sample.jpg,query_230,caption_failed,empty caption from provider,6,inserted_degraded,empty caption from provider
sage/imagesampler-left-2668/sage-imagesampler-left-0.3.5/000048b02d3b12e3/1752948011845517146-left_camera.jpg,query_231,caption_failed,empty caption from provider,6,inserted_degraded,empty caption from provider
sage/imagesampler-left-2668/sage-imagesampler-left-0.3.5/000048b02d3ae2eb/1749047429514106804-left_camera.jpg,query_231,caption_failed,empty caption from provider,6,inserted_degraded,empty caption from provider
sage/imagesampler-bottom-2128/sage-imagesampler-bottom-0.3.5/000048b02d3af49f/1737729017590557189-bottom_camera.jpg,query_232,caption_failed,empty caption from provider,6,inserted_degraded,empty caption from provider
sage/imagesampler-right-2668/sage-imagesampler-right-0.3.5/000048b02d3ae221/1752316221999299604-right_camera.jpg,query_232,caption_failed,empty caption from provider,6,inserted_degraded,empty caption from provider
sage/imagesampler-bottom/sage-imagesampler-bottom-0.3.0/000048b02d3ae27a/1701288187451691509-sample.jpg,query_232,caption_failed,empty caption from provider,6,inserted_degraded,empty caption from provider
sage/imagesampler-bottom-1731/sage-imagesampler-bottom-0.3.0/000048b02dd3c51f/1713067210664537402-sample.jpg,query_232,caption_failed,empty caption from provider,6,inserted_degraded,empty caption from provider
sage/sage/sage-imagesampler-bottom-0.2.5/000048b02d15c332/1649879623405070699-sample.jpg,query_231,caption_failed,empty caption from provider,6,inserted_degraded,empty caption from provider
sage/imagesampler-bottom/sage-imagesampler-bottom-0.3.0/000048b02d3ae300/1684520405108844890-sample.jpg,query_231,caption_failed,empty caption from provider,6,inserted_degraded,empty caption from provider
sage/imagesampler-right-2668/sage-imagesampler-right-0.3.5/000048b02d3ae318/1747307177873282741-right_camera.jpg,query_232,caption_failed,empty caption from provider,6,inserted_degraded,empty caption from provider
sage/imagesampler-mobotix-1813/sage-imagesampler-mobotix-0.3.7/00002cea7f56acf2/1756570812064185875-sample.jpg,query_230,caption_failed,empty caption from provider,6,inserted_degraded,empty caption from provider
sage/imagesampler-bottom-11/sage-imagesampler-bottom-0.3.5/000048b02d3ae33d/1756652410535627349-bottom_camera.jpg,query_233,caption_failed,empty caption from provider,6,inserted_degraded,empty caption from provider
sage/imagesampler-bottom/sage-imagesampler-bottom-0.3.0/000048b02d3ae300/1684519705469817868-sample.jpg,query_233,caption_failed,empty caption from provider,6,inserted_degraded,empty caption from provider
sage/imagesampler-bottom-1731/sage-imagesampler-bottom-0.3.0/000048b02dd3c51f/1709384415379500435-sample.jpg,query_233,caption_failed,empty caption from provider,6,inserted_degraded,empty caption from provider
sage/sage/sage-imagesampler-bottom-0.2.5/000048b02d15bdcd/1644995041720149227-sample.jpg,query_233,caption_failed,empty caption from provider,6,inserted_degraded,empty caption from provider
sage/sage/sage-imagesampler-bottom-0.2.5/000048b02d05a1c2/1708823143239045585-sample.jpg,query_233,caption_failed,empty caption from provider,6,inserted_degraded,empty caption from provider
sage/imagesampler-right-1739/sage-imagesampler-right-0.3.6/000048b02d3ae27a/1749326410188914756-sample.jpg,query_234,caption_failed,empty caption from provider,6,inserted_degraded,empty caption from provider
sage/imagesampler-right-2668/sage-imagesampler-right-0.3.5/000048b02d3ae2eb/1752317121949175087-right_camera.jpg,query_232,caption_failed,empty caption from provider,6,inserted_degraded,empty caption from provider
sage/imagesampler-right-2668/sage-imagesampler-right-0.3.5/000048b02d3ae318/1735561232332304095-right_camera.jpg,query_232,caption_failed,empty caption from provider,6,inserted_degraded,empty caption from provider
sage/imagesampler-right-2668/sage-imagesampler-right-0.3.5/000048b02d3b12e3/1747307415065540140-right_camera.jpg,query_233,caption_failed,empty caption from provider,6,inserted_degraded,empty caption from provider
sage/imagesampler-left-2668/sage-imagesampler-left-0.3.5/000048b02d3ae2f1/1745148605946841180-left_camera.jpg,query_233,caption_failed,empty caption from provider,6,inserted_degraded,empty caption from provider
sage/imagesampler-bottom/sage-imagesampler-bottom-0.3.0/000048b02d3ae31e/1694096110932758361-sample.jpg,query_233,caption_failed,empty caption from provider,6,inserted_degraded,empty caption from provider
sage/imagesampler-left-2668/sage-imagesampler-left-0.3.5/000048b02d3b1303/1737353109383560406-left_camera.jpg,query_233,caption_failed,empty caption from provider,6,inserted_degraded,empty caption from provider
sage/imagesampler-bottom-2726/sage-imagesampler-bottom-0.3.7/000048b02dd3c427/1739844132546337489-sample.jpg,query_234,caption_failed,empty caption from provider,6,inserted_degraded,empty caption from provider
sage/imagesampler-left-2668/sage-imagesampler-left-0.3.5/000048b02d3b1303/1734699319119208661-left_camera.jpg,query_233,caption_failed,empty caption from provider,6,inserted_degraded,empty caption from provider
sage/imagesampler-right-2668/sage-imagesampler-right-0.3.5/000048b02d3b1304/1737352807703926987-right_camera.jpg,query_234,caption_failed,empty caption from provider,6,inserted_degraded,empty caption from provider
sage/sage/sage-imagesampler-bottom-0.2.5/000048b02d15bc77/1661509394960074279-sample.jpg,query_235,caption_failed,empty caption from provider,6,inserted_degraded,empty caption from provider
sage/imagesampler-left-2668/sage-imagesampler-left-0.3.5/000048b02d3ae221/1738939507476222907-left_camera.jpg,query_234,caption_failed,empty caption from provider,6,inserted_degraded,empty caption from provider
sage/imagesampler-right-2668/sage-imagesampler-right-0.3.5/000048b02d3ae2eb/1743470441722212367-right_camera.jpg,query_234,caption_failed,empty caption from provider,6,inserted_degraded,empty caption from provider
sage/imagesampler-left-2668/sage-imagesampler-left-0.3.5/000048b02d3b1303/1760742311411786516-left_camera.jpg,query_233,caption_failed,empty caption from provider,6,inserted_degraded,empty caption from provider
sage/imagesampler-bottom/sage-imagesampler-bottom-0.3.0/000048b02d3ae33b/1671584413875143362-sample.jpg,query_235,caption_failed,empty caption from provider,6,inserted_degraded,empty caption from provider
sage/imagesampler-bottom/sage-imagesampler-bottom-0.3.0/000048b02d3af41e/1694602817999842443-sample.jpg,query_235,caption_failed,empty caption from provider,6,inserted_degraded,empty caption from provider
coco/data/000000005294.jpg,query_219,hard_fail,process_item returned None,6,abandoned,process_item returned None
sage/sage/sage-imagesampler-bottom-0.3.0/000048b02d3af41e/1702659701894048177-sample.jpg,query_235,caption_failed,empty caption from provider,6,inserted_degraded,empty caption from provider
sage/imagesampler-left-18/sage-imagesampler-left-0.3.0/000048b02d3ae331/1726819214479902744-sample.jpg,query_235,caption_failed,empty caption from provider,6,inserted_degraded,empty caption from provider
sage/sage/sage-imagesampler-right-0.2.5/000048b02d15bc3d/1689962637991152672-sample.jpg,query_234,caption_failed,empty caption from provider,6,inserted_degraded,empty caption from provider
sage/imagesampler-right-2668/sage-imagesampler-right-0.3.5/000048b02d3ae318/1763745318543880981-right_camera.jpg,query_235,caption_failed,empty caption from provider,6,inserted_degraded,empty caption from provider
sage/imagesampler-bottom/sage-imagesampler-bottom-0.3.0/000048b02d3af447/1697302907650163569-sample.jpg,query_236,caption_failed,empty caption from provider,6,inserted_degraded,empty caption from provider
sage/imagesampler-left-2668/sage-imagesampler-left-0.3.5/000048b02d3ae328/1749636612070741789-left_camera.jpg,query_236,caption_failed,empty caption from provider,6,inserted_degraded,empty caption from provider
sage/imagesampler-right-2668/sage-imagesampler-right-0.3.5/000048b02d3ae328/1738858524312030849-right_camera.jpg,query_236,caption_failed,empty caption from provider,6,inserted_degraded,empty caption from provider
sage/imagesampler-right-2668/sage-imagesampler-right-0.3.5/000048b02d3ae25f/1761500125986300816-right_camera.jpg,query_236,caption_failed,empty caption from provider,6,inserted_degraded,empty caption from provider
sage/imagesampler-bottom-11/sage-imagesampler-bottom-0.3.0/000048b02d3af41e/1726819222263792863-sample.jpg,query_236,caption_failed,empty caption from provider,6,inserted_degraded,empty caption from provider
sage/sage/sage-imagesampler-bottom-0.2.5/000048b02d15bda5/1671584895721326588-sample.jpg,query_235,caption_failed,empty caption from provider,6,inserted_degraded,empty caption from provider
coco/data/000000018702.jpg,query_220,hard_fail,process_item returned None,6,abandoned,process_item returned None
sage/imagesampler-bottom-1731/sage-imagesampler-bottom-0.3.5/000048b02dd3c76e/1747306812418746750-bottom_camera.jpg,query_236,caption_failed,empty caption from provider,6,inserted_degraded,empty caption from provider
sage/sage/sage-imagesampler-bottom-0.2.5/000048b02d15c31f/1688680361220779199-sample.jpg,query_236,caption_failed,empty caption from provider,6,inserted_degraded,empty caption from provider
sage/sage/sage-imagesampler-bottom-0.2.5/000048b02d05a1c2/1641867645035674200-sample.jpg,query_236,caption_failed,empty caption from provider,6,inserted_degraded,empty caption from provider
sage/imagesampler-bottom-2711/sage-imagesampler-bottom-0.3.7/000048b02d3ae2db/1747306810943569547-sample.jpg,query_236,caption_failed,empty caption from provider,6,inserted_degraded,empty caption from provider
sage/imagesampler-right-2668/sage-imagesampler-right-0.3.5/000048b02d3b12e3/1751296244961011532-right_camera.jpg,query_236,caption_failed,empty caption from provider,6,inserted_degraded,empty caption from provider
sage/imagesampler-left-2668/sage-imagesampler-left-0.3.5/000048b02d3ae32e/1744755037298316172-left_camera.jpg,query_237,caption_failed,empty caption from provider,6,inserted_degraded,empty caption from provider
sage/imagesampler-right-2668/sage-imagesampler-right-0.3.5/000048b02d3ae32e/1740986134471525222-right_camera.jpg,query_237,caption_failed,empty caption from provider,6,inserted_degraded,empty caption from provider
sage/sage/sage-imagesampler-left-0.3.0/000048b02d3ae320/1678305609167009355-sample.jpg,query_237,caption_failed,empty caption from provider,6,inserted_degraded,empty caption from provider
sage/imagesampler-right-2668/sage-imagesampler-right-0.3.5/000048b02d3ae318/1739844346953816828-right_camera.jpg,query_236,caption_failed,empty caption from provider,6,inserted_degraded,empty caption from provider
sage/imagesampler-left-1739/sage-imagesampler-left-0.3.4/000048b02d3ae27a/1714136412145693983-sample.jpg,query_235,caption_failed,empty caption from provider,6,inserted_degraded,empty caption from provider
sage/imagesampler-left-2668/sage-imagesampler-left-0.3.5/000048b02d3ae221/1740406534780986625-left_camera.jpg,query_238,caption_failed,empty caption from provider,6,inserted_degraded,empty caption from provider
sage/imagesampler-right-2668/sage-imagesampler-right-0.3.5/000048b02d3b1303/1759736722977429029-right_camera.jpg,query_238,caption_failed,empty caption from provider,6,inserted_degraded,empty caption from provider
sage/imagesampler-bottom-1731/sage-imagesampler-bottom-0.3.5/000048b02dd3c42b/1763744413580382608-bottom_camera.jpg,query_238,caption_failed,empty caption from provider,6,inserted_degraded,empty caption from provider
sage/imagesampler-right-2668/sage-imagesampler-right-0.3.5/000048b02d3ae328/1752317106558486100-right_camera.jpg,query_238,caption_failed,empty caption from provider,6,inserted_degraded,empty caption from provider
sage/imagesampler-bottom-11/sage-imagesampler-bottom-0.3.0/000048b02d3af447/1721044812989798011-sample.jpg,query_238,caption_failed,empty caption from provider,6,inserted_degraded,empty caption from provider
sage/imagesampler-left-2668/sage-imagesampler-left-0.3.5/000048b02d3ae2eb/1737352505157670054-left_camera.jpg,query_237,caption_failed,empty caption from provider,6,inserted_degraded,empty caption from provider
sage/imagesampler-left-2668/sage-imagesampler-left-0.3.5/000048b02d3ae318/1758620121261722736-left_camera.jpg,query_238,caption_failed,empty caption from provider,6,inserted_degraded,empty caption from provider
sage/sage/sage-imagesampler-bottom-0.2.5/000048b02d15bc77/1655712861557145579-sample.jpg,query_238,caption_failed,empty caption from provider,6,inserted_degraded,empty caption from provider
sage/imagesampler-bottom-11/sage-imagesampler-bottom-0.3.5/000048b02d3af41e/1749326410463184583-bottom_camera.jpg,query_238,caption_failed,empty caption from provider,6,inserted_degraded,empty caption from provider
sage/imagesampler-left-1738/sage-imagesampler-left-0.3.4/000048b02d15bc6d/1726894807914365060-sample.jpg,query_234,caption_failed,empty caption from provider,6,inserted_degraded,empty caption from provider
sage/sage/sage-imagesampler-bottom-0.2.5/000048b02d15c319/1647319563048030506-sample.jpg,query_238,caption_failed,empty caption from provider,6,inserted_degraded,empty caption from provider
sage/imagesampler-left-2316/sage-imagesampler-left-0.3.4/000048b02d3ae337/1726819251026149406-sample.jpg,query_231,caption_failed,empty caption from provider,6,inserted_degraded,empty caption from provider
sage/imagesampler-bottom/sage-imagesampler-bottom-0.3.0/000048b02d3ae336/1680345017981133398-sample.jpg,query_238,caption_failed,empty caption from provider,6,inserted_degraded,empty caption from provider
sage/imagesampler-left-2668/sage-imagesampler-left-0.3.5/000048b02d3ae27c/1767486923873370164-left_camera.jpg,query_238,caption_failed,empty caption from provider,6,inserted_degraded,empty caption from provider
sage/sage/sage-imagesampler-bottom-0.2.5/000048b02d15bc77/1655712425113435438-sample.jpg,query_238,caption_failed,empty caption from provider,6,inserted_degraded,empty caption from provider
sage/imagesampler-bottom-11/sage-imagesampler-bottom-0.3.5/000048b02d3af41e/1738857612219844347-bottom_camera.jpg,query_238,caption_failed,empty caption from provider,6,inserted_degraded,empty caption from provider
sage/imagesampler-left-2668/sage-imagesampler-left-0.3.5/000048b02d3ae32e/1740406212505907021-left_camera.jpg,query_239,caption_failed,empty caption from provider,6,inserted_degraded,empty caption from provider
sage/imagesampler-left/sage-imagesampler-left-0.3.0/000048b02d15bdd2/1663966814343014884-sample.jpg,query_238,caption_failed,empty caption from provider,6,inserted_degraded,empty caption from provider
sage/sage/sage-imagesampler-bottom-0.2.5/000048b02d05a1c7/1653976951636951698-sample.jpg,query_239,caption_failed,empty caption from provider,6,inserted_degraded,empty caption from provider
sage/sage/sage-imagesampler-bottom-0.2.5/000048b02d05a1c7/1669533844790133070-sample.jpg,query_239,caption_failed,empty caption from provider,6,inserted_degraded,empty caption from provider
sage/imagesampler-right-2668/sage-imagesampler-right-0.3.5/000048b02d3ae318/1757671865801265181-right_camera.jpg,query_239,caption_failed,empty caption from provider,6,inserted_degraded,empty caption from provider
sage/imagesampler-bottom/sage-imagesampler-bottom-0.3.0/000048b02d05a1c7/1671584414972747378-sample.jpg,query_239,caption_failed,empty caption from provider,6,inserted_degraded,empty caption from provider
sage/imagesampler-mobotix-1813/sage-imagesampler-mobotix-0.3.7/00002cea7f56acf2/1758619811545594871-sample.jpg,query_236,caption_failed,empty caption from provider,6,inserted_degraded,empty caption from provider
sage/imagesampler-right-2668/sage-imagesampler-right-0.3.5/000048b02d3ae27c/1760742315484383035-right_camera.jpg,query_239,caption_failed,empty caption from provider,6,inserted_degraded,empty caption from provider
sage/imagesampler-bottom-11/sage-imagesampler-bottom-0.3.0/000048b02d3af41e/1716325213700457496-sample.jpg,query_239,caption_failed,empty caption from provider,6,inserted_degraded,empty caption from provider
sage/imagesampler-bottom/sage-imagesampler-bottom-0.3.0/000048b02d3ae336/1680345017981133398-sample.jpg,query_240,caption_failed,empty caption from provider,6,inserted_degraded,empty caption from provider
sage/imagesampler-left-2668/sage-imagesampler-left-0.3.5/000048b02d3b12e3/1740406244668987073-left_camera.jpg,query_239,caption_failed,empty caption from provider,6,inserted_degraded,empty caption from provider
sage/imagesampler-left-2668/sage-imagesampler-left-0.3.5/000048b02d3b12e3/1749636014194574785-left_camera.jpg,query_240,caption_failed,empty caption from provider,6,inserted_degraded,empty caption from provider
sage/imagesampler-bottom-1731/sage-imagesampler-bottom-0.3.5/000048b02dd3c76e/1742436012422896013-bottom_camera.jpg,query_240,caption_failed,empty caption from provider,6,inserted_degraded,empty caption from provider
sage/imagesampler-left-18/sage-imagesampler-left-0.3.0/000048b02d15bc3d/1707235211610498990-sample.jpg,query_240,caption_failed,empty caption from provider,6,inserted_degraded,empty caption from provider
sage/sage/sage-imagesampler-left-0.2.5/000048b02d15bc73/1676548193234501889-sample.jpg,query_240,caption_failed,empty caption from provider,6,inserted_degraded,empty caption from provider
sage/imagesampler-left-2668/sage-imagesampler-left-0.3.5/000048b02d3ae318/1758620121261722736-left_camera.jpg,query_240,caption_failed,empty caption from provider,6,inserted_degraded,empty caption from provider
sage/imagesampler-mobotix-1813/sage-imagesampler-mobotix-0.3.7/00002cea7f56acf2/1757670911048329807-sample.jpg,query_237,caption_failed,empty caption from provider,6,inserted_degraded,empty caption from provider
sage/sage/sage-imagesampler-bottom-0.2.5/000048b02d15bc77/1655712425113435438-sample.jpg,query_240,caption_failed,empty caption from provider,6,inserted_degraded,empty caption from provider
sage/imagesampler-right-2668/sage-imagesampler-right-0.3.5/000048b02d3ae221/1741259456888790446-right_camera.jpg,query_240,caption_failed,empty caption from provider,6,inserted_degraded,empty caption from provider
sage/imagesampler-bottom/sage-imagesampler-bottom-0.3.0/000048b02d3ae336/1676260820007711205-sample.jpg,query_241,caption_failed,empty caption from provider,6,inserted_degraded,empty caption from provider
sage/imagesampler-left-2668/sage-imagesampler-left-0.3.5/000048b02d3ae27c/1764784235567471006-left_camera.jpg,query_241,caption_failed,empty caption from provider,6,inserted_degraded,empty caption from provider
sage/imagesampler-left-2668/sage-imagesampler-left-0.3.5/000048b02d3ae328/1740526209375557131-left_camera.jpg,query_240,caption_failed,empty caption from provider,6,inserted_degraded,empty caption from provider
coco/data/000000003293.jpg,query_228,hard_fail,process_item returned None,6,abandoned,process_item returned None
sage/imagesampler-right-2668/sage-imagesampler-right-0.3.5/000048b02d3ae221/1759750551634122426-right_camera.jpg,query_242,caption_failed,empty caption from provider,6,inserted_degraded,empty caption from provider
sage/imagesampler-right-2668/sage-imagesampler-right-0.3.5/000048b02d3b1303/1759735525345452570-right_camera.jpg,query_241,caption_failed,empty caption from provider,6,inserted_degraded,empty caption from provider
sage/imagesampler-left-2668/sage-imagesampler-left-0.3.5/000048b02d3b1303/1767551144100187109-left_camera.jpg,query_240,caption_failed,empty caption from provider,6,inserted_degraded,empty caption from provider
sage/imagesampler-left-1813/sage-imagesampler-left-0.3.0/00002cea7f56acf2/1725370212374139995-sample.jpg,query_243,caption_failed,empty caption from provider,6,inserted_degraded,empty caption from provider
sage/imagesampler-right-2668/sage-imagesampler-right-0.3.5/000048b02d3ae2eb/1747306537329501624-right_camera.jpg,query_241,caption_failed,empty caption from provider,6,inserted_degraded,empty caption from provider
sage/imagesampler-bottom-11/sage-imagesampler-bottom-0.3.0/000048b02d3af41e/1715248812555150958-sample.jpg,query_241,caption_failed,empty caption from provider,6,inserted_degraded,empty caption from provider
sage/imagesampler-left-2668/sage-imagesampler-left-0.3.5/000048b02d3ae2eb/1760742021150798192-left_camera.jpg,query_242,caption_failed,empty caption from provider,6,inserted_degraded,empty caption from provider
sage/imagesampler-right-2668/sage-imagesampler-right-0.3.5/000048b02d3ae2eb/1735561505391965164-right_camera.jpg,query_242,caption_failed,empty caption from provider,6,inserted_degraded,empty caption from provider
sage/imagesampler-right-2668/sage-imagesampler-right-0.3.5/000048b02d3ae221/1759750551634122426-right_camera.jpg,query_242,caption_failed,empty caption from provider,6,inserted_degraded,empty caption from provider
sage/imagesampler-left-2668/sage-imagesampler-left-0.3.5/000048b02d3ae2eb/1767486628635313035-left_camera.jpg,query_242,caption_failed,empty caption from provider,6,inserted_degraded,empty caption from provider
sage/imagesampler-left-1813/sage-imagesampler-left-0.3.0/00002cea7f56acf2/1716325510785204185-sample.jpg,query_243,caption_failed,empty caption from provider,6,inserted_degraded,empty caption from provider
sage/imagesampler-right-2668/sage-imagesampler-right-0.3.5/000048b02d3ae2eb/1735561505391965164-right_camera.jpg,query_242,caption_failed,empty caption from provider,6,inserted_degraded,empty caption from provider
sage/imagesampler-left-2668/sage-imagesampler-left-0.3.5/000048b02d3ae2eb/1760742021150798192-left_camera.jpg,query_242,caption_failed,empty caption from provider,6,inserted_degraded,empty caption from provider
sage/imagesampler-left-2668/sage-imagesampler-left-0.3.5/000048b02d3ae2eb/1767486628635313035-left_camera.jpg,query_242,caption_failed,empty caption from provider,6,inserted_degraded,empty caption from provider
sage/sage/sage-imagesampler-bottom-0.2.5/000048b02d15c31a/1732328033522936083-sample.jpg,query_243,caption_failed,empty caption from provider,6,inserted_degraded,empty caption from provider
sage/imagesampler-left-2668/sage-imagesampler-left-0.3.5/000048b02d3ae328/1744754725840402501-left_camera.jpg,query_243,caption_failed,empty caption from provider,6,inserted_degraded,empty caption from provider
sage/imagesampler-left-2668/sage-imagesampler-left-0.3.5/000048b02d3ae221/1754745323367051134-left_camera.jpg,query_242,caption_failed,empty caption from provider,6,inserted_degraded,empty caption from provider
sage/imagesampler-left-2668/sage-imagesampler-left-0.3.5/000048b02d3ae221/1754745323367051134-left_camera.jpg,query_242,caption_failed,empty caption from provider,6,inserted_degraded,empty caption from provider
sage/imagesampler-right-2668/sage-imagesampler-right-0.3.5/000048b02d3ae32e/1740406525205494238-right_camera.jpg,query_243,caption_failed,empty caption from provider,6,inserted_degraded,empty caption from provider
sage/imagesampler-left-2668/sage-imagesampler-left-0.3.5/000048b02d3ae27c/1742435417803350940-left_camera.jpg,query_243,caption_failed,empty caption from provider,6,inserted_degraded,empty caption from provider
sage/imagesampler-bottom/sage-imagesampler-bottom-0.3.0/000048b02d3ae27a/1701288187451691509-sample.jpg,query_243,caption_failed,empty caption from provider,6,inserted_degraded,empty caption from provider
sage/imagesampler-bottom-1731/sage-imagesampler-bottom-0.3.0/000048b02dd3c51f/1709384415379500435-sample.jpg,query_243,caption_failed,empty caption from provider,6,inserted_degraded,empty caption from provider
sage/imagesampler-left-2668/sage-imagesampler-left-0.3.5/000048b02d3ae32e/1735126507280228663-left_camera.jpg,query_244,caption_failed,empty caption from provider,6,inserted_degraded,empty caption from provider
sage/imagesampler-right/sage-imagesampler-right-0.3.0/000048b02d15bdc2/1670472012162686241-sample.jpg,query_243,caption_failed,empty caption from provider,6,inserted_degraded,empty caption from provider
sage/sage/sage-imagesampler-bottom-0.2.5/000048b02d15bdcd/1644557235542825658-sample.jpg,query_244,caption_failed,empty caption from provider,6,inserted_degraded,empty caption from provider
sage/imagesampler-bottom/sage-imagesampler-bottom-0.3.0/000048b02d3b1313/1670954416494634715-sample.jpg,query_244,caption_failed,empty caption from provider,6,inserted_degraded,empty caption from provider
sage/imagesampler-right-2668/sage-imagesampler-right-0.3.5/000048b02d3ae328/1738857924215461476-right_camera.jpg,query_244,caption_failed,empty caption from provider,6,inserted_degraded,empty caption from provider
sage/sage/sage-imagesampler-right-0.3.0/000048b02d3ae31a/1713337209421217995-sample.jpg,query_244,caption_failed,empty caption from provider,6,inserted_degraded,empty caption from provider
sage/imagesampler-bottom/sage-imagesampler-bottom-0.3.0/000048b02d3ae336/1680345017981133398-sample.jpg,query_246,caption_failed,empty caption from provider,6,inserted_degraded,empty caption from provider
sage/imagesampler-left-1813/sage-imagesampler-left-0.3.5/00002cea7f56acf2/1749327313007701186-left_camera.jpg,query_246,caption_failed,empty caption from provider,6,inserted_degraded,empty caption from provider
sage/imagesampler-bottom-11/sage-imagesampler-bottom-0.3.5/000048b02d3af41e/1738857612219844347-bottom_camera.jpg,query_244,caption_failed,empty caption from provider,6,inserted_degraded,empty caption from provider
sage/imagesampler-left-2668/sage-imagesampler-left-0.3.5/000048b02d3ae318/1759750520956750776-left_camera.jpg,query_246,caption_failed,empty caption from provider,6,inserted_degraded,empty caption from provider
sage/imagesampler-right-2668/sage-imagesampler-right-0.3.5/000048b02d3b1304/1743471331578469930-right_camera.jpg,query_246,caption_failed,empty caption from provider,6,inserted_degraded,empty caption from provider
sage/imagesampler-left-2668/sage-imagesampler-left-0.3.5/000048b02d3ae328/1740406841563334927-left_camera.jpg,query_246,caption_failed,empty caption from provider,6,inserted_degraded,empty caption from provider
sage/imagesampler-left-2668/sage-imagesampler-left-0.3.5/000048b02d3ae27c/1742841619340004981-left_camera.jpg,query_246,caption_failed,empty caption from provider,6,inserted_degraded,empty caption from provider
sage/imagesampler-bottom-11/sage-imagesampler-bottom-0.3.0/000048b02d05a1c7/1702659659511605800-sample.jpg,query_246,caption_failed,empty caption from provider,6,inserted_degraded,empty caption from provider
sage/imagesampler-right-2668/sage-imagesampler-right-0.3.5/000048b02d3ae2f1/1739842813878824832-right_camera.jpg,query_247,caption_failed,empty caption from provider,6,inserted_degraded,empty caption from provider
sage/imagesampler-bottom-11/sage-imagesampler-bottom-0.3.5/000048b02d3ae33b/1738857616958561506-bottom_camera.jpg,query_246,caption_failed,empty caption from provider,6,inserted_degraded,empty caption from provider
sage/imagesampler-left-1813/sage-imagesampler-left-0.3.0/00002cea7f56acf2/1716341721062036395-sample.jpg,query_248,caption_failed,empty caption from provider,6,inserted_degraded,empty caption from provider
sage/imagesampler-left-2668/sage-imagesampler-left-0.3.5/000048b02d3ae32e/1741258300479046412-left_camera.jpg,query_246,caption_failed,empty caption from provider,6,inserted_degraded,empty caption from provider
sage/imagesampler-right/sage-imagesampler-right-0.3.0/000048b02d15bc3d/1686654014524425892-sample.jpg,query_246,caption_failed,empty caption from provider,6,inserted_degraded,empty caption from provider
sage/imagesampler-bottom-2705/sage-imagesampler-bottom-0.3.7/000048b02d3ae2f2/1756652410638632036-sample.jpg,query_247,caption_failed,empty caption from provider,6,inserted_degraded,empty caption from provider
sage/imagesampler-bottom-11/sage-imagesampler-bottom-0.3.0/000048b02d15bc73/1726819212514170480-sample.jpg,query_248,caption_failed,empty caption from provider,6,inserted_degraded,empty caption from provider
sage/imagesampler-left-2668/sage-imagesampler-left-0.3.5/000048b02d3ae221/1745149219287160256-left_camera.jpg,query_248,caption_failed,empty caption from provider,6,inserted_degraded,empty caption from provider
sage/imagesampler-left-2668/sage-imagesampler-left-0.3.5/000048b02d3b12e3/1740406244668987073-left_camera.jpg,query_246,caption_failed,empty caption from provider,6,inserted_degraded,empty caption from provider
sage/imagesampler-left-2668/sage-imagesampler-left-0.3.5/000048b02d3ae328/1749636011009648354-left_camera.jpg,query_248,caption_failed,empty caption from provider,6,inserted_degraded,empty caption from provider
sage/imagesampler-right-2668/sage-imagesampler-right-0.3.5/000048b02d3ae2f1/1735193111308803056-right_camera.jpg,query_248,caption_failed,empty caption from provider,6,inserted_degraded,empty caption from provider
sage/sage/sage-imagesampler-right-0.2.5/000048b02d15bc3d/1689962637991152672-sample.jpg,query_247,caption_failed,empty caption from provider,6,inserted_degraded,empty caption from provider
coco/data/000000000086.jpg,query_232,hard_fail,process_item returned None,6,abandoned,process_item returned None
sage/imagesampler-bottom-1274/sage-imagesampler-bottom-0.3.5/00004cd98fb56d33/1756652405516666288-sample.jpg,query_247,caption_failed,empty caption from provider,6,inserted_degraded,empty caption from provider
sage/imagesampler-left-2668/sage-imagesampler-left-0.3.5/000048b02d3ae2eb/1749047429514106804-left_camera.jpg,query_248,caption_failed,empty caption from provider,6,inserted_degraded,empty caption from provider
sage/imagesampler-right-2668/sage-imagesampler-right-0.3.5/000048b02d3ae328/1744155922708847300-right_camera.jpg,query_248,caption_failed,empty caption from provider,6,inserted_degraded,empty caption from provider
sage/imagesampler-right-2668/sage-imagesampler-right-0.3.5/000048b02d3ae318/1752317752789714527-right_camera.jpg,query_248,caption_failed,empty caption from provider,6,inserted_degraded,empty caption from provider
sage/imagesampler-left-2668/sage-imagesampler-left-0.3.5/000048b02d3ae2eb/1749326443884719870-left_camera.jpg,query_249,caption_failed,empty caption from provider,6,inserted_degraded,empty caption from provider
sage/imagesampler-left-2668/sage-imagesampler-left-0.3.5/000048b02d3ae221/1764784811367316329-left_camera.jpg,query_248,caption_failed,empty caption from provider,6,inserted_degraded,empty caption from provider
sage/imagesampler-bottom-484/sage-imagesampler-bottom-0.3.0/000048b02d3ae300/1702659615246321228-sample.jpg,query_248,caption_failed,empty caption from provider,6,inserted_degraded,empty caption from provider
sage/imagesampler-left-2668/sage-imagesampler-left-0.3.5/000048b02d3ae328/1734699607703905113-left_camera.jpg,query_249,caption_failed,empty caption from provider,6,inserted_degraded,empty caption from provider
sage/sage/sage-imagesampler-bottom-0.2.5/000048b02d15bc77/1654753495440519983-sample.jpg,query_249,caption_failed,empty caption from provider,6,inserted_degraded,empty caption from provider
sage/sage/sage-imagesampler-right-0.2.5/000048b02d15bc3d/1649879356581352587-sample.jpg,query_248,caption_failed,empty caption from provider,6,inserted_degraded,empty caption from provider
sage/imagesampler-bottom-540/sage-imagesampler-bottom-0.3.4/000048b02d35a87e/1727024411810286990-sample.jpg,query_249,caption_failed,empty caption from provider,6,inserted_degraded,empty caption from provider
sage/imagesampler-left-2668/sage-imagesampler-left-0.3.5/000048b02d3ae25f/1744756227229101524-left_camera.jpg,query_249,caption_failed,empty caption from provider,6,inserted_degraded,empty caption from provider
sage/imagesampler-left-2668/sage-imagesampler-left-0.3.5/000048b02d3ae27c/1737097811296905641-left_camera.jpg,query_250,caption_failed,empty caption from provider,6,inserted_degraded,empty caption from provider
sage/imagesampler-bottom-1731/sage-imagesampler-bottom-0.3.5/000048b02dd3c76e/1741777212345128777-bottom_camera.jpg,query_250,caption_failed,empty caption from provider,6,inserted_degraded,empty caption from provider
sage/imagesampler-mobotix-2816/sage-imagesampler-mobotix-0.3.7/000048b02d3ae31e/1757293209936926450-sample.jpg,query_246,caption_failed,empty caption from provider,6,inserted_degraded,empty caption from provider
sage/imagesampler-right-2668/sage-imagesampler-right-0.3.5/000048b02d3ae2eb/1765200136921567518-right_camera.jpg,query_249,caption_failed,empty caption from provider,6,inserted_degraded,empty caption from provider
sage/imagesampler-bottom-2705/sage-imagesampler-bottom-0.3.7/000048b02d3ae2f2/1755795610995838661-sample.jpg,query_250,caption_failed,empty caption from provider,6,inserted_degraded,empty caption from provider
sage/imagesampler-bottom-2711/sage-imagesampler-bottom-0.3.7/000048b02d3ae2db/1755795612201183007-sample.jpg,query_250,caption_failed,empty caption from provider,6,inserted_degraded,empty caption from provider
sage/imagesampler-left-18/sage-imagesampler-left-0.3.0/000048b02d15bc3d/1715749210627209064-sample.jpg,query_251,caption_failed,empty caption from provider,6,inserted_degraded,empty caption from provider
sage/imagesampler-left-2668/sage-imagesampler-left-0.3.5/000048b02d3ae328/1740525939244802487-left_camera.jpg,query_251,caption_failed,empty caption from provider,6,inserted_degraded,empty caption from provider
sage/imagesampler-right-18/sage-imagesampler-right-0.3.5/000048b02d35a9bb/1733360412148038376-right_camera.jpg,query_251,caption_failed,empty caption from provider,6,inserted_degraded,empty caption from provider
sage/imagesampler-left-2668/sage-imagesampler-left-0.3.5/000048b02d3ae2eb/1742435410997025824-left_camera.jpg,query_251,caption_failed,empty caption from provider,6,inserted_degraded,empty caption from provider
sage/imagesampler-right-2668/sage-imagesampler-right-0.3.5/000048b02d3ae2eb/1738939511886881430-right_camera.jpg,query_251,caption_failed,empty caption from provider,6,inserted_degraded,empty caption from provider
sage/imagesampler-left-2668/sage-imagesampler-left-0.3.5/000048b02d3ae27c/1758620130793665587-left_camera.jpg,query_251,caption_failed,empty caption from provider,6,inserted_degraded,empty caption from provider
sage/imagesampler-bottom/sage-imagesampler-bottom-0.3.0/000048b02d3ae319/1676808015337475852-sample.jpg,query_250,caption_failed,empty caption from provider,6,inserted_degraded,empty caption from provider
sage/sage/sage-imagesampler-left-0.2.5/000048b02d15bc73/1683231499723437745-sample.jpg,query_250,caption_failed,empty caption from provider,6,inserted_degraded,empty caption from provider
sage/imagesampler-right-2668/sage-imagesampler-right-0.3.5/000048b02d3b1303/1749150911536162635-right_camera.jpg,query_251,caption_failed,empty caption from provider,6,inserted_degraded,empty caption from provider
sage/imagesampler-left-2668/sage-imagesampler-left-0.3.5/000048b02d3ae32e/1740987329857186868-left_camera.jpg,query_251,caption_failed,empty caption from provider,6,inserted_degraded,empty caption from provider
sage/imagesampler-left-2668/sage-imagesampler-left-0.3.5/000048b02d3ae221/1751297120519848147-left_camera.jpg,query_251,caption_failed,empty caption from provider,6,inserted_degraded,empty caption from provider
sage/imagesampler-bottom/sage-imagesampler-bottom-0.3.0/000048b02d3ae33b/1671739224704910386-sample.jpg,query_251,caption_failed,empty caption from provider,6,inserted_degraded,empty caption from provider
sage/imagesampler-left-2668/sage-imagesampler-left-0.3.5/000048b02d3ae25f/1742435738556506118-left_camera.jpg,query_251,caption_failed,empty caption from provider,6,inserted_degraded,empty caption from provider
sage/imagesampler-left-18/sage-imagesampler-left-0.3.0/000048b02d05a0a4/1708002007908802943-sample.jpg,query_251,caption_failed,empty caption from provider,6,inserted_degraded,empty caption from provider
sage/sage/sage-imagesampler-bottom-0.2.5/000048b02d15bd2f/1654551430771161452-sample.jpg,query_252,caption_failed,empty caption from provider,6,inserted_degraded,empty caption from provider
sage/imagesampler-bottom-11/sage-imagesampler-bottom-0.3.5/000048b02d35a9bf/1737352808268321099-bottom_camera.jpg,query_252,caption_failed,empty caption from provider,6,inserted_degraded,empty caption from provider
sage/imagesampler-bottom-1731/sage-imagesampler-bottom-0.3.5/000048b02dd3c76e/1737352807582533335-bottom_camera.jpg,query_252,caption_failed,empty caption from provider,6,inserted_degraded,empty caption from provider
sage/imagesampler-left-2668/sage-imagesampler-left-0.3.5/000048b02d3ae27c/1766712027970256376-left_camera.jpg,query_252,caption_failed,empty caption from provider,6,inserted_degraded,empty caption from provider
sage/imagesampler-right-2668/sage-imagesampler-right-0.3.5/000048b02d3b1303/1739844018597115889-right_camera.jpg,query_252,caption_failed,empty caption from provider,6,inserted_degraded,empty caption from provider
sage/imagesampler-left-2668/sage-imagesampler-left-0.3.5/000048b02d3b1303/1738857912069671270-left_camera.jpg,query_252,caption_failed,empty caption from provider,6,inserted_degraded,empty caption from provider
sage/imagesampler-left-2668/sage-imagesampler-left-0.3.5/000048b02d3ae2eb/1760742021150798192-left_camera.jpg,query_253,caption_failed,empty caption from provider,6,inserted_degraded,empty caption from provider
sage/imagesampler-right-2668/sage-imagesampler-right-0.3.5/000048b02d3b12e3/1766711130214069853-right_camera.jpg,query_252,caption_failed,empty caption from provider,6,inserted_degraded,empty caption from provider
sage/imagesampler-right-2668/sage-imagesampler-right-0.3.5/000048b02d3ae27c/1749048308628487328-right_camera.jpg,query_252,caption_failed,empty caption from provider,6,inserted_degraded,empty caption from provider
sage/sage/sage-imagesampler-bottom-0.2.5/000048b02d15bdcd/1652664671739650208-sample.jpg,query_253,caption_failed,empty caption from provider,6,inserted_degraded,empty caption from provider
sage/imagesampler-right-2668/sage-imagesampler-right-0.3.5/000048b02d3ae2f1/1734698710626993896-right_camera.jpg,query_253,caption_failed,empty caption from provider,6,inserted_degraded,empty caption from provider
sage/sage/sage-imagesampler-bottom-0.2.5/000048b02d05a1c2/1721797865807885913-sample.jpg,query_253,caption_failed,empty caption from provider,6,inserted_degraded,empty caption from provider
sage/imagesampler-mobotix-2727/sage-imagesampler-mobotix-0.3.7/000048b02dd3c427/1766712483976863962-sample.jpg,query_251,caption_failed,empty caption from provider,6,inserted_degraded,empty caption from provider
sage/imagesampler-mobotix-1813/sage-imagesampler-mobotix-0.3.7/00002cea7f56acf2/1758619811545594871-sample.jpg,query_248,caption_failed,empty caption from provider,6,inserted_degraded,empty caption from provider
sage/imagesampler-left-2668/sage-imagesampler-left-0.3.5/000048b02d3b12e3/1749150614623465354-left_camera.jpg,query_253,caption_failed,empty caption from provider,6,inserted_degraded,empty caption from provider
sage/imagesampler-bottom/sage-imagesampler-bottom-0.3.0/000048b02d3ae336/1688679011034776258-sample.jpg,query_253,caption_failed,empty caption from provider,6,inserted_degraded,empty caption from provider
sage/imagesampler-left-2668/sage-imagesampler-left-0.3.5/000048b02d3b1303/1769015120866417261-left_camera.jpg,query_253,caption_failed,empty caption from provider,6,inserted_degraded,empty caption from provider
sage/imagesampler-left-2668/sage-imagesampler-left-0.3.5/000048b02d3ae2f1/1742436316143629103-left_camera.jpg,query_254,caption_failed,empty caption from provider,6,inserted_degraded,empty caption from provider
sage/imagesampler-bottom-11/sage-imagesampler-bottom-0.3.0/000048b02d3af447/1721044812989798011-sample.jpg,query_253,caption_failed,empty caption from provider,6,inserted_degraded,empty caption from provider
sage/imagesampler-right-2668/sage-imagesampler-right-0.3.5/000048b02d3b1303/1749150911536162635-right_camera.jpg,query_253,caption_failed,empty caption from provider,6,inserted_degraded,empty caption from provider
sage/imagesampler-bottom-2628/sage-imagesampler-bottom-0.3.5/000048b02d3ae2e2/1749636007568161052-bottom_camera.jpg,query_254,caption_failed,empty caption from provider,6,inserted_degraded,empty caption from provider
sage/imagesampler-right-2668/sage-imagesampler-right-0.3.5/000048b02d3ae2eb/1754745370755390813-right_camera.jpg,query_254,caption_failed,empty caption from provider,6,inserted_degraded,empty caption from provider
sage/imagesampler-left-1813/sage-imagesampler-left-0.3.0/00002cea7f56acf2/1725371111698238403-sample.jpg,query_255,caption_failed,empty caption from provider,6,inserted_degraded,empty caption from provider
sage/sage/sage-imagesampler-bottom-0.3.0/000048b02d15c319/1713067217084147225-sample.jpg,query_254,caption_failed,empty caption from provider,6,inserted_degraded,empty caption from provider
sage/imagesampler-left-2668/sage-imagesampler-left-0.3.5/000048b02d3ae318/1749048310404342124-left_camera.jpg,query_254,caption_failed,empty caption from provider,6,inserted_degraded,empty caption from provider
sage/imagesampler-left/sage-imagesampler-left-0.3.0/000048b02d15bdd2/1694602813841859817-sample.jpg,query_254,caption_failed,empty caption from provider,6,inserted_degraded,empty caption from provider
sage/imagesampler-bottom-1156/sage-imagesampler-bottom-0.3.0/000048b02d3ae344/1714136414506939333-sample.jpg,query_255,caption_failed,empty caption from provider,6,inserted_degraded,empty caption from provider
sage/imagesampler-left-1813/sage-imagesampler-left-0.3.5/00002cea7f56acf2/1749047722174251017-left_camera.jpg,query_256,caption_failed,empty caption from provider,6,inserted_degraded,empty caption from provider
sage/imagesampler-left-2668/sage-imagesampler-left-0.3.5/000048b02d3b1303/1735563009201441046-left_camera.jpg,query_254,caption_failed,empty caption from provider,6,inserted_degraded,empty caption from provider
sage/sage/sage-imagesampler-left-1.22.4.13/000048b02d3ae2f4/1669115340767026352-3840x1080.jpg,query_254,caption_failed,empty caption from provider,6,inserted_degraded,empty caption from provider
sage/imagesampler-left-2668/sage-imagesampler-left-0.3.5/000048b02d3ae318/1745149810570081693-left_camera.jpg,query_255,caption_failed,empty caption from provider,6,inserted_degraded,empty caption from provider
sage/imagesampler-bottom-540/sage-imagesampler-bottom-0.3.4/000048b02d35a87e/1726894811005821874-sample.jpg,query_254,caption_failed,empty caption from provider,6,inserted_degraded,empty caption from provider
sage/imagesampler-bottom-1971/sage-imagesampler-bottom-0.3.0/000048b02dd3c427/1713067215153449473-sample.jpg,query_254,caption_failed,empty caption from provider,6,inserted_degraded,empty caption from provider
sage/imagesampler-left-2668/sage-imagesampler-left-0.3.5/000048b02d3ae318/1759750520956750776-left_camera.jpg,query_256,caption_failed,empty caption from provider,6,inserted_degraded,empty caption from provider
sage/imagesampler-right-2668/sage-imagesampler-right-0.3.5/000048b02d3ae318/1763745318543880981-right_camera.jpg,query_255,caption_failed,empty caption from provider,6,inserted_degraded,empty caption from provider
sage/imagesampler-left-2668/sage-imagesampler-left-0.3.5/000048b02d3b1303/1747306519845100646-left_camera.jpg,query_255,caption_failed,empty caption from provider,6,inserted_degraded,empty caption from provider
sage/imagesampler-left-2668/sage-imagesampler-left-0.3.5/000048b02d3b1303/1744754714769270046-left_camera.jpg,query_255,caption_failed,empty caption from provider,6,inserted_degraded,empty caption from provider
sage/imagesampler-right-18/sage-imagesampler-right-0.3.0/000048b02d3ae2f1/1726819212812100298-sample.jpg,query_256,caption_failed,empty caption from provider,6,inserted_degraded,empty caption from provider
sage/sage/sage-imagesampler-bottom-0.2.5/000048b02d05a1c7/1662223314895447828-sample.jpg,query_255,caption_failed,empty caption from provider,6,inserted_degraded,empty caption from provider
sage/imagesampler-left-2668/sage-imagesampler-left-0.3.5/000048b02d3ae221/1764783928389320054-left_camera.jpg,query_256,caption_failed,empty caption from provider,6,inserted_degraded,empty caption from provider
sage/imagesampler-right-2668/sage-imagesampler-right-0.3.5/000048b02d3ae27c/1735561809250970468-right_camera.jpg,query_256,caption_failed,empty caption from provider,6,inserted_degraded,empty caption from provider
sage/imagesampler-bottom-2681/sage-imagesampler-bottom-0.3.7/000048b02d3ae30a/1743470407450906714-sample.jpg,query_256,caption_failed,empty caption from provider,6,inserted_degraded,empty caption from provider
sage/imagesampler-left-1738/sage-imagesampler-left-0.3.4/000048b02d15bc6d/1727024406819131146-sample.jpg,query_251,caption_failed,empty caption from provider,6,inserted_degraded,empty caption from provider
sage/sage/sage-imagesampler-bottom-0.2.5/000048b02d05a1c7/1666805304779137297-sample.jpg,query_256,caption_failed,empty caption from provider,6,inserted_degraded,empty caption from provider
sage/imagesampler-right-2668/sage-imagesampler-right-0.3.5/000048b02d3ae328/1751297111030184181-right_camera.jpg,query_256,caption_failed,empty caption from provider,6,inserted_degraded,empty caption from provider
sage/sage/sage-imagesampler-left-0.2.5/000048b02d15bc73/1724012187138551263-sample.jpg,query_255,caption_failed,empty caption from provider,6,inserted_degraded,empty caption from provider
sage/imagesampler-left-2668/sage-imagesampler-left-0.3.5/000048b02d3ae27c/1767551112420452293-left_camera.jpg,query_256,caption_failed,empty caption from provider,6,inserted_degraded,empty caption from provider
sage/imagesampler-left-2668/sage-imagesampler-left-0.3.5/000048b02d3ae25f/1763744453539264354-left_camera.jpg,query_256,caption_failed,empty caption from provider,6,inserted_degraded,empty caption from provider
sage/imagesampler-left-1813/sage-imagesampler-left-0.3.5/00002cea7f56acf2/1749151512081275166-left_camera.jpg,query_257,caption_failed,empty caption from provider,6,inserted_degraded,empty caption from provider
sage/imagesampler-bottom-1274/sage-imagesampler-bottom-0.3.5/00004cd98fb56d33/1757293205912040727-sample.jpg,query_256,caption_failed,empty caption from provider,6,inserted_degraded,empty caption from provider
sage/imagesampler-bottom-2726/sage-imagesampler-bottom-0.3.7/000048b02dd3c427/1742434685363349082-sample.jpg,query_257,caption_failed,empty caption from provider,6,inserted_degraded,empty caption from provider
sage/imagesampler-left-1813/sage-imagesampler-left-0.3.0/00002cea7f56acf2/1725370511841679957-sample.jpg,query_257,caption_failed,empty caption from provider,6,inserted_degraded,empty caption from provider
sage/imagesampler-bottom/sage-imagesampler-bottom-0.3.0/000048b02d15bdaa/1670472020470499203-sample.jpg,query_256,caption_failed,empty caption from provider,6,inserted_degraded,empty caption from provider
sage/imagesampler-bottom-2865/sage-imagesampler-bottom-0.3.7/000048b02d3af460/1760742012535310189-sample.jpg,query_258,caption_failed,empty caption from provider,6,inserted_degraded,empty caption from provider
sage/imagesampler-bottom/sage-imagesampler-bottom-0.3.0/000048b02d3ae336/1684519822307319705-sample.jpg,query_256,caption_failed,empty caption from provider,6,inserted_degraded,empty caption from provider
sage/imagesampler-bottom-577/sage-imagesampler-bottom-0.3.0/000048b02d35a9ce/1707235208995042247-sample.jpg,query_256,caption_failed,empty caption from provider,6,inserted_degraded,empty caption from provider
sage/imagesampler-left-2668/sage-imagesampler-left-0.3.5/000048b02d3ae328/1738857624144848255-left_camera.jpg,query_257,caption_failed,empty caption from provider,6,inserted_degraded,empty caption from provider
sage/imagesampler-right-2668/sage-imagesampler-right-0.3.5/000048b02d3ae2eb/1738938611920410965-right_camera.jpg,query_256,caption_failed,empty caption from provider,6,inserted_degraded,empty caption from provider
sage/imagesampler-left-2668/sage-imagesampler-left-0.3.5/000048b02d3ae2eb/1739843722182303020-left_camera.jpg,query_257,caption_failed,empty caption from provider,6,inserted_degraded,empty caption from provider
sage/imagesampler-right-2668/sage-imagesampler-right-0.3.5/000048b02d3ae328/1734699007020397787-right_camera.jpg,query_257,caption_failed,empty caption from provider,6,inserted_degraded,empty caption from provider
sage/imagesampler-left-2668/sage-imagesampler-left-0.3.5/000048b02d3ae221/1751297120519848147-left_camera.jpg,query_257,caption_failed,empty caption from provider,6,inserted_degraded,empty caption from provider
sage/imagesampler-left-2668/sage-imagesampler-left-0.3.5/000048b02d3ae32e/1735126808190856971-left_camera.jpg,query_258,caption_failed,empty caption from provider,6,inserted_degraded,empty caption from provider
sage/imagesampler-right-2668/sage-imagesampler-right-0.3.5/000048b02d3ae318/1764785109427439573-right_camera.jpg,query_257,caption_failed,empty caption from provider,6,inserted_degraded,empty caption from provider
sage/imagesampler-right-2668/sage-imagesampler-right-0.3.5/000048b02d3ae25f/1761500125986300816-right_camera.jpg,query_258,caption_failed,empty caption from provider,6,inserted_degraded,empty caption from provider
sage/imagesampler-left-2668/sage-imagesampler-left-0.3.5/000048b02d3ae221/1764784538302594534-left_camera.jpg,query_257,caption_failed,empty caption from provider,6,inserted_degraded,empty caption from provider
sage/imagesampler-right-2668/sage-imagesampler-right-0.3.5/000048b02d3ae32e/1734698706587090501-right_camera.jpg,query_258,caption_failed,empty caption from provider,6,inserted_degraded,empty caption from provider
sage/imagesampler-left-2668/sage-imagesampler-left-0.3.5/000048b02d3ae2eb/1764783638832220965-left_camera.jpg,query_258,caption_failed,empty caption from provider,6,inserted_degraded,empty caption from provider
sage/imagesampler-left-2668/sage-imagesampler-left-0.3.5/000048b02d3ae27c/1754745332456423190-left_camera.jpg,query_258,caption_failed,empty caption from provider,6,inserted_degraded,empty caption from provider
sage/imagesampler-bottom-2705/sage-imagesampler-bottom-0.3.7/000048b02d3ae2f2/1755795610995838661-sample.jpg,query_258,caption_failed,empty caption from provider,6,inserted_degraded,empty caption from provider
sage/sage/sage-imagesampler-bottom-0.2.5/000048b02d15bda5/1662224200503778452-sample.jpg,query_258,caption_failed,empty caption from provider,6,inserted_degraded,empty caption from provider
sage/imagesampler-right-2668/sage-imagesampler-right-0.3.5/000048b02d3b1303/1749150911536162635-right_camera.jpg,query_258,caption_failed,empty caption from provider,6,inserted_degraded,empty caption from provider
sage/imagesampler-right-2668/sage-imagesampler-right-0.3.5/000048b02d3ae25f/1744754715639736108-right_camera.jpg,query_258,caption_failed,empty caption from provider,6,inserted_degraded,empty caption from provider
sage/imagesampler-mobotix-2727/sage-imagesampler-mobotix-0.3.7/000048b02dd3c427/1765199644234333396-sample.jpg,query_257,caption_failed,empty caption from provider,6,inserted_degraded,empty caption from provider
sage/imagesampler-left-2668/sage-imagesampler-left-0.3.5/000048b02d3ae318/1764783609418278465-left_camera.jpg,query_259,caption_failed,empty caption from provider,6,inserted_degraded,empty caption from provider
sage/imagesampler-right-2668/sage-imagesampler-right-0.3.5/000048b02d3b1303/1737352209529339304-right_camera.jpg,query_258,caption_failed,empty caption from provider,6,inserted_degraded,empty caption from provider
sage/imagesampler-left-2668/sage-imagesampler-left-0.3.5/000048b02d3b1303/1737353109383560406-left_camera.jpg,query_260,caption_failed,empty caption from provider,6,inserted_degraded,empty caption from provider
sage/imagesampler-bottom-11/sage-imagesampler-bottom-0.3.5/000048b02d15bc65/1741258821826241113-bottom_camera.jpg,query_259,caption_failed,empty caption from provider,6,inserted_degraded,empty caption from provider
sage/sage/sage-imagesampler-bottom-0.2.5/000048b02d15bc73/1660172832320462708-sample.jpg,query_258,caption_failed,empty caption from provider,6,inserted_degraded,empty caption from provider
sage/imagesampler-left-2668/sage-imagesampler-left-0.3.5/000048b02d3ae318/1744755906815145646-left_camera.jpg,query_260,caption_failed,empty caption from provider,6,inserted_degraded,empty caption from provider
sage/imagesampler-left-2668/sage-imagesampler-left-0.3.5/000048b02d3b12e3/1744117819887366992-left_camera.jpg,query_259,caption_failed,empty caption from provider,6,inserted_degraded,empty caption from provider
sage/imagesampler-left-2668/sage-imagesampler-left-0.3.5/000048b02d3ae318/1747306508637250504-left_camera.jpg,query_260,caption_failed,empty caption from provider,6,inserted_degraded,empty caption from provider
sage/imagesampler-bottom-2588/sage-imagesampler-bottom-0.3.5/000048b02d3ae2db/1732302083498927633-bottom_camera.jpg,query_259,caption_failed,empty caption from provider,6,inserted_degraded,empty caption from provider
sage/imagesampler-left-2668/sage-imagesampler-left-0.3.5/000048b02d3ae318/1747307107994891198-left_camera.jpg,query_260,caption_failed,empty caption from provider,6,inserted_degraded,empty caption from provider
sage/imagesampler-bottom-1156/sage-imagesampler-bottom-0.3.0/000048b02d35a9b5/1714136406017792308-sample.jpg,query_259,caption_failed,empty caption from provider,6,inserted_degraded,empty caption from provider
sage/sage/sage-imagesampler-bottom-0.2.5/000048b02d05a1c7/1655968556079972517-sample.jpg,query_260,caption_failed,empty caption from provider,6,inserted_degraded,empty caption from provider
sage/imagesampler-mobotix-2727/sage-imagesampler-mobotix-0.3.7/000048b02dd3c427/1763556011461079969-sample.jpg,query_256,caption_failed,empty caption from provider,6,inserted_degraded,empty caption from provider
sage/imagesampler-left-2668/sage-imagesampler-left-0.3.5/000048b02d3ae2f1/1744118117312639631-left_camera.jpg,query_260,caption_failed,empty caption from provider,6,inserted_degraded,empty caption from provider
sage/imagesampler-left-2668/sage-imagesampler-left-0.3.5/000048b02d3ae328/1735125905063482870-left_camera.jpg,query_260,caption_failed,empty caption from provider,6,inserted_degraded,empty caption from provider
sage/imagesampler-bottom-11/sage-imagesampler-bottom-0.3.5/000048b02d3ae33b/1739844021543488863-bottom_camera.jpg,query_260,caption_failed,empty caption from provider,6,inserted_degraded,empty caption from provider
sage/imagesampler-mobotix-2816/sage-imagesampler-mobotix-0.3.7/000048b02d3ae31e/1742436010000661932-sample.jpg,query_259,caption_failed,empty caption from provider,6,inserted_degraded,empty caption from provider
sage/imagesampler-left-2668/sage-imagesampler-left-0.3.5/000048b02d3ae25f/1763744724684315556-left_camera.jpg,query_260,caption_failed,empty caption from provider,6,inserted_degraded,empty caption from provider
sage/imagesampler-left-2668/sage-imagesampler-left-0.3.5/000048b02d3ae221/1766712617098165912-left_camera.jpg,query_260,caption_failed,empty caption from provider,6,inserted_degraded,empty caption from provider
sage/imagesampler-left/sage-imagesampler-left-0.3.4/00004cd98fb56d33/1692638968854282114-sample.jpg,query_261,caption_failed,empty caption from provider,6,inserted_degraded,empty caption from provider
sage/imagesampler-bottom-1731/sage-imagesampler-bottom-0.3.5/000048b02dd3c42b/1749326413617788272-bottom_camera.jpg,query_261,caption_failed,empty caption from provider,6,inserted_degraded,empty caption from provider
sage/imagesampler-mobotix-2727/sage-imagesampler-mobotix-0.3.7/000048b02dd3c427/1761499813133326205-sample.jpg,query_261,caption_failed,empty caption from provider,6,inserted_degraded,empty caption from provider
sage/imagesampler-bottom-540/sage-imagesampler-bottom-0.3.5/000048b02d35a87e/1763744410548984104-bottom_camera.jpg,query_261,caption_failed,empty caption from provider,6,inserted_degraded,empty caption from provider
sage/imagesampler-left-2668/sage-imagesampler-left-0.3.5/000048b02d3ae27c/1737352211388848449-left_camera.jpg,query_261,caption_failed,empty caption from provider,6,inserted_degraded,empty caption from provider
sage/imagesampler-right-1274/sage-imagesampler-right-0.3.5/00004cd98fb56d33/1752948005577244613-sample.jpg,query_260,caption_failed,empty caption from provider,6,inserted_degraded,empty caption from provider
sage/imagesampler-left-2668/sage-imagesampler-left-0.3.5/000048b02d3ae25f/1766712310160846158-left_camera.jpg,query_262,caption_failed,empty caption from provider,6,inserted_degraded,empty caption from provider
sage/imagesampler-left-2668/sage-imagesampler-left-0.3.5/000048b02d3ae32e/1735125607751860598-left_camera.jpg,query_262,caption_failed,empty caption from provider,6,inserted_degraded,empty caption from provider
sage/imagesampler-left-2668/sage-imagesampler-left-0.3.5/000048b02d3b1303/1752949214325160273-left_camera.jpg,query_261,caption_failed,empty caption from provider,6,inserted_degraded,empty caption from provider
sage/imagesampler-left-18/sage-imagesampler-left-0.3.5/000048b02d3b12ed/1732492816671440528-left_camera.jpg,query_262,caption_failed,empty caption from provider,6,inserted_degraded,empty caption from provider
sage/imagesampler-left-2668/sage-imagesampler-left-0.3.5/000048b02d3b1304/1744117816266195305-left_camera.jpg,query_262,caption_failed,empty caption from provider,6,inserted_degraded,empty caption from provider
sage/imagesampler-left-2668/sage-imagesampler-left-0.3.5/000048b02d3ae32e/1735126507280228663-left_camera.jpg,query_263,caption_failed,empty caption from provider,6,inserted_degraded,empty caption from provider
sage/imagesampler-right-2668/sage-imagesampler-right-0.3.5/000048b02d3ae328/1745148632639349117-right_camera.jpg,query_260,caption_failed,empty caption from provider,6,inserted_degraded,empty caption from provider
sage/imagesampler-bottom-2631/sage-imagesampler-bottom-0.3.5/000048b02d35a9ce/1749326443160053283-bottom_camera.jpg,query_263,caption_failed,empty caption from provider,6,inserted_degraded,empty caption from provider
sage/sage/sage-imagesampler-left-0.2.5/000048b02d15bc73/1683231499723437745-sample.jpg,query_261,caption_failed,empty caption from provider,6,inserted_degraded,empty caption from provider
sage/imagesampler-left-2668/sage-imagesampler-left-0.3.5/000048b02d3b12e3/1745148313497293842-left_camera.jpg,query_262,caption_failed,empty caption from provider,6,inserted_degraded,empty caption from provider
sage/imagesampler-left-2668/sage-imagesampler-left-0.3.5/000048b02d3ae328/1749636612070741789-left_camera.jpg,query_262,caption_failed,empty caption from provider,6,inserted_degraded,empty caption from provider
sage/imagesampler-right-2668/sage-imagesampler-right-0.3.5/000048b02d3ae328/1738857924215461476-right_camera.jpg,query_263,caption_failed,empty caption from provider,6,inserted_degraded,empty caption from provider
sage/sage/sage-imagesampler-bottom-0.2.5/000048b02d15bc77/1653197977727595692-sample.jpg,query_263,caption_failed,empty caption from provider,6,inserted_degraded,empty caption from provider
sage/imagesampler-bottom/sage-imagesampler-bottom-0.3.0/000048b02d3ae336/1688679011034776258-sample.jpg,query_263,caption_failed,empty caption from provider,6,inserted_degraded,empty caption from provider
sage/sage/sage-imagesampler-bottom-0.2.5/000048b02d15bc77/1654753495440519983-sample.jpg,query_263,caption_failed,empty caption from provider,6,inserted_degraded,empty caption from provider
sage/imagesampler-bottom-2681/sage-imagesampler-bottom-0.3.7/000048b02d3ae30a/1743471006882880903-sample.jpg,query_263,caption_failed,empty caption from provider,6,inserted_degraded,empty caption from provider
sage/imagesampler-bottom-2865/sage-imagesampler-bottom-0.3.7/000048b02d3af460/1757671211214106937-sample.jpg,query_263,caption_failed,empty caption from provider,6,inserted_degraded,empty caption from provider
sage/imagesampler-bottom-1731/sage-imagesampler-bottom-0.3.5/000048b02d3b1313/1749326406051045916-bottom_camera.jpg,query_264,caption_failed,empty caption from provider,6,inserted_degraded,empty caption from provider
sage/imagesampler-left-1813/sage-imagesampler-left-0.3.5/00002cea7f56acf2/1749046811886653563-left_camera.jpg,query_264,caption_failed,empty caption from provider,6,inserted_degraded,empty caption from provider
sage/imagesampler-right-1274/sage-imagesampler-right-0.3.5/00004cd98fb56d33/1747306808153920219-sample.jpg,query_263,caption_failed,empty caption from provider,6,inserted_degraded,empty caption from provider
sage/imagesampler-bottom/sage-imagesampler-bottom-0.3.0/000048b02d3af4a3/1676260815501023151-sample.jpg,query_264,caption_failed,empty caption from provider,6,inserted_degraded,empty caption from provider
sage/sage/sage-imagesampler-bottom-0.2.5/000048b02d05a1c2/1678292014505817488-sample.jpg,query_264,caption_failed,empty caption from provider,6,inserted_degraded,empty caption from provider
sage/imagesampler-right-2668/sage-imagesampler-right-0.3.5/000048b02d3ae2eb/1743470441722212367-right_camera.jpg,query_264,caption_failed,empty caption from provider,6,inserted_degraded,empty caption from provider
sage/imagesampler-left-2668/sage-imagesampler-left-0.3.5/000048b02d3ae25f/1769014811883146508-left_camera.jpg,query_264,caption_failed,empty caption from provider,6,inserted_degraded,empty caption from provider
sage/imagesampler-left-1739/sage-imagesampler-left-0.3.4/000048b02d3ae27a/1714136412145693983-sample.jpg,query_261,caption_failed,empty caption from provider,6,inserted_degraded,empty caption from provider
sage/imagesampler-mobotix-2727/sage-imagesampler-mobotix-0.3.7/000048b02dd3c427/1749636011422629703-sample.jpg,query_263,caption_failed,empty caption from provider,6,inserted_degraded,empty caption from provider
sage/imagesampler-right-2668/sage-imagesampler-right-0.3.5/000048b02d3ae27c/1739844015500016932-right_camera.jpg,query_264,caption_failed,empty caption from provider,6,inserted_degraded,empty caption from provider
sage/sage/sage-imagesampler-bottom-0.2.5/000048b02d15c31f/1691988480369715194-sample.jpg,query_265,caption_failed,empty caption from provider,6,inserted_degraded,empty caption from provider
sage/imagesampler-right/sage-imagesampler-right-0.3.0/000048b02d15bdc2/1670954413446673162-sample.jpg,query_263,caption_failed,empty caption from provider,6,inserted_degraded,empty caption from provider
sage/imagesampler-bottom-2726/sage-imagesampler-bottom-0.3.7/000048b02dd3c427/1739844132546337489-sample.jpg,query_265,caption_failed,empty caption from provider,6,inserted_degraded,empty caption from provider
sage/sage/sage-imagesampler-bottom-0.2.5/000048b02d05a1c2/1655967935762944512-sample.jpg,query_265,caption_failed,empty caption from provider,6,inserted_degraded,empty caption from provider
sage/imagesampler-left-2668/sage-imagesampler-left-0.3.5/000048b02d3b1303/1759839316647295013-left_camera.jpg,query_265,caption_failed,empty caption from provider,6,inserted_degraded,empty caption from provider
sage/imagesampler-left-2668/sage-imagesampler-left-0.3.5/000048b02d3ae328/1738858514030655845-left_camera.jpg,query_264,caption_failed,empty caption from provider,6,inserted_degraded,empty caption from provider
sage/imagesampler-left-2316/sage-imagesampler-left-0.3.4/000048b02d3ae337/1728968412513154825-sample.jpg,query_259,caption_failed,empty caption from provider,6,inserted_degraded,empty caption from provider
sage/imagesampler-left-2668/sage-imagesampler-left-0.3.5/000048b02d3b1303/1760742912686252662-left_camera.jpg,query_260,caption_failed,empty caption from provider,6,inserted_degraded,empty caption from provider
sage/sage/sage-imagesampler-bottom-0.2.5/000048b02d15c31f/1687160549436101967-sample.jpg,query_265,caption_failed,empty caption from provider,6,inserted_degraded,empty caption from provider
sage/imagesampler-mobotix-1813/sage-imagesampler-mobotix-0.3.7/00002cea7f56acf2/1757670911048329807-sample.jpg,query_263,caption_failed,empty caption from provider,6,inserted_degraded,empty caption from provider
sage/imagesampler-bottom-1156/sage-imagesampler-bottom-0.3.0/000048b02d3af437/1714194013408256147-sample.jpg,query_266,caption_failed,empty caption from provider,6,inserted_degraded,empty caption from provider
sage/imagesampler-bottom/sage-imagesampler-bottom-0.3.0/000048b02d3ae2d8/1670954414281110650-sample.jpg,query_266,caption_failed,empty caption from provider,6,inserted_degraded,empty caption from provider
sage/imagesampler-bottom-11/sage-imagesampler-bottom-0.3.0/000048b02d3ae33d/1725210011284739269-sample.jpg,query_266,caption_failed,empty caption from provider,6,inserted_degraded,empty caption from provider
sage/imagesampler-bottom-1156/sage-imagesampler-bottom-0.3.0/000048b02d3ae260/1708002008981869169-sample.jpg,query_265,caption_failed,empty caption from provider,6,inserted_degraded,empty caption from provider
sage/imagesampler-bottom-1156/sage-imagesampler-bottom-0.3.0/000048b02d35a980/1702659611312426690-sample.jpg,query_266,caption_failed,empty caption from provider,6,inserted_degraded,empty caption from provider
sage/imagesampler-bottom-446/sage-imagesampler-bottom-0.3.0/000048b02d35a9b2/1721044807187447004-sample.jpg,query_266,caption_failed,empty caption from provider,6,inserted_degraded,empty caption from provider
sage/imagesampler-bottom-1156/sage-imagesampler-bottom-0.3.0/000048b02d3ae260/1713337208935132558-sample.jpg,query_267,caption_failed,empty caption from provider,6,inserted_degraded,empty caption from provider
sage/imagesampler-right-2668/sage-imagesampler-right-0.3.5/000048b02d3ae27c/1749047119175981394-right_camera.jpg,query_267,caption_failed,empty caption from provider,6,inserted_degraded,empty caption from provider
sage/imagesampler-bottom-2726/sage-imagesampler-bottom-0.3.7/000048b02dd3c427/1742435885586645523-sample.jpg,query_267,caption_failed,empty caption from provider,6,inserted_degraded,empty caption from provider
sage/imagesampler-left-2668/sage-imagesampler-left-0.3.5/000048b02d3ae318/1734699018598833156-left_camera.jpg,query_267,caption_failed,empty caption from provider,6,inserted_degraded,empty caption from provider
sage/imagesampler-bottom/sage-imagesampler-bottom-0.3.0/000048b02d15bc73/1694602829038269618-sample.jpg,query_267,caption_failed,empty caption from provider,6,inserted_degraded,empty caption from provider
sage/imagesampler-mobotix-2727/sage-imagesampler-mobotix-0.3.7/000048b02dd3c427/1766712133024111731-sample.jpg,query_267,caption_failed,empty caption from provider,6,inserted_degraded,empty caption from provider
sage/imagesampler-right-2668/sage-imagesampler-right-0.3.5/000048b02d3ae318/1754744437478741479-right_camera.jpg,query_267,caption_failed,empty caption from provider,6,inserted_degraded,empty caption from provider
sage/imagesampler-left-2668/sage-imagesampler-left-0.3.5/000048b02d3b1303/1767486337352602133-left_camera.jpg,query_266,caption_failed,empty caption from provider,6,inserted_degraded,empty caption from provider
sage/imagesampler-left-2668/sage-imagesampler-left-0.3.5/000048b02d3ae318/1758620121261722736-left_camera.jpg,query_267,caption_failed,empty caption from provider,6,inserted_degraded,empty caption from provider
sage/imagesampler-left-2668/sage-imagesampler-left-0.3.5/000048b02d3b12e3/1737729607904821244-left_camera.jpg,query_267,caption_failed,empty caption from provider,6,inserted_degraded,empty caption from provider
coco/data/000000018702.jpg,query_252,hard_fail,process_item returned None,6,abandoned,process_item returned None
sage/imagesampler-mobotix-1813/sage-imagesampler-mobotix-0.3.7/00002cea7f56acf2/1755794110936555890-sample.jpg,query_265,caption_failed,empty caption from provider,6,inserted_degraded,empty caption from provider
sage/sage/sage-imagesampler-left-0.2.5/000048b02d15bdc2/1694097231048384537-sample.jpg,query_267,caption_failed,empty caption from provider,6,inserted_degraded,empty caption from provider
sage/imagesampler-left-2668/sage-imagesampler-left-0.3.5/000048b02d3ae25f/1741259409351363526-left_camera.jpg,query_267,caption_failed,empty caption from provider,6,inserted_degraded,empty caption from provider
sage/imagesampler-left-2668/sage-imagesampler-left-0.3.5/000048b02d3ae25f/1744156217728381435-left_camera.jpg,query_267,caption_failed,empty caption from provider,6,inserted_degraded,empty caption from provider
sage/imagesampler-right-2668/sage-imagesampler-right-0.3.5/000048b02d3b1303/1767550813291401935-right_camera.jpg,query_267,caption_failed,empty caption from provider,6,inserted_degraded,empty caption from provider
sage/imagesampler-bottom-12/sage-imagesampler-bottom-0.3.0/000048b02d15bdcd/1701288012396293560-sample.jpg,query_268,caption_failed,empty caption from provider,6,inserted_degraded,empty caption from provider
sage/imagesampler-right-1739/sage-imagesampler-right-0.3.6/000048b02d3ae27a/1763744410245064897-sample.jpg,query_269,caption_failed,empty caption from provider,6,inserted_degraded,empty caption from provider
sage/sage/sage-imagesampler-bottom-0.2.5/000048b02d15bc73/1644558165556990673-sample.jpg,query_267,caption_failed,empty caption from provider,6,inserted_degraded,empty caption from provider
sage/imagesampler-left-2668/sage-imagesampler-left-0.3.5/000048b02d3ae318/1766712310005393815-left_camera.jpg,query_268,caption_failed,empty caption from provider,6,inserted_degraded,empty caption from provider
sage/sage/sage-imagesampler-bottom-0.2.5/000048b02d05a1c7/1674739680405813771-sample.jpg,query_267,caption_failed,empty caption from provider,6,inserted_degraded,empty caption from provider
sage/imagesampler-left-2668/sage-imagesampler-left-0.3.5/000048b02d3ae27c/1738857014337843720-left_camera.jpg,query_268,caption_failed,empty caption from provider,6,inserted_degraded,empty caption from provider
sage/imagesampler-bottom/sage-imagesampler-bottom-0.3.0/000048b02d3ae336/1678290919116026460-sample.jpg,query_268,caption_failed,empty caption from provider,6,inserted_degraded,empty caption from provider
sage/imagesampler-right-2668/sage-imagesampler-right-0.3.5/000048b02d3ae2eb/1735192808753880536-right_camera.jpg,query_268,caption_failed,empty caption from provider,6,inserted_degraded,empty caption from provider
sage/imagesampler-mobotix-1813/sage-imagesampler-mobotix-0.3.7/00002cea7f56acf2/1754744711408418444-sample.jpg,query_268,caption_failed,empty caption from provider,6,inserted_degraded,empty caption from provider
sage/imagesampler-right-2668/sage-imagesampler-right-0.3.5/000048b02d3ae221/1767551135101951808-right_camera.jpg,query_270,caption_failed,empty caption from provider,6,inserted_degraded,empty caption from provider
sage/imagesampler-bottom-4635/sage-imagesampler-bottom-0.3.5/000048b02d3af49f/1754744413454489055-bottom_camera.jpg,query_270,caption_failed,empty caption from provider,6,inserted_degraded,empty caption from provider
sage/imagesampler-mobotix-1813/sage-imagesampler-mobotix-0.3.7/00002cea7f56acf2/1757672411039202539-sample.jpg,query_266,caption_failed,empty caption from provider,6,inserted_degraded,empty caption from provider
sage/imagesampler-bottom-366/sage-imagesampler-bottom-0.3.0/000048b02d3ae31e/1721798109966720379-sample.jpg,query_268,caption_failed,empty caption from provider,6,inserted_degraded,empty caption from provider
sage/imagesampler-right-2668/sage-imagesampler-right-0.3.5/000048b02d3ae2eb/1738858522004114217-right_camera.jpg,query_269,caption_failed,empty caption from provider,6,inserted_degraded,empty caption from provider
sage/imagesampler-left-2668/sage-imagesampler-left-0.3.5/000048b02d3b1304/1738939809411634909-left_camera.jpg,query_270,caption_failed,empty caption from provider,6,inserted_degraded,empty caption from provider
sage/imagesampler-bottom-2726/sage-imagesampler-bottom-0.3.7/000048b02dd3c427/1740986526011662865-sample.jpg,query_270,caption_failed,empty caption from provider,6,inserted_degraded,empty caption from provider
sage/sage/sage-imagesampler-left-0.2.5/000048b02d05a0a4/1678290943529982999-sample.jpg,query_272,caption_failed,empty caption from provider,6,inserted_degraded,empty caption from provider
sage/sage/sage-imagesampler-bottom-0.2.5/000048b02d05a1c2/1676259932411895860-sample.jpg,query_270,caption_failed,empty caption from provider,6,inserted_degraded,empty caption from provider
sage/imagesampler-bottom-10/sage-imagesampler-bottom-0.3.5/000048b02d15bc87/1763744412445810893-bottom_camera.jpg,query_269,caption_failed,empty caption from provider,6,inserted_degraded,empty caption from provider
sage/imagesampler-bottom/sage-imagesampler-bottom-0.3.0/000048b02d15bc73/1678334429256971780-sample.jpg,query_272,caption_failed,empty caption from provider,6,inserted_degraded,empty caption from provider
sage/imagesampler-left-2668/sage-imagesampler-left-0.3.5/000048b02d3ae318/1769014543556146096-left_camera.jpg,query_272,caption_failed,empty caption from provider,6,inserted_degraded,empty caption from provider
sage/imagesampler-right-2668/sage-imagesampler-right-0.3.5/000048b02d3ae27c/1757670722062211898-right_camera.jpg,query_272,caption_failed,empty caption from provider,6,inserted_degraded,empty caption from provider
sage/imagesampler-right-2668/sage-imagesampler-right-0.3.5/000048b02d3b12e3/1749046814660077678-right_camera.jpg,query_270,caption_failed,empty caption from provider,6,inserted_degraded,empty caption from provider
sage/imagesampler-bottom-446/sage-imagesampler-bottom-0.3.0/000048b02d35a9b2/1721044807187447004-sample.jpg,query_272,caption_failed,empty caption from provider,6,inserted_degraded,empty caption from provider
sage/imagesampler-bottom-1156/sage-imagesampler-bottom-0.3.0/000048b02d35a9ed/1702659613065804444-sample.jpg,query_272,caption_failed,empty caption from provider,6,inserted_degraded,empty caption from provider
sage/sage/sage-imagesampler-bottom-0.2.5/000048b02d05a1c2/1676259932411895860-sample.jpg,query_272,caption_failed,empty caption from provider,6,inserted_degraded,empty caption from provider
sage/imagesampler-left-2668/sage-imagesampler-left-0.3.5/000048b02d3b1303/1738858209921246203-left_camera.jpg,query_272,caption_failed,empty caption from provider,6,inserted_degraded,empty caption from provider
sage/imagesampler-right-2668/sage-imagesampler-right-0.3.5/000048b02d3ae2eb/1738938611920410965-right_camera.jpg,query_273,caption_failed,empty caption from provider,6,inserted_degraded,empty caption from provider
sage/imagesampler-left-2668/sage-imagesampler-left-0.3.5/000048b02d3ae27c/1751296847221028764-left_camera.jpg,query_272,caption_failed,empty caption from provider,6,inserted_degraded,empty caption from provider
sage/imagesampler-left-15/sage-imagesampler-left-0.3.5/000048b02d3ae320/1744117212385594050-left_camera.jpg,query_272,caption_failed,empty caption from provider,6,inserted_degraded,empty caption from provider
sage/imagesampler-bottom-12/sage-imagesampler-bottom-0.3.0/000048b02d15bdcd/1701288012396293560-sample.jpg,query_273,caption_failed,empty caption from provider,6,inserted_degraded,empty caption from provider
sage/imagesampler-bottom-2632/sage-imagesampler-bottom-0.3.5/000048b02d35a9b2/1744117231144334787-bottom_camera.jpg,query_273,caption_failed,empty caption from provider,6,inserted_degraded,empty caption from provider
sage/imagesampler-mobotix-2727/sage-imagesampler-mobotix-0.3.7/000048b02dd3c427/1765199574560298607-sample.jpg,query_268,caption_failed,empty caption from provider,6,inserted_degraded,empty caption from provider
sage/imagesampler-left-2668/sage-imagesampler-left-0.3.5/000048b02d3ae25f/1766712616217693511-left_camera.jpg,query_272,caption_failed,empty caption from provider,6,inserted_degraded,empty caption from provider
sage/imagesampler-right-2668/sage-imagesampler-right-0.3.5/000048b02d3ae2eb/1761500718902968822-right_camera.jpg,query_270,caption_failed,empty caption from provider,6,inserted_degraded,empty caption from provider
sage/imagesampler-bottom/sage-imagesampler-bottom-0.3.0/000048b02d0766be/1694602814242128438-sample.jpg,query_273,caption_failed,empty caption from provider,6,inserted_degraded,empty caption from provider
sage/imagesampler-bottom/sage-imagesampler-bottom-0.3.0/000048b02d3ae33d/1671739221401587689-sample.jpg,query_273,caption_failed,empty caption from provider,6,inserted_degraded,empty caption from provider
sage/imagesampler-right-2668/sage-imagesampler-right-0.3.5/000048b02d3ae2f1/1744155316161291741-right_camera.jpg,query_274,caption_failed,empty caption from provider,6,inserted_degraded,empty caption from provider
sage/imagesampler-right-18/sage-imagesampler-right-0.3.5/000048b02d3b1307/1735192812036654286-right_camera.jpg,query_273,caption_failed,empty caption from provider,6,inserted_degraded,empty caption from provider
sage/imagesampler-mobotix-2715/sage-imagesampler-mobotix-0.3.7/000048b02d3ae2db/1754744410676487782-sample.jpg,query_266,caption_failed,empty caption from provider,6,inserted_degraded,empty caption from provider
sage/imagesampler-left-1813/sage-imagesampler-left-0.3.0/00002cea7f56acf2/1724013021752703106-sample.jpg,query_276,caption_failed,empty caption from provider,6,inserted_degraded,empty caption from provider
sage/imagesampler-bottom-2851/sage-imagesampler-bottom-0.3.7/000048b02dd3c5b3/1752948012335366526-sample.jpg,query_275,caption_failed,empty caption from provider,6,inserted_degraded,empty caption from provider
sage/sage/sage-imagesampler-left-0.2.5/000048b02d15bdc2/1694097231048384537-sample.jpg,query_273,caption_failed,empty caption from provider,6,inserted_degraded,empty caption from provider
sage/imagesampler-right-2668/sage-imagesampler-right-0.3.5/000048b02d3ae27c/1757670722062211898-right_camera.jpg,query_274,caption_failed,empty caption from provider,6,inserted_degraded,empty caption from provider
sage/imagesampler-left-2668/sage-imagesampler-left-0.3.5/000048b02d3ae25f/1740987018934204846-left_camera.jpg,query_273,caption_failed,empty caption from provider,6,inserted_degraded,empty caption from provider
sage/sage/sage-imagesampler-bottom-0.2.5/000048b02d15bc77/1655713354637785533-sample.jpg,query_275,caption_failed,empty caption from provider,6,inserted_degraded,empty caption from provider
sage/sage/sage-imagesampler-left-0.2.5/000048b02d15bc73/1724012187138551263-sample.jpg,query_274,caption_failed,empty caption from provider,6,inserted_degraded,empty caption from provider
sage/imagesampler-bottom-13/sage-imagesampler-bottom-0.3.0/000048b02d3af4a3/1714194014726037998-sample.jpg,query_275,caption_failed,empty caption from provider,6,inserted_degraded,empty caption from provider
sage/imagesampler-right-2668/sage-imagesampler-right-0.3.5/000048b02d3ae318/1751296243782926751-right_camera.jpg,query_275,caption_failed,empty caption from provider,6,inserted_degraded,empty caption from provider
sage/imagesampler-right-2668/sage-imagesampler-right-0.3.5/000048b02d3ae2eb/1756571153163636756-right_camera.jpg,query_274,caption_failed,empty caption from provider,6,inserted_degraded,empty caption from provider
sage/imagesampler-left-2668/sage-imagesampler-left-0.3.5/000048b02d3ae2eb/1743471041116878095-left_camera.jpg,query_275,caption_failed,empty caption from provider,6,inserted_degraded,empty caption from provider
sage/sage/sage-imagesampler-bottom-0.2.5/000048b02d15bc77/1661509890162254063-sample.jpg,query_275,caption_failed,empty caption from provider,6,inserted_degraded,empty caption from provider
sage/imagesampler-bottom-1739/sage-imagesampler-bottom-0.3.5/000048b02d3ae27a/1744117214194137287-bottom_camera.jpg,query_275,caption_failed,empty caption from provider,6,inserted_degraded,empty caption from provider
sage/sage/sage-imagesampler-bottom-0.2.5/000048b02d05a1c2/1672223650608084856-sample.jpg,query_275,caption_failed,empty caption from provider,6,inserted_degraded,empty caption from provider
sage/imagesampler-right-2668/sage-imagesampler-right-0.3.5/000048b02d3ae221/1742841659206913512-right_camera.jpg,query_276,caption_failed,empty caption from provider,6,inserted_degraded,empty caption from provider
sage/imagesampler-bottom-11/sage-imagesampler-bottom-0.3.0/000048b02d3af41e/1714136452546056360-sample.jpg,query_276,caption_failed,empty caption from provider,6,inserted_degraded,empty caption from provider
sage/imagesampler-right-2668/sage-imagesampler-right-0.3.5/000048b02d3ae328/1737097810052414454-right_camera.jpg,query_277,caption_failed,empty caption from provider,6,inserted_degraded,empty caption from provider
sage/imagesampler-right-2668/sage-imagesampler-right-0.3.5/000048b02d3ae318/1745149807858607438-right_camera.jpg,query_276,caption_failed,empty caption from provider,6,inserted_degraded,empty caption from provider
coco/data/000000012345.jpg,query_259,hard_fail,process_item returned None,6,abandoned,process_item returned None
sage/imagesampler-left-2668/sage-imagesampler-left-0.3.5/000048b02d3ae32e/1737099010903338641-left_camera.jpg,query_277,caption_failed,empty caption from provider,6,inserted_degraded,empty caption from provider
sage/imagesampler-bottom-2316/sage-imagesampler-bottom-0.3.5/000048b02d3ae337/1739844016712105761-bottom_camera.jpg,query_275,caption_failed,empty caption from provider,6,inserted_degraded,empty caption from provider
sage/imagesampler-bottom-577/sage-imagesampler-bottom-0.3.0/000048b02d35a9ce/1708002014624147524-sample.jpg,query_276,caption_failed,empty caption from provider,6,inserted_degraded,empty caption from provider
sage/imagesampler-left-2668/sage-imagesampler-left-0.3.5/000048b02d3ae25f/1741257929565366064-left_camera.jpg,query_276,caption_failed,empty caption from provider,6,inserted_degraded,empty caption from provider
sage/imagesampler-right-2668/sage-imagesampler-right-0.3.5/000048b02d3b1304/1740525035125507225-right_camera.jpg,query_277,caption_failed,empty caption from provider,6,inserted_degraded,empty caption from provider
sage/imagesampler-mobotix-2727/sage-imagesampler-mobotix-0.3.7/000048b02dd3c427/1766711083150166501-sample.jpg,query_276,caption_failed,empty caption from provider,6,inserted_degraded,empty caption from provider
sage/imagesampler-bottom/sage-imagesampler-bottom-0.3.0/000048b02d3af4a3/1676260815501023151-sample.jpg,query_277,caption_failed,empty caption from provider,6,inserted_degraded,empty caption from provider
sage/imagesampler-right/sage-imagesampler-right-0.3.0/000048b02d15bdd2/1697302813046564136-sample.jpg,query_276,caption_failed,empty caption from provider,6,inserted_degraded,empty caption from provider
sage/imagesampler-bottom-1156/sage-imagesampler-bottom-0.3.0/000048b02d35a9b5/1714136406017792308-sample.jpg,query_274,caption_failed,empty caption from provider,6,inserted_degraded,empty caption from provider
sage/imagesampler-right-2668/sage-imagesampler-right-0.3.5/000048b02d3ae318/1763745318543880981-right_camera.jpg,query_277,caption_failed,empty caption from provider,6,inserted_degraded,empty caption from provider
sage/imagesampler-left-2668/sage-imagesampler-left-0.3.5/000048b02d3b1303/1751295922744708494-left_camera.jpg,query_277,caption_failed,empty caption from provider,6,inserted_degraded,empty caption from provider
sage/imagesampler-right-2668/sage-imagesampler-right-0.3.5/000048b02d3ae328/1740524738740421482-right_camera.jpg,query_278,caption_failed,empty caption from provider,6,inserted_degraded,empty caption from provider
sage/imagesampler-right-2668/sage-imagesampler-right-0.3.5/000048b02d3ae318/1735561232332304095-right_camera.jpg,query_277,caption_failed,empty caption from provider,6,inserted_degraded,empty caption from provider
sage/imagesampler-bottom-1156/sage-imagesampler-bottom-0.3.0/000048b02d3af487/1714136411934553935-sample.jpg,query_278,caption_failed,empty caption from provider,6,inserted_degraded,empty caption from provider
sage/imagesampler-bottom-11/sage-imagesampler-bottom-0.3.5/000048b02d3ae33b/1739844021543488863-bottom_camera.jpg,query_278,caption_failed,empty caption from provider,6,inserted_degraded,empty caption from provider
sage/imagesampler-right-2668/sage-imagesampler-right-0.3.5/000048b02d3ae32e/1735193407647334500-right_camera.jpg,query_278,caption_failed,empty caption from provider,6,inserted_degraded,empty caption from provider
sage/imagesampler-right-1274/sage-imagesampler-right-0.3.5/00004cd98fb56d33/1752948005577244613-sample.jpg,query_277,caption_failed,empty caption from provider,6,inserted_degraded,empty caption from provider
sage/imagesampler-bottom-1731/sage-imagesampler-bottom-0.3.0/000048b02dd3c51f/1713067210664537402-sample.jpg,query_278,caption_failed,empty caption from provider,6,inserted_degraded,empty caption from provider
sage/sage/sage-imagesampler-bottom-0.2.5/000048b02d15c31f/1688680361220779199-sample.jpg,query_278,caption_failed,empty caption from provider,6,inserted_degraded,empty caption from provider
sage/imagesampler-right-2668/sage-imagesampler-right-0.3.5/000048b02d3ae2eb/1756651547710716681-right_camera.jpg,query_278,caption_failed,empty caption from provider,6,inserted_degraded,empty caption from provider
sage/imagesampler-right-2668/sage-imagesampler-right-0.3.5/000048b02d3ae2eb/1749152129757159569-right_camera.jpg,query_278,caption_failed,empty caption from provider,6,inserted_degraded,empty caption from provider
sage/imagesampler-right-2668/sage-imagesampler-right-0.3.5/000048b02d3ae27c/1745149829394509128-right_camera.jpg,query_279,caption_failed,empty caption from provider,6,inserted_degraded,empty caption from provider
sage/imagesampler-left-2668/sage-imagesampler-left-0.3.5/000048b02d3b1303/1734699319119208661-left_camera.jpg,query_277,caption_failed,empty caption from provider,6,inserted_degraded,empty caption from provider
sage/imagesampler-left-2668/sage-imagesampler-left-0.3.5/000048b02d3ae2f1/1745149206448708632-left_camera.jpg,query_279,caption_failed,empty caption from provider,6,inserted_degraded,empty caption from provider
sage/imagesampler-left-1813/sage-imagesampler-left-0.3.5/00002cea7f56acf2/1732493109202621537-left_camera.jpg,query_280,caption_failed,empty caption from provider,6,inserted_degraded,empty caption from provider
sage/imagesampler-mobotix-2727/sage-imagesampler-mobotix-0.3.7/000048b02dd3c427/1765200274068102496-sample.jpg,query_277,caption_failed,empty caption from provider,6,inserted_degraded,empty caption from provider
sage/imagesampler-right-2668/sage-imagesampler-right-0.3.5/000048b02d3ae27c/1740525343798809843-right_camera.jpg,query_279,caption_failed,empty caption from provider,6,inserted_degraded,empty caption from provider
sage/imagesampler-left-486/sage-imagesampler-left-0.3.5/000048b02d3ae2f4/1733360406856992384-sample.jpg,query_279,caption_failed,empty caption from provider,6,inserted_degraded,empty caption from provider
sage/imagesampler-bottom-11/sage-imagesampler-bottom-0.3.5/000048b02d3af447/1735192809291665717-bottom_camera.jpg,query_280,caption_failed,empty caption from provider,6,inserted_degraded,empty caption from provider
sage/imagesampler-left-2668/sage-imagesampler-left-0.3.5/000048b02d3ae2f1/1739844314130366891-left_camera.jpg,query_280,caption_failed,empty caption from provider,6,inserted_degraded,empty caption from provider
sage/imagesampler-right-2668/sage-imagesampler-right-0.3.5/000048b02d3b1303/1747307706805643024-right_camera.jpg,query_280,caption_failed,empty caption from provider,6,inserted_degraded,empty caption from provider
sage/imagesampler-right-2668/sage-imagesampler-right-0.3.5/000048b02d3b12e3/1744755623091216761-right_camera.jpg,query_279,caption_failed,empty caption from provider,6,inserted_degraded,empty caption from provider
sage/imagesampler-bottom-11/sage-imagesampler-bottom-0.3.5/000048b02d3af41e/1763744408985973055-bottom_camera.jpg,query_280,caption_failed,empty caption from provider,6,inserted_degraded,empty caption from provider
sage/imagesampler-bottom-2726/sage-imagesampler-bottom-0.3.7/000048b02dd3c427/1740525965719558607-sample.jpg,query_279,caption_failed,empty caption from provider,6,inserted_degraded,empty caption from provider
sage/sage/sage-imagesampler-bottom-0.2.5/000048b02d05a1c7/1669533844790133070-sample.jpg,query_280,caption_failed,empty caption from provider,6,inserted_degraded,empty caption from provider
sage/imagesampler-right-2668/sage-imagesampler-right-0.3.5/000048b02d3ae318/1763555709416852801-right_camera.jpg,query_280,caption_failed,empty caption from provider,6,inserted_degraded,empty caption from provider
sage/imagesampler-right-2668/sage-imagesampler-right-0.3.5/000048b02d3b1304/1738857010331256739-right_camera.jpg,query_281,caption_failed,empty caption from provider,6,inserted_degraded,empty caption from provider
sage/imagesampler-right-2668/sage-imagesampler-right-0.3.5/000048b02d3ae2eb/1740987611753476264-right_camera.jpg,query_280,caption_failed,empty caption from provider,6,inserted_degraded,empty caption from provider
sage/imagesampler-left-1274/sage-imagesampler-left-0.3.5/00004cd98fb56d33/1752948006602600321-sample.jpg,query_278,caption_failed,empty caption from provider,6,inserted_degraded,empty caption from provider
sage/imagesampler-bottom-1731/sage-imagesampler-bottom-0.3.0/000048b02dd3c454/1712012413968445225-sample.jpg,query_280,caption_failed,empty caption from provider,6,inserted_degraded,empty caption from provider
sage/imagesampler-left-15/sage-imagesampler-left-0.3.5/000048b02d3ae320/1744117212385594050-left_camera.jpg,query_280,caption_failed,empty caption from provider,6,inserted_degraded,empty caption from provider
sage/imagesampler-bottom/sage-imagesampler-bottom-0.3.0/000048b02d05a1c7/1694602827435628471-sample.jpg,query_280,caption_failed,empty caption from provider,6,inserted_degraded,empty caption from provider
sage/imagesampler-left-2668/sage-imagesampler-left-0.3.5/000048b02d3ae27c/1764785128714145244-left_camera.jpg,query_280,caption_failed,empty caption from provider,6,inserted_degraded,empty caption from provider
sage/imagesampler-left-2668/sage-imagesampler-left-0.3.5/000048b02d3ae318/1766712310005393815-left_camera.jpg,query_281,caption_failed,empty caption from provider,6,inserted_degraded,empty caption from provider
sage/sage/sage-imagesampler-bottom-0.3.0/000048b02d3ae2f2/1689177617203532982-sample.jpg,query_281,caption_failed,empty caption from provider,6,inserted_degraded,empty caption from provider
sage/imagesampler-bottom/sage-imagesampler-bottom-0.3.0/000048b02d35a9ce/1689177607504813834-sample.jpg,query_280,caption_failed,empty caption from provider,6,inserted_degraded,empty caption from provider
sage/imagesampler-right/sage-imagesampler-right-0.3.0/000048b02d15bdd2/1678291211947859219-sample.jpg,query_282,caption_failed,empty caption from provider,6,inserted_degraded,empty caption from provider
sage/imagesampler-left-1813/sage-imagesampler-left-0.3.5/00002cea7f56acf2/1749327313007701186-left_camera.jpg,query_283,caption_failed,empty caption from provider,6,inserted_degraded,empty caption from provider
sage/imagesampler-left-2668/sage-imagesampler-left-0.3.5/000048b02d3ae318/1765199718813531707-left_camera.jpg,query_282,caption_failed,empty caption from provider,6,inserted_degraded,empty caption from provider
sage/imagesampler-right-2668/sage-imagesampler-right-0.3.5/000048b02d3ae32e/1740405977077887111-right_camera.jpg,query_282,caption_failed,empty caption from provider,6,inserted_degraded,empty caption from provider
sage/imagesampler-left-2668/sage-imagesampler-left-0.3.5/000048b02d3ae2eb/1761499819709134814-left_camera.jpg,query_282,caption_failed,empty caption from provider,6,inserted_degraded,empty caption from provider
sage/imagesampler-left-1738/sage-imagesampler-left-0.3.4/000048b02d15bc6d/1726894807914365060-sample.jpg,query_277,caption_failed,empty caption from provider,6,inserted_degraded,empty caption from provider
sage/imagesampler-left-2668/sage-imagesampler-left-0.3.5/000048b02d3ae32e/1735125607751860598-left_camera.jpg,query_282,caption_failed,empty caption from provider,6,inserted_degraded,empty caption from provider
sage/imagesampler-mobotix-2727/sage-imagesampler-mobotix-0.3.7/000048b02dd3c427/1765200694039260166-sample.jpg,query_280,caption_failed,empty caption from provider,6,inserted_degraded,empty caption from provider
sage/imagesampler-right-2668/sage-imagesampler-right-0.3.5/000048b02d3ae2eb/1740987611753476264-right_camera.jpg,query_282,caption_failed,empty caption from provider,6,inserted_degraded,empty caption from provider
sage/sage/sage-imagesampler-bottom-0.2.5/000048b02d05a1c2/1667682862561820142-sample.jpg,query_283,caption_failed,empty caption from provider,6,inserted_degraded,empty caption from provider
sage/imagesampler-bottom/sage-imagesampler-bottom-0.3.0/000048b02d3ae33d/1676260861570071401-sample.jpg,query_283,caption_failed,empty caption from provider,6,inserted_degraded,empty caption from provider
sage/imagesampler-left-2668/sage-imagesampler-left-0.3.5/000048b02d3ae27c/1742841918414847203-left_camera.jpg,query_282,caption_failed,empty caption from provider,6,inserted_degraded,empty caption from provider
sage/imagesampler-bottom-11/sage-imagesampler-bottom-0.3.5/000048b02d3af447/1734699608700258307-bottom_camera.jpg,query_283,caption_failed,empty caption from provider,6,inserted_degraded,empty caption from provider
sage/imagesampler-bottom/sage-imagesampler-bottom-0.3.0/000048b02d3ae319/1676808015337475852-sample.jpg,query_284,caption_failed,empty caption from provider,6,inserted_degraded,empty caption from provider
sage/imagesampler-right-2668/sage-imagesampler-right-0.3.5/000048b02d3ae328/1740524738740421482-right_camera.jpg,query_283,caption_failed,empty caption from provider,6,inserted_degraded,empty caption from provider
sage/imagesampler-left-2668/sage-imagesampler-left-0.3.5/000048b02d3ae2eb/1742841624717836116-left_camera.jpg,query_284,caption_failed,empty caption from provider,6,inserted_degraded,empty caption from provider
sage/imagesampler-left-2668/sage-imagesampler-left-0.3.5/000048b02d3ae25f/1742435738556506118-left_camera.jpg,query_283,caption_failed,empty caption from provider,6,inserted_degraded,empty caption from provider
sage/imagesampler-bottom/sage-imagesampler-bottom-0.3.0/000048b02d3af41e/1694602817999842443-sample.jpg,query_283,caption_failed,empty caption from provider,6,inserted_degraded,empty caption from provider
sage/imagesampler-left-2668/sage-imagesampler-left-0.3.5/000048b02d3ae328/1744155609248821338-left_camera.jpg,query_285,caption_failed,empty caption from provider,6,inserted_degraded,empty caption from provider
sage/sage/sage-imagesampler-bottom-0.2.5/000048b02d05a1c7/1653976951636951698-sample.jpg,query_284,caption_failed,empty caption from provider,6,inserted_degraded,empty caption from provider
sage/imagesampler-left-2668/sage-imagesampler-left-0.3.5/000048b02d3ae25f/1745148348527843902-left_camera.jpg,query_284,caption_failed,empty caption from provider,6,inserted_degraded,empty caption from provider
sage/imagesampler-left-2668/sage-imagesampler-left-0.3.5/000048b02d3ae221/1740406534780986625-left_camera.jpg,query_284,caption_failed,empty caption from provider,6,inserted_degraded,empty caption from provider
sage/sage/sage-imagesampler-bottom-0.2.5/000048b02d15bc8c/1650579331235344493-sample.jpg,query_284,caption_failed,empty caption from provider,6,inserted_degraded,empty caption from provider
sage/imagesampler-right-2668/sage-imagesampler-right-0.3.5/000048b02d3ae328/1752317106558486100-right_camera.jpg,query_285,caption_failed,empty caption from provider,6,inserted_degraded,empty caption from provider
sage/imagesampler-left-2668/sage-imagesampler-left-0.3.5/000048b02d3b1303/1760742912686252662-left_camera.jpg,query_284,caption_failed,empty caption from provider,6,inserted_degraded,empty caption from provider
sage/imagesampler-left-2668/sage-imagesampler-left-0.3.5/000048b02d3ae2eb/1764783638832220965-left_camera.jpg,query_285,caption_failed,empty caption from provider,6,inserted_degraded,empty caption from provider
sage/sage/sage-imagesampler-bottom-0.2.5/000048b02d05a1c2/1655967935762944512-sample.jpg,query_285,caption_failed,empty caption from provider,6,inserted_degraded,empty caption from provider
sage/imagesampler-bottom-1156/sage-imagesampler-bottom-0.3.0/000048b02d3af437/1714194013408256147-sample.jpg,query_285,caption_failed,empty caption from provider,6,inserted_degraded,empty caption from provider
sage/imagesampler-left-2668/sage-imagesampler-left-0.3.5/000048b02d3ae27c/1758620130793665587-left_camera.jpg,query_282,caption_failed,empty caption from provider,6,inserted_degraded,empty caption from provider
sage/sage/sage-imagesampler-bottom-0.2.5/000048b02d15bc42/1649880071180871345-sample.jpg,query_286,caption_failed,empty caption from provider,6,inserted_degraded,empty caption from provider
sage/imagesampler-bottom-1731/sage-imagesampler-bottom-0.3.0/000048b02dd3c76e/1721797206365488609-sample.jpg,query_286,caption_failed,empty caption from provider,6,inserted_degraded,empty caption from provider
sage/sage/sage-imagesampler-left-0.2.5/000048b02d15bc7c/1650331359023587976-sample.jpg,query_286,caption_failed,empty caption from provider,6,inserted_degraded,empty caption from provider
sage/sage/sage-imagesampler-bottom-0.2.5/000048b02d15bdcd/1644995041720149227-sample.jpg,query_287,caption_failed,empty caption from provider,6,inserted_degraded,empty caption from provider
sage/imagesampler-bottom-9/sage-imagesampler-bottom-0.3.5/000048b02d15bdaa/1734699617491441967-bottom_camera.jpg,query_287,caption_failed,empty caption from provider,6,inserted_degraded,empty caption from provider
sage/imagesampler-left-2668/sage-imagesampler-left-0.3.5/000048b02d3ae25f/1741258517336247862-left_camera.jpg,query_285,caption_failed,empty caption from provider,6,inserted_degraded,empty caption from provider
sage/imagesampler-left-2668/sage-imagesampler-left-0.3.5/000048b02d3b1304/1738857610229218361-left_camera.jpg,query_286,caption_failed,empty caption from provider,6,inserted_degraded,empty caption from provider
sage/imagesampler-bottom-11/sage-imagesampler-bottom-0.3.0/000048b02d3ae319/1709384417220016966-sample.jpg,query_287,caption_failed,empty caption from provider,6,inserted_degraded,empty caption from provider
sage/imagesampler-left-1813/sage-imagesampler-left-0.3.0/00002cea7f56acf2/1716325510785204185-sample.jpg,query_288,caption_failed,empty caption from provider,6,inserted_degraded,empty caption from provider
sage/sage/sage-imagesampler-left-1.22.4.13/000048b02d3ae2f4/1666804239125266187-3840x1080.jpg,query_287,caption_failed,empty caption from provider,6,inserted_degraded,empty caption from provider
sage/imagesampler-right-2668/sage-imagesampler-right-0.3.5/000048b02d3b1304/1737353105565630531-right_camera.jpg,query_288,caption_failed,empty caption from provider,6,inserted_degraded,empty caption from provider
sage/imagesampler-left/sage-imagesampler-left-0.3.0/000048b02d15bdd2/1670432414265606426-sample.jpg,query_285,caption_failed,empty caption from provider,6,inserted_degraded,empty caption from provider
sage/imagesampler-right-2668/sage-imagesampler-right-0.3.5/000048b02d3b1303/1761500724149981660-right_camera.jpg,query_287,caption_failed,empty caption from provider,6,inserted_degraded,empty caption from provider
sage/imagesampler-right-18/sage-imagesampler-right-0.3.5/000048b02d3ae32e/1737352811755627610-right_camera.jpg,query_287,caption_failed,empty caption from provider,6,inserted_degraded,empty caption from provider
sage/imagesampler-left-2668/sage-imagesampler-left-0.3.5/000048b02d3ae328/1737099011619832680-left_camera.jpg,query_287,caption_failed,empty caption from provider,6,inserted_degraded,empty caption from provider
sage/imagesampler-right-2668/sage-imagesampler-right-0.3.5/000048b02d3ae2eb/1738938911996476309-right_camera.jpg,query_287,caption_failed,empty caption from provider,6,inserted_degraded,empty caption from provider
sage/imagesampler-right-2668/sage-imagesampler-right-0.3.5/000048b02d3b1304/1740525641838327894-right_camera.jpg,query_289,caption_failed,empty caption from provider,6,inserted_degraded,empty caption from provider
sage/sage/sage-imagesampler-bottom-0.2.5/000048b02d15bc77/1655713354637785533-sample.jpg,query_288,caption_failed,empty caption from provider,6,inserted_degraded,empty caption from provider
sage/imagesampler-left-2668/sage-imagesampler-left-0.3.5/000048b02d3b1303/1739844316985481236-left_camera.jpg,query_288,caption_failed,empty caption from provider,6,inserted_degraded,empty caption from provider
sage/sage/sage-imagesampler-left-0.3.0/000048b02d3ae320/1691802014239593824-sample.jpg,query_289,caption_failed,empty caption from provider,6,inserted_degraded,empty caption from provider
sage/imagesampler-right-2668/sage-imagesampler-right-0.3.5/000048b02d3ae2eb/1738939511886881430-right_camera.jpg,query_288,caption_failed,empty caption from provider,6,inserted_degraded,empty caption from provider
sage/imagesampler-right-2668/sage-imagesampler-right-0.3.5/000048b02d3ae2eb/1735192808753880536-right_camera.jpg,query_289,caption_failed,empty caption from provider,6,inserted_degraded,empty caption from provider
sage/imagesampler-left-2668/sage-imagesampler-left-0.3.5/000048b02d3ae328/1740525609038905430-left_camera.jpg,query_289,caption_failed,empty caption from provider,6,inserted_degraded,empty caption from provider
sage/imagesampler-bottom-1731/sage-imagesampler-bottom-0.3.5/000048b02dd3c76e/1742436012422896013-bottom_camera.jpg,query_289,caption_failed,empty caption from provider,6,inserted_degraded,empty caption from provider
sage/imagesampler-mobotix-1813/sage-imagesampler-mobotix-0.3.7/00002cea7f56acf2/1757294411261575116-sample.jpg,query_284,caption_failed,empty caption from provider,6,inserted_degraded,empty caption from provider
sage/sage/sage-imagesampler-right-0.2.5/000048b02d15bc3d/1648503464676703237-sample.jpg,query_287,caption_failed,empty caption from provider,6,inserted_degraded,empty caption from provider
sage/sage/sage-imagesampler-left-0.3.0/000048b02d3ae320/1678305609167009355-sample.jpg,query_288,caption_failed,empty caption from provider,6,inserted_degraded,empty caption from provider
sage/imagesampler-bottom-1156/sage-imagesampler-bottom-0.3.0/000048b02d3ae260/1708002008981869169-sample.jpg,query_289,caption_failed,empty caption from provider,6,inserted_degraded,empty caption from provider
sage/sage/sage-imagesampler-bottom-0.3.0/000048b02d3ae2f2/1692216015136284635-sample.jpg,query_288,caption_failed,empty caption from provider,6,inserted_degraded,empty caption from provider
sage/sage/sage-imagesampler-bottom-0.2.5/000048b02d15bda5/1676547885346449474-sample.jpg,query_290,caption_failed,empty caption from provider,6,inserted_degraded,empty caption from provider
sage/imagesampler-right-2668/sage-imagesampler-right-0.3.5/000048b02d3ae32e/1740986134471525222-right_camera.jpg,query_290,caption_failed,empty caption from provider,6,inserted_degraded,empty caption from provider
sage/sage/sage-imagesampler-bottom-0.2.5/000048b02d3ae30a/1650579966169792325-sample.jpg,query_289,caption_failed,empty caption from provider,6,inserted_degraded,empty caption from provider
sage/imagesampler-left-2668/sage-imagesampler-left-0.3.5/000048b02d3ae2f1/1740406822349222253-left_camera.jpg,query_290,caption_failed,empty caption from provider,6,inserted_degraded,empty caption from provider
sage/imagesampler-left-2668/sage-imagesampler-left-0.3.5/000048b02d3ae221/1740406534780986625-left_camera.jpg,query_290,caption_failed,empty caption from provider,6,inserted_degraded,empty caption from provider
sage/imagesampler-left-2668/sage-imagesampler-left-0.3.5/000048b02d3ae27c/1767552021208589574-left_camera.jpg,query_290,caption_failed,empty caption from provider,6,inserted_degraded,empty caption from provider
sage/sage/sage-imagesampler-bottom-0.2.5/000048b02d15bd2f/1654551430771161452-sample.jpg,query_290,caption_failed,empty caption from provider,6,inserted_degraded,empty caption from provider
sage/imagesampler-right-2668/sage-imagesampler-right-0.3.5/000048b02d3ae2eb/1767551429237060232-right_camera.jpg,query_289,caption_failed,empty caption from provider,6,inserted_degraded,empty caption from provider
sage/imagesampler-left-2668/sage-imagesampler-left-0.3.5/000048b02d3b1303/1769014219777004074-left_camera.jpg,query_290,caption_failed,empty caption from provider,6,inserted_degraded,empty caption from provider
sage/imagesampler-left-2668/sage-imagesampler-left-0.3.5/000048b02d3ae318/1759736711145613368-left_camera.jpg,query_291,caption_failed,empty caption from provider,6,inserted_degraded,empty caption from provider
sage/imagesampler-bottom-1156/sage-imagesampler-bottom-0.3.0/000048b02d35a9b5/1709384413866762062-sample.jpg,query_291,caption_failed,empty caption from provider,6,inserted_degraded,empty caption from provider
sage/sage/sage-imagesampler-bottom-0.2.5/000048b02d05a1c2/1674097205359760378-sample.jpg,query_291,caption_failed,empty caption from provider,6,inserted_degraded,empty caption from provider
sage/sage/sage-imagesampler-bottom-0.2.5/000048b02d15c31f/1653977543342257063-sample.jpg,query_291,caption_failed,empty caption from provider,6,inserted_degraded,empty caption from provider
sage/imagesampler-left-2668/sage-imagesampler-left-0.3.5/000048b02d3b1304/1738938909941299304-left_camera.jpg,query_291,caption_failed,empty caption from provider,6,inserted_degraded,empty caption from provider
sage/imagesampler-left-2668/sage-imagesampler-left-0.3.5/000048b02d3b1304/1744756237718688652-left_camera.jpg,query_290,caption_failed,empty caption from provider,6,inserted_degraded,empty caption from provider
sage/imagesampler-left-2668/sage-imagesampler-left-0.3.5/000048b02d3ae32e/1735126507280228663-left_camera.jpg,query_291,caption_failed,empty caption from provider,6,inserted_degraded,empty caption from provider
sage/imagesampler-mobotix-2858/sage-imagesampler-mobotix-0.3.7/000048b02d15bc6d/1749636005632312911-sample.jpg,query_286,caption_failed,empty caption from provider,6,inserted_degraded,empty caption from provider
sage/imagesampler-left-2668/sage-imagesampler-left-0.3.5/000048b02d3b1303/1769015120866417261-left_camera.jpg,query_291,caption_failed,empty caption from provider,6,inserted_degraded,empty caption from provider
sage/imagesampler-left-2668/sage-imagesampler-left-0.3.5/000048b02d3ae328/1734699607703905113-left_camera.jpg,query_292,caption_failed,empty caption from provider,6,inserted_degraded,empty caption from provider
sage/imagesampler-bottom-2681/sage-imagesampler-bottom-0.3.7/000048b02d3ae30a/1738939808910384743-sample.jpg,query_292,caption_failed,empty caption from provider,6,inserted_degraded,empty caption from provider
sage/imagesampler-mobotix-2816/sage-imagesampler-mobotix-0.3.7/000048b02d3ae31e/1742436010000661932-sample.jpg,query_290,caption_failed,empty caption from provider,6,inserted_degraded,empty caption from provider
sage/sage/sage-imagesampler-right-0.2.5/000048b02d15bdc2/1678291894284467762-sample.jpg,query_291,caption_failed,empty caption from provider,6,inserted_degraded,empty caption from provider
coco/data/000000015236.jpg,query_282,hard_fail,process_item returned None,6,abandoned,process_item returned None
sage/sage/sage-imagesampler-bottom-0.2.5/000048b02d15c31f/1670340943056249947-sample.jpg,query_292,caption_failed,empty caption from provider,6,inserted_degraded,empty caption from provider
sage/sage/sage-imagesampler-bottom-0.2.5/000048b02d05a1c7/1655968556079972517-sample.jpg,query_292,caption_failed,empty caption from provider,6,inserted_degraded,empty caption from provider
sage/sage/sage-imagesampler-left-1.22.4.13/000048b02d3ae2f4/1676547547915603908-3840x1080.jpg,query_292,caption_failed,empty caption from provider,6,inserted_degraded,empty caption from provider
sage/imagesampler-right-2668/sage-imagesampler-right-0.3.5/000048b02d3ae318/1751296543626211105-right_camera.jpg,query_292,caption_failed,empty caption from provider,6,inserted_degraded,empty caption from provider
sage/imagesampler-bottom/sage-imagesampler-bottom-0.3.0/000048b02d35a9b5/1697302809590689031-sample.jpg,query_292,caption_failed,empty caption from provider,6,inserted_degraded,empty caption from provider
sage/imagesampler-bottom/sage-imagesampler-bottom-0.3.0/000048b02d3b1313/1670432408913512611-sample.jpg,query_293,caption_failed,empty caption from provider,6,inserted_degraded,empty caption from provider
sage/sage/sage-imagesampler-bottom-0.3.0/000048b02d3ae2d8/1689177657771107064-sample.jpg,query_293,caption_failed,empty caption from provider,6,inserted_degraded,empty caption from provider
sage/imagesampler-bottom-2933/sage-imagesampler-bottom-0.3.7/000048b02d15bc4c/1755795607119659109-sample.jpg,query_293,caption_failed,empty caption from provider,6,inserted_degraded,empty caption from provider
sage/imagesampler-bottom-446/sage-imagesampler-bottom-0.3.0/000048b02d35a9b2/1715749208338207424-sample.jpg,query_292,caption_failed,empty caption from provider,6,inserted_degraded,empty caption from provider
sage/sage/sage-imagesampler-left-0.2.5/000048b02d05a0a4/1676261548193969113-sample.jpg,query_293,caption_failed,empty caption from provider,6,inserted_degraded,empty caption from provider
sage/imagesampler-left-2668/sage-imagesampler-left-0.3.5/000048b02d3ae25f/1759839780866303636-left_camera.jpg,query_293,caption_failed,empty caption from provider,6,inserted_degraded,empty caption from provider
sage/imagesampler-right-2668/sage-imagesampler-right-0.3.5/000048b02d3ae2f1/1744117816865659676-right_camera.jpg,query_295,caption_failed,empty caption from provider,6,inserted_degraded,empty caption from provider
sage/imagesampler-left-2668/sage-imagesampler-left-0.3.5/000048b02d3ae2eb/1761499223275516791-left_camera.jpg,query_294,caption_failed,empty caption from provider,6,inserted_degraded,empty caption from provider
sage/imagesampler-mobotix-1813/sage-imagesampler-mobotix-0.3.7/00002cea7f56acf2/1760742310430738204-sample.jpg,query_291,caption_failed,empty caption from provider,6,inserted_degraded,empty caption from provider
sage/imagesampler-left-2668/sage-imagesampler-left-0.3.5/000048b02d3ae32e/1740987329857186868-left_camera.jpg,query_295,caption_failed,empty caption from provider,6,inserted_degraded,empty caption from provider
sage/imagesampler-bottom/sage-imagesampler-bottom-0.3.0/000048b02d3ae2d8/1670954414281110650-sample.jpg,query_294,caption_failed,empty caption from provider,6,inserted_degraded,empty caption from provider
sage/imagesampler-bottom-11/sage-imagesampler-bottom-0.3.0/000048b02d05a1c7/1702659659511605800-sample.jpg,query_294,caption_failed,empty caption from provider,6,inserted_degraded,empty caption from provider
sage/imagesampler-bottom/sage-imagesampler-bottom-0.3.0/000048b02d3af41e/1670432409509508640-sample.jpg,query_294,caption_failed,empty caption from provider,6,inserted_degraded,empty caption from provider
sage/imagesampler-bottom/sage-imagesampler-bottom-0.3.0/000048b02d3ae31e/1678291207315365397-sample.jpg,query_295,caption_failed,empty caption from provider,6,inserted_degraded,empty caption from provider
sage/imagesampler-right-2668/sage-imagesampler-right-0.3.5/000048b02d3ae2eb/1738938911996476309-right_camera.jpg,query_295,caption_failed,empty caption from provider,6,inserted_degraded,empty caption from provider
sage/sage/sage-imagesampler-left-0.2.5/000048b02d15bdc2/1677227207856607190-sample.jpg,query_296,caption_failed,empty caption from provider,6,inserted_degraded,empty caption from provider
sage/imagesampler-bottom/sage-imagesampler-bottom-0.3.0/000048b02d3af45d/1697302810228251039-sample.jpg,query_295,caption_failed,empty caption from provider,6,inserted_degraded,empty caption from provider
sage/imagesampler-bottom-11/sage-imagesampler-bottom-0.3.0/000048b02d3af41e/1716325213700457496-sample.jpg,query_295,caption_failed,empty caption from provider,6,inserted_degraded,empty caption from provider
sage/sage/sage-imagesampler-left-0.2.5/000048b02d05a0a4/1688680228525275795-sample.jpg,query_295,caption_failed,empty caption from provider,6,inserted_degraded,empty caption from provider
sage/imagesampler-right-2668/sage-imagesampler-right-0.3.5/000048b02d3b1304/1737353105565630531-right_camera.jpg,query_295,caption_failed,empty caption from provider,6,inserted_degraded,empty caption from provider
sage/sage/sage-imagesampler-left-0.2.5/000048b02d15bc3d/1712013407051993231-sample.jpg,query_295,caption_failed,empty caption from provider,6,inserted_degraded,empty caption from provider
sage/imagesampler-right-2668/sage-imagesampler-right-0.3.5/000048b02d3ae27c/1742840723469550404-right_camera.jpg,query_295,caption_failed,empty caption from provider,6,inserted_degraded,empty caption from provider
sage/sage/sage-imagesampler-bottom-0.2.5/000048b02d15c31f/1686653357115108180-sample.jpg,query_296,caption_failed,empty caption from provider,6,inserted_degraded,empty caption from provider
sage/imagesampler-left-2668/sage-imagesampler-left-0.3.5/000048b02d3ae25f/1761500719136718864-left_camera.jpg,query_293,caption_failed,empty caption from provider,6,inserted_degraded,empty caption from provider
sage/imagesampler-bottom-1739/sage-imagesampler-bottom-0.3.5/000048b02d3ae27a/1744117214194137287-bottom_camera.jpg,query_296,caption_failed,empty caption from provider,6,inserted_degraded,empty caption from provider
sage/imagesampler-left-2668/sage-imagesampler-left-0.3.5/000048b02d3b12e3/1737098108383933157-left_camera.jpg,query_296,caption_failed,empty caption from provider,6,inserted_degraded,empty caption from provider
sage/imagesampler-left-2668/sage-imagesampler-left-0.3.5/000048b02d3ae318/1759737012799276934-left_camera.jpg,query_297,caption_failed,empty caption from provider,6,inserted_degraded,empty caption from provider
sage/imagesampler-bottom-11/sage-imagesampler-bottom-0.3.0/000048b02d15bc65/1721797212867558746-sample.jpg,query_296,caption_failed,empty caption from provider,6,inserted_degraded,empty caption from provider
sage/imagesampler-right-2668/sage-imagesampler-right-0.3.5/000048b02d3ae328/1737099011721280754-right_camera.jpg,query_297,caption_failed,empty caption from provider,6,inserted_degraded,empty caption from provider
sage/imagesampler-left-2668/sage-imagesampler-left-0.3.5/000048b02d3ae318/1747306508637250504-left_camera.jpg,query_297,caption_failed,empty caption from provider,6,inserted_degraded,empty caption from provider
sage/imagesampler-left-2668/sage-imagesampler-left-0.3.5/000048b02d3ae2f1/1740525642698959414-left_camera.jpg,query_297,caption_failed,empty caption from provider,6,inserted_degraded,empty caption from provider
sage/imagesampler-right-2668/sage-imagesampler-right-0.3.5/000048b02d3ae318/1763744119543816832-right_camera.jpg,query_297,caption_failed,empty caption from provider,6,inserted_degraded,empty caption from provider
sage/imagesampler-bottom-446/sage-imagesampler-bottom-0.3.0/000048b02d35a9b2/1715748308960052840-sample.jpg,query_296,caption_failed,empty caption from provider,6,inserted_degraded,empty caption from provider
sage/imagesampler-right/sage-imagesampler-right-0.3.0/000048b02d3b1307/1674097211343231125-sample.jpg,query_297,caption_failed,empty caption from provider,6,inserted_degraded,empty caption from provider
sage/imagesampler-bottom/sage-imagesampler-bottom-0.3.0/000048b02d3ae31e/1678305606211770832-sample.jpg,query_296,caption_failed,empty caption from provider,6,inserted_degraded,empty caption from provider
sage/sage/sage-imagesampler-bottom-0.2.5/000048b02d15bc77/1655713354637785533-sample.jpg,query_298,caption_failed,empty caption from provider,6,inserted_degraded,empty caption from provider
sage/sage/sage-imagesampler-left-1.22.4.13/000048b02d3ae2f4/1667683875970506426-3840x1080.jpg,query_298,caption_failed,empty caption from provider,6,inserted_degraded,empty caption from provider
sage/imagesampler-mobotix-2727/sage-imagesampler-mobotix-0.3.7/000048b02dd3c427/1766711083150166501-sample.jpg,query_296,caption_failed,empty caption from provider,6,inserted_degraded,empty caption from provider
sage/imagesampler-bottom-1731/sage-imagesampler-bottom-0.3.5/000048b02dd3c76e/1752948008829979477-bottom_camera.jpg,query_292,caption_failed,empty caption from provider,6,inserted_degraded,empty caption from provider
sage/imagesampler-bottom-11/sage-imagesampler-bottom-0.3.5/000048b02d15bc65/1738857614669784695-bottom_camera.jpg,query_298,caption_failed,empty caption from provider,6,inserted_degraded,empty caption from provider
sage/imagesampler-left-2668/sage-imagesampler-left-0.3.5/000048b02d3ae328/1740525609038905430-left_camera.jpg,query_298,caption_failed,empty caption from provider,6,inserted_degraded,empty caption from provider
sage/imagesampler-bottom-1731/sage-imagesampler-bottom-0.3.0/000048b02dd3c454/1712012413968445225-sample.jpg,query_298,caption_failed,empty caption from provider,6,inserted_degraded,empty caption from provider
sage/imagesampler-left-1813/sage-imagesampler-left-0.3.5/00002cea7f56acf2/1749327313007701186-left_camera.jpg,query_299,caption_failed,empty caption from provider,6,inserted_degraded,empty caption from provider
sage/imagesampler-bottom-2697/sage-imagesampler-bottom-0.3.7/000048b02d3ae31e/1749326409818202681-sample.jpg,query_297,caption_failed,empty caption from provider,6,inserted_degraded,empty caption from provider
sage/imagesampler-bottom-11/sage-imagesampler-bottom-0.3.0/000048b02d3af41e/1715248812555150958-sample.jpg,query_297,caption_failed,empty caption from provider,6,inserted_degraded,empty caption from provider
sage/imagesampler-left-2668/sage-imagesampler-left-0.3.5/000048b02d3ae328/1749636011009648354-left_camera.jpg,query_298,caption_failed,empty caption from provider,6,inserted_degraded,empty caption from provider
sage/sage/sage-imagesampler-bottom-0.2.5/000048b02d15c31f/1689177368841562876-sample.jpg,query_299,caption_failed,empty caption from provider,6,inserted_degraded,empty caption from provider
sage/imagesampler-right-2668/sage-imagesampler-right-0.3.5/000048b02d3ae221/1752316221999299604-right_camera.jpg,query_299,caption_failed,empty caption from provider,6,inserted_degraded,empty caption from provider
sage/imagesampler-right-18/sage-imagesampler-right-0.3.5/000048b02d3b1307/1735192812036654286-right_camera.jpg,query_298,caption_failed,empty caption from provider,6,inserted_degraded,empty caption from provider
sage/sage/sage-imagesampler-bottom-0.2.5/000048b02d15c31f/1669894359431233623-sample.jpg,query_299,caption_failed,empty caption from provider,6,inserted_degraded,empty caption from provider
sage/imagesampler-bottom/sage-imagesampler-bottom-0.3.0/000048b02d3ae2f8/1697302814158974609-sample.jpg,query_298,caption_failed,empty caption from provider,6,inserted_degraded,empty caption from provider
sage/imagesampler-left-2668/sage-imagesampler-left-0.3.5/000048b02d3b12e3/1752948011845517146-left_camera.jpg,query_299,caption_failed,empty caption from provider,6,inserted_degraded,empty caption from provider
sage/imagesampler-left-2668/sage-imagesampler-left-0.3.5/000048b02d3ae2f1/1740407709182701651-left_camera.jpg,query_299,caption_failed,empty caption from provider,6,inserted_degraded,empty caption from provider
sage/imagesampler-bottom-10/sage-imagesampler-bottom-0.3.5/000048b02d15bc87/1763744412445810893-bottom_camera.jpg,query_298,caption_failed,empty caption from provider,6,inserted_degraded,empty caption from provider
sage/imagesampler-left-2668/sage-imagesampler-left-0.3.5/000048b02d3b12e3/1737729607904821244-left_camera.jpg,query_299,caption_failed,empty caption from provider,6,inserted_degraded,empty caption from provider
sage/imagesampler-bottom/sage-imagesampler-bottom-0.3.0/000048b02d3ae300/1684520194964857610-sample.jpg,query_300,caption_failed,empty caption from provider,6,inserted_degraded,empty caption from provider
sage/imagesampler-left/sage-imagesampler-left-0.3.0/000048b02d15bdc2/1676808009809408028-sample.jpg,query_300,caption_failed,empty caption from provider,6,inserted_degraded,empty caption from provider
sage/sage/sage-imagesampler-right-0.2.5/000048b02d15bc3d/1648503464676703237-sample.jpg,query_298,caption_failed,empty caption from provider,6,inserted_degraded,empty caption from provider
sage/imagesampler-right-18/sage-imagesampler-right-0.3.0/000048b02d3ae32e/1726819214769968849-sample.jpg,query_300,caption_failed,empty caption from provider,6,inserted_degraded,empty caption from provider
sage/imagesampler-right-2668/sage-imagesampler-right-0.3.5/000048b02d3ae27c/1769014555509974681-right_camera.jpg,query_300,caption_failed,empty caption from provider,6,inserted_degraded,empty caption from provider
sage/imagesampler-left-2668/sage-imagesampler-left-0.3.5/000048b02d3ae328/1737353410902326455-left_camera.jpg,query_300,caption_failed,empty caption from provider,6,inserted_degraded,empty caption from provider
sage/imagesampler-bottom/sage-imagesampler-bottom-0.3.0/000048b02d3ae336/1688679314958562690-sample.jpg,query_300,caption_failed,empty caption from provider,6,inserted_degraded,empty caption from provider
sage/imagesampler-right-2668/sage-imagesampler-right-0.3.5/000048b02d3ae32e/1740406525205494238-right_camera.jpg,query_300,caption_failed,empty caption from provider,6,inserted_degraded,empty caption from provider
sage/sage/sage-imagesampler-right-0.2.5/000048b02d15bdc2/1670433163168478262-sample.jpg,query_300,caption_failed,empty caption from provider,6,inserted_degraded,empty caption from provider
sage/imagesampler-left-2316/sage-imagesampler-left-0.3.4/000048b02d3ae337/1726819231685024863-sample.jpg,query_299,caption_failed,empty caption from provider,6,inserted_degraded,empty caption from provider
coco/data/000000003293.jpg,query_289,hard_fail,process_item returned None,6,abandoned,process_item returned None
coco/data/000000003293.jpg,query_289,hard_fail,process_item returned None,6,abandoned,process_item returned None
